Copyright 1986-2022 Xilinx, Inc. All Rights Reserved.
--------------------------------------------------------------------------------------------------------------------------------------------------------------------------------------
| Tool Version : Vivado v.2022.2 (win64) Build 3671981 Fri Oct 14 05:00:03 MDT 2022
| Date         : Wed Nov 26 00:12:56 2025
| Host         : Aniketh_x86-64 running 64-bit major release  (build 9200)
| Command      : report_methodology -file ddr_renderer_top_methodology_drc_routed.rpt -pb ddr_renderer_top_methodology_drc_routed.pb -rpx ddr_renderer_top_methodology_drc_routed.rpx
| Design       : ddr_renderer_top
| Device       : xc7s50csga324-1
| Speed File   : -1
| Design State : Fully Routed
--------------------------------------------------------------------------------------------------------------------------------------------------------------------------------------

Report Methodology

Table of Contents
-----------------
1. REPORT SUMMARY
2. REPORT DETAILS

1. REPORT SUMMARY
-----------------
            Netlist: netlist
          Floorplan: design_1
      Design limits: <entire design considered>
             Max violations: <unlimited>
             Violations found: 245
+-----------+------------------+----------------------------------------------------+------------+
| Rule      | Severity         | Description                                        | Violations |
+-----------+------------------+----------------------------------------------------+------------+
| TIMING-2  | Critical Warning | Invalid primary clock source pin                   | 1          |
| TIMING-4  | Critical Warning | Invalid primary clock redefinition on a clock tree | 2          |
| TIMING-6  | Critical Warning | No common primary clock between related clocks     | 2          |
| TIMING-7  | Critical Warning | No common node between related clocks              | 2          |
| TIMING-17 | Critical Warning | Non-clocked sequential cell                        | 32         |
| TIMING-27 | Critical Warning | Invalid primary clock on hierarchical pin          | 1          |
| LUTAR-1   | Warning          | LUT drives async reset alert                       | 1          |
| SYNTH-10  | Warning          | Wide multiplier                                    | 21         |
| TIMING-16 | Warning          | Large setup violation                              | 183        |
+-----------+------------------+----------------------------------------------------+------------+

2. REPORT DETAILS
-----------------
TIMING-2#1 Critical Warning
Invalid primary clock source pin  
A primary clock clk_wiz/inst/clk_in1 is created on an inappropriate pin clk_wiz/inst/clk_in1. It is recommended to create a primary clock only on a proper clock source (input port or primitive output pin with no timing arc)
Related violations: <none>

TIMING-4#1 Critical Warning
Invalid primary clock redefinition on a clock tree  
Invalid clock redefinition on a clock tree. The primary clock clk_wiz/inst/clk_in1 is defined downstream of clock DDR3_CLK100 and overrides its insertion delay and/or waveform definition
Related violations: <none>

TIMING-4#2 Critical Warning
Invalid primary clock redefinition on a clock tree  
Invalid clock redefinition on a clock tree. The primary clock ddr3_arbiter_inst/clkgen_ddr3ctrl_instance/inst/clk_in1 is defined downstream of clock DDR3_CLK100 and overrides its insertion delay and/or waveform definition
Related violations: <none>

TIMING-6#1 Critical Warning
No common primary clock between related clocks  
The clocks clk_out1_clk_wiz_0 and clk_out4_div_clk_wiz_1 are related (timed together) but they have no common primary clock. The design could fail in hardware. To find a timing path between these clocks, run the following command: report_timing -from [get_clocks clk_out1_clk_wiz_0] -to [get_clocks clk_out4_div_clk_wiz_1]
Related violations: <none>

TIMING-6#2 Critical Warning
No common primary clock between related clocks  
The clocks clk_out4_div_clk_wiz_1 and clk_out1_clk_wiz_0 are related (timed together) but they have no common primary clock. The design could fail in hardware. To find a timing path between these clocks, run the following command: report_timing -from [get_clocks clk_out4_div_clk_wiz_1] -to [get_clocks clk_out1_clk_wiz_0]
Related violations: <none>

TIMING-7#1 Critical Warning
No common node between related clocks  
The clocks clk_out1_clk_wiz_0 and clk_out4_div_clk_wiz_1 are related (timed together) but they have no common node. The design could fail in hardware. To find a timing path between these clocks, run the following command: report_timing -from [get_clocks clk_out1_clk_wiz_0] -to [get_clocks clk_out4_div_clk_wiz_1]
Related violations: <none>

TIMING-7#2 Critical Warning
No common node between related clocks  
The clocks clk_out4_div_clk_wiz_1 and clk_out1_clk_wiz_0 are related (timed together) but they have no common node. The design could fail in hardware. To find a timing path between these clocks, run the following command: report_timing -from [get_clocks clk_out4_div_clk_wiz_1] -to [get_clocks clk_out1_clk_wiz_0]
Related violations: <none>

TIMING-17#1 Critical Warning
Non-clocked sequential cell  
The clock pin ddr3_arbiter_inst/phy_instance/genblk11[0].iserdes_dq_inst/CLK is not reached by a timing clock
Related violations: <none>

TIMING-17#2 Critical Warning
Non-clocked sequential cell  
The clock pin ddr3_arbiter_inst/phy_instance/genblk11[0].iserdes_dq_inst/CLKB is not reached by a timing clock
Related violations: <none>

TIMING-17#3 Critical Warning
Non-clocked sequential cell  
The clock pin ddr3_arbiter_inst/phy_instance/genblk11[10].iserdes_dq_inst/CLK is not reached by a timing clock
Related violations: <none>

TIMING-17#4 Critical Warning
Non-clocked sequential cell  
The clock pin ddr3_arbiter_inst/phy_instance/genblk11[10].iserdes_dq_inst/CLKB is not reached by a timing clock
Related violations: <none>

TIMING-17#5 Critical Warning
Non-clocked sequential cell  
The clock pin ddr3_arbiter_inst/phy_instance/genblk11[11].iserdes_dq_inst/CLK is not reached by a timing clock
Related violations: <none>

TIMING-17#6 Critical Warning
Non-clocked sequential cell  
The clock pin ddr3_arbiter_inst/phy_instance/genblk11[11].iserdes_dq_inst/CLKB is not reached by a timing clock
Related violations: <none>

TIMING-17#7 Critical Warning
Non-clocked sequential cell  
The clock pin ddr3_arbiter_inst/phy_instance/genblk11[12].iserdes_dq_inst/CLK is not reached by a timing clock
Related violations: <none>

TIMING-17#8 Critical Warning
Non-clocked sequential cell  
The clock pin ddr3_arbiter_inst/phy_instance/genblk11[12].iserdes_dq_inst/CLKB is not reached by a timing clock
Related violations: <none>

TIMING-17#9 Critical Warning
Non-clocked sequential cell  
The clock pin ddr3_arbiter_inst/phy_instance/genblk11[13].iserdes_dq_inst/CLK is not reached by a timing clock
Related violations: <none>

TIMING-17#10 Critical Warning
Non-clocked sequential cell  
The clock pin ddr3_arbiter_inst/phy_instance/genblk11[13].iserdes_dq_inst/CLKB is not reached by a timing clock
Related violations: <none>

TIMING-17#11 Critical Warning
Non-clocked sequential cell  
The clock pin ddr3_arbiter_inst/phy_instance/genblk11[14].iserdes_dq_inst/CLK is not reached by a timing clock
Related violations: <none>

TIMING-17#12 Critical Warning
Non-clocked sequential cell  
The clock pin ddr3_arbiter_inst/phy_instance/genblk11[14].iserdes_dq_inst/CLKB is not reached by a timing clock
Related violations: <none>

TIMING-17#13 Critical Warning
Non-clocked sequential cell  
The clock pin ddr3_arbiter_inst/phy_instance/genblk11[15].iserdes_dq_inst/CLK is not reached by a timing clock
Related violations: <none>

TIMING-17#14 Critical Warning
Non-clocked sequential cell  
The clock pin ddr3_arbiter_inst/phy_instance/genblk11[15].iserdes_dq_inst/CLKB is not reached by a timing clock
Related violations: <none>

TIMING-17#15 Critical Warning
Non-clocked sequential cell  
The clock pin ddr3_arbiter_inst/phy_instance/genblk11[1].iserdes_dq_inst/CLK is not reached by a timing clock
Related violations: <none>

TIMING-17#16 Critical Warning
Non-clocked sequential cell  
The clock pin ddr3_arbiter_inst/phy_instance/genblk11[1].iserdes_dq_inst/CLKB is not reached by a timing clock
Related violations: <none>

TIMING-17#17 Critical Warning
Non-clocked sequential cell  
The clock pin ddr3_arbiter_inst/phy_instance/genblk11[2].iserdes_dq_inst/CLK is not reached by a timing clock
Related violations: <none>

TIMING-17#18 Critical Warning
Non-clocked sequential cell  
The clock pin ddr3_arbiter_inst/phy_instance/genblk11[2].iserdes_dq_inst/CLKB is not reached by a timing clock
Related violations: <none>

TIMING-17#19 Critical Warning
Non-clocked sequential cell  
The clock pin ddr3_arbiter_inst/phy_instance/genblk11[3].iserdes_dq_inst/CLK is not reached by a timing clock
Related violations: <none>

TIMING-17#20 Critical Warning
Non-clocked sequential cell  
The clock pin ddr3_arbiter_inst/phy_instance/genblk11[3].iserdes_dq_inst/CLKB is not reached by a timing clock
Related violations: <none>

TIMING-17#21 Critical Warning
Non-clocked sequential cell  
The clock pin ddr3_arbiter_inst/phy_instance/genblk11[4].iserdes_dq_inst/CLK is not reached by a timing clock
Related violations: <none>

TIMING-17#22 Critical Warning
Non-clocked sequential cell  
The clock pin ddr3_arbiter_inst/phy_instance/genblk11[4].iserdes_dq_inst/CLKB is not reached by a timing clock
Related violations: <none>

TIMING-17#23 Critical Warning
Non-clocked sequential cell  
The clock pin ddr3_arbiter_inst/phy_instance/genblk11[5].iserdes_dq_inst/CLK is not reached by a timing clock
Related violations: <none>

TIMING-17#24 Critical Warning
Non-clocked sequential cell  
The clock pin ddr3_arbiter_inst/phy_instance/genblk11[5].iserdes_dq_inst/CLKB is not reached by a timing clock
Related violations: <none>

TIMING-17#25 Critical Warning
Non-clocked sequential cell  
The clock pin ddr3_arbiter_inst/phy_instance/genblk11[6].iserdes_dq_inst/CLK is not reached by a timing clock
Related violations: <none>

TIMING-17#26 Critical Warning
Non-clocked sequential cell  
The clock pin ddr3_arbiter_inst/phy_instance/genblk11[6].iserdes_dq_inst/CLKB is not reached by a timing clock
Related violations: <none>

TIMING-17#27 Critical Warning
Non-clocked sequential cell  
The clock pin ddr3_arbiter_inst/phy_instance/genblk11[7].iserdes_dq_inst/CLK is not reached by a timing clock
Related violations: <none>

TIMING-17#28 Critical Warning
Non-clocked sequential cell  
The clock pin ddr3_arbiter_inst/phy_instance/genblk11[7].iserdes_dq_inst/CLKB is not reached by a timing clock
Related violations: <none>

TIMING-17#29 Critical Warning
Non-clocked sequential cell  
The clock pin ddr3_arbiter_inst/phy_instance/genblk11[8].iserdes_dq_inst/CLK is not reached by a timing clock
Related violations: <none>

TIMING-17#30 Critical Warning
Non-clocked sequential cell  
The clock pin ddr3_arbiter_inst/phy_instance/genblk11[8].iserdes_dq_inst/CLKB is not reached by a timing clock
Related violations: <none>

TIMING-17#31 Critical Warning
Non-clocked sequential cell  
The clock pin ddr3_arbiter_inst/phy_instance/genblk11[9].iserdes_dq_inst/CLK is not reached by a timing clock
Related violations: <none>

TIMING-17#32 Critical Warning
Non-clocked sequential cell  
The clock pin ddr3_arbiter_inst/phy_instance/genblk11[9].iserdes_dq_inst/CLKB is not reached by a timing clock
Related violations: <none>

TIMING-27#1 Critical Warning
Invalid primary clock on hierarchical pin  
A primary clock ddr3_arbiter_inst/clkgen_ddr3ctrl_instance/inst/clk_in1 is created on an inappropriate internal pin ddr3_arbiter_inst/clkgen_ddr3ctrl_instance/inst/clk_in1. It is not recommended to create a primary clock on a hierarchical pin when its driver pin has a fanout connected to multiple clock pins
Related violations: <none>

LUTAR-1#1 Warning
LUT drives async reset alert  
LUT cell vga_to_hdmi/inst/encr/oserdes_m_i_1, with 2 or more inputs, drives asynchronous preset/clear pin(s) vga_to_hdmi/inst/encg/dout_reg[9]/CLR,
vga_to_hdmi/inst/encr/cnt_reg[1]/CLR, vga_to_hdmi/inst/encr/cnt_reg[2]/CLR,
vga_to_hdmi/inst/encr/cnt_reg[3]/CLR, vga_to_hdmi/inst/encr/cnt_reg[4]/CLR,
vga_to_hdmi/inst/encr/dout_reg[0]/CLR,
vga_to_hdmi/inst/encr/dout_reg[1]/CLR,
vga_to_hdmi/inst/encr/dout_reg[2]/CLR,
vga_to_hdmi/inst/encr/dout_reg[3]/CLR,
vga_to_hdmi/inst/encr/dout_reg[4]/CLR,
vga_to_hdmi/inst/encr/dout_reg[5]/CLR,
vga_to_hdmi/inst/encr/dout_reg[6]/CLR,
vga_to_hdmi/inst/encr/dout_reg[7]/CLR,
vga_to_hdmi/inst/encr/dout_reg[8]/CLR,
vga_to_hdmi/inst/encr/dout_reg[9]/CLR (the first 15 of 42 listed). The LUT may glitch and trigger an unexpected reset, even if it is a properly timed path.
Related violations: <none>

SYNTH-10#1 Warning
Wide multiplier  
Detected multiplier at graphics_inst/rasterizer_inst/barycentric_calc_inst/mar1_2_reg of size 15x15, it is decomposed from a wide multipler into 4 DSP blocks.
Related violations: <none>

SYNTH-10#2 Warning
Wide multiplier  
Detected multiplier at graphics_inst/rasterizer_inst/barycentric_calc_inst/mar1_2_reg__0 of size 18x15, it is decomposed from a wide multipler into 4 DSP blocks.
Related violations: <none>

SYNTH-10#3 Warning
Wide multiplier  
Detected multiplier at graphics_inst/rasterizer_inst/barycentric_calc_inst/mar2_20 of size 15x18, it is decomposed from a wide multipler into 4 DSP blocks.
Related violations: <none>

SYNTH-10#4 Warning
Wide multiplier  
Detected multiplier at graphics_inst/rasterizer_inst/barycentric_calc_inst/mar2_2_reg of size 15x15, it is decomposed from a wide multipler into 4 DSP blocks.
Related violations: <none>

SYNTH-10#5 Warning
Wide multiplier  
Detected multiplier at graphics_inst/rasterizer_inst/barycentric_calc_inst/mar2_2_reg__0 of size 18x15, it is decomposed from a wide multipler into 4 DSP blocks.
Related violations: <none>

SYNTH-10#6 Warning
Wide multiplier  
Detected multiplier at graphics_inst/rasterizer_inst/barycentric_calc_inst/mr1_20 of size 15x18, it is decomposed from a wide multipler into 4 DSP blocks.
Related violations: <none>

SYNTH-10#7 Warning
Wide multiplier  
Detected multiplier at graphics_inst/rasterizer_inst/barycentric_calc_inst/mr1_20__0 of size 18x18, it is decomposed from a wide multipler into 4 DSP blocks.
Related violations: <none>

SYNTH-10#8 Warning
Wide multiplier  
Detected multiplier at graphics_inst/rasterizer_inst/barycentric_calc_inst/mr1_2_reg of size 15x15, it is decomposed from a wide multipler into 4 DSP blocks.
Related violations: <none>

SYNTH-10#9 Warning
Wide multiplier  
Detected multiplier at graphics_inst/rasterizer_inst/barycentric_calc_inst/mr1_2_reg__0 of size 18x15, it is decomposed from a wide multipler into 4 DSP blocks.
Related violations: <none>

SYNTH-10#10 Warning
Wide multiplier  
Detected multiplier at graphics_inst/rasterizer_inst/barycentric_calc_inst/mr2_20 of size 15x18, it is decomposed from a wide multipler into 4 DSP blocks.
Related violations: <none>

SYNTH-10#11 Warning
Wide multiplier  
Detected multiplier at graphics_inst/rasterizer_inst/barycentric_calc_inst/mr2_20__0 of size 18x18, it is decomposed from a wide multipler into 4 DSP blocks.
Related violations: <none>

SYNTH-10#12 Warning
Wide multiplier  
Detected multiplier at graphics_inst/rasterizer_inst/barycentric_calc_inst/mr2_2_reg of size 15x15, it is decomposed from a wide multipler into 4 DSP blocks.
Related violations: <none>

SYNTH-10#13 Warning
Wide multiplier  
Detected multiplier at graphics_inst/rasterizer_inst/barycentric_calc_inst/mr2_2_reg__0 of size 18x15, it is decomposed from a wide multipler into 4 DSP blocks.
Related violations: <none>

SYNTH-10#14 Warning
Wide multiplier  
Detected multiplier at graphics_inst/rasterizer_inst/barycentric_calc_inst/mr3_20 of size 15x18, it is decomposed from a wide multipler into 4 DSP blocks.
Related violations: <none>

SYNTH-10#15 Warning
Wide multiplier  
Detected multiplier at graphics_inst/rasterizer_inst/barycentric_calc_inst/mr3_20__0 of size 18x18, it is decomposed from a wide multipler into 4 DSP blocks.
Related violations: <none>

SYNTH-10#16 Warning
Wide multiplier  
Detected multiplier at graphics_inst/rasterizer_inst/barycentric_calc_inst/mr3_2_reg of size 15x15, it is decomposed from a wide multipler into 4 DSP blocks.
Related violations: <none>

SYNTH-10#17 Warning
Wide multiplier  
Detected multiplier at graphics_inst/rasterizer_inst/barycentric_calc_inst/mr3_2_reg__0 of size 18x15, it is decomposed from a wide multipler into 4 DSP blocks.
Related violations: <none>

SYNTH-10#18 Warning
Wide multiplier  
Detected multiplier at graphics_inst/rasterizer_inst/barycentric_calc_inst/mr4_20 of size 15x18, it is decomposed from a wide multipler into 4 DSP blocks.
Related violations: <none>

SYNTH-10#19 Warning
Wide multiplier  
Detected multiplier at graphics_inst/rasterizer_inst/barycentric_calc_inst/mr4_20__0 of size 18x18, it is decomposed from a wide multipler into 4 DSP blocks.
Related violations: <none>

SYNTH-10#20 Warning
Wide multiplier  
Detected multiplier at graphics_inst/rasterizer_inst/barycentric_calc_inst/mr4_2_reg of size 15x15, it is decomposed from a wide multipler into 4 DSP blocks.
Related violations: <none>

SYNTH-10#21 Warning
Wide multiplier  
Detected multiplier at graphics_inst/rasterizer_inst/barycentric_calc_inst/mr4_2_reg__0 of size 18x15, it is decomposed from a wide multipler into 4 DSP blocks.
Related violations: <none>

TIMING-16#1 Warning
Large setup violation  
There is a large setup violation of -1.000 ns between graphics_inst/rasterizer_inst/curr_y_q_reg[1]/C (clocked by clk_out4_div_clk_wiz_1) and graphics_inst/rasterizer_inst/barycentric_calc_inst/mr2_2_reg/B[7] (clocked by clk_out4_div_clk_wiz_1). Large setup violations at the end of those stages might be difficult to fix during the post-placement implementation flow and could be the result of non-optimal XDC constraints or non-optimal design architecture
Related violations: <none>

TIMING-16#2 Warning
Large setup violation  
There is a large setup violation of -1.012 ns between graphics_inst/rasterizer_inst/curr_y_q_reg[1]/C (clocked by clk_out4_div_clk_wiz_1) and graphics_inst/rasterizer_inst/barycentric_calc_inst/mr4_2_reg/B[3] (clocked by clk_out4_div_clk_wiz_1). Large setup violations at the end of those stages might be difficult to fix during the post-placement implementation flow and could be the result of non-optimal XDC constraints or non-optimal design architecture
Related violations: <none>

TIMING-16#3 Warning
Large setup violation  
There is a large setup violation of -1.016 ns between graphics_inst/rasterizer_inst/curr_x_q_reg[1]/C (clocked by clk_out4_div_clk_wiz_1) and graphics_inst/rasterizer_inst/barycentric_calc_inst/mr1_2_reg__0/B[2] (clocked by clk_out4_div_clk_wiz_1). Large setup violations at the end of those stages might be difficult to fix during the post-placement implementation flow and could be the result of non-optimal XDC constraints or non-optimal design architecture
Related violations: <none>

TIMING-16#4 Warning
Large setup violation  
There is a large setup violation of -1.017 ns between graphics_inst/rasterizer_inst/curr_x_q_reg[1]/C (clocked by clk_out4_div_clk_wiz_1) and graphics_inst/rasterizer_inst/barycentric_calc_inst/mr1_2_reg/B[2] (clocked by clk_out4_div_clk_wiz_1). Large setup violations at the end of those stages might be difficult to fix during the post-placement implementation flow and could be the result of non-optimal XDC constraints or non-optimal design architecture
Related violations: <none>

TIMING-16#5 Warning
Large setup violation  
There is a large setup violation of -1.017 ns between graphics_inst/rasterizer_inst/curr_y_q_reg[1]/C (clocked by clk_out4_div_clk_wiz_1) and graphics_inst/rasterizer_inst/barycentric_calc_inst/mr2_2_reg__0/B[3] (clocked by clk_out4_div_clk_wiz_1). Large setup violations at the end of those stages might be difficult to fix during the post-placement implementation flow and could be the result of non-optimal XDC constraints or non-optimal design architecture
Related violations: <none>

TIMING-16#6 Warning
Large setup violation  
There is a large setup violation of -1.019 ns between graphics_inst/rasterizer_inst/curr_y_q_reg[1]/C (clocked by clk_out4_div_clk_wiz_1) and graphics_inst/rasterizer_inst/barycentric_calc_inst/mr2_2_reg/B[4] (clocked by clk_out4_div_clk_wiz_1). Large setup violations at the end of those stages might be difficult to fix during the post-placement implementation flow and could be the result of non-optimal XDC constraints or non-optimal design architecture
Related violations: <none>

TIMING-16#7 Warning
Large setup violation  
There is a large setup violation of -1.023 ns between graphics_inst/rasterizer_inst/curr_y_q_reg[1]/C (clocked by clk_out4_div_clk_wiz_1) and graphics_inst/rasterizer_inst/barycentric_calc_inst/mr2_2_reg__0/B[1] (clocked by clk_out4_div_clk_wiz_1). Large setup violations at the end of those stages might be difficult to fix during the post-placement implementation flow and could be the result of non-optimal XDC constraints or non-optimal design architecture
Related violations: <none>

TIMING-16#8 Warning
Large setup violation  
There is a large setup violation of -1.058 ns between ddr3_arbiter_inst/phy_instance/cmdfifo_inst/U0/inst_fifo_gen/gconvfifo.rf/grf.rf/gntv_or_sync_fifo.mem/gbm.gbmg.gbmga.ngecc.bmg/inst_blk_mem_gen/gnbram.gnativebmg.native_blk_mem_gen/valid.cstr/ramloop[2].ram.r/prim_noinit.ram/DEVICE_7SERIES.NO_BMM_INFO.SDP.WIDE_PRIM36_NO_ECC.ram/CLKARDCLK (clocked by clk_out4_div_clk_wiz_1) and ddr3_arbiter_inst/phy_instance/r_mem_rd_reg/D (clocked by clk_out4_div_clk_wiz_1). Large setup violations at the end of those stages might be difficult to fix during the post-placement implementation flow and could be the result of non-optimal XDC constraints or non-optimal design architecture
Related violations: <none>

TIMING-16#9 Warning
Large setup violation  
There is a large setup violation of -1.074 ns between graphics_inst/rasterizer_inst/curr_y_q_reg[1]/C (clocked by clk_out4_div_clk_wiz_1) and graphics_inst/rasterizer_inst/barycentric_calc_inst/mr2_2_reg/B[9] (clocked by clk_out4_div_clk_wiz_1). Large setup violations at the end of those stages might be difficult to fix during the post-placement implementation flow and could be the result of non-optimal XDC constraints or non-optimal design architecture
Related violations: <none>

TIMING-16#10 Warning
Large setup violation  
There is a large setup violation of -1.075 ns between graphics_inst/rasterizer_inst/curr_y_q_reg[1]/C (clocked by clk_out4_div_clk_wiz_1) and graphics_inst/rasterizer_inst/barycentric_calc_inst/mr2_2_reg/B[6] (clocked by clk_out4_div_clk_wiz_1). Large setup violations at the end of those stages might be difficult to fix during the post-placement implementation flow and could be the result of non-optimal XDC constraints or non-optimal design architecture
Related violations: <none>

TIMING-16#11 Warning
Large setup violation  
There is a large setup violation of -1.083 ns between graphics_inst/rasterizer_inst/curr_x_q_reg[2]_replica/C (clocked by clk_out4_div_clk_wiz_1) and graphics_inst/rasterizer_inst/barycentric_calc_inst/mr3_2_reg__0/B[3] (clocked by clk_out4_div_clk_wiz_1). Large setup violations at the end of those stages might be difficult to fix during the post-placement implementation flow and could be the result of non-optimal XDC constraints or non-optimal design architecture
Related violations: <none>

TIMING-16#12 Warning
Large setup violation  
There is a large setup violation of -1.084 ns between graphics_inst/rasterizer_inst/curr_x_q_reg[2]_replica/C (clocked by clk_out4_div_clk_wiz_1) and graphics_inst/rasterizer_inst/barycentric_calc_inst/mr3_2_reg/B[3] (clocked by clk_out4_div_clk_wiz_1). Large setup violations at the end of those stages might be difficult to fix during the post-placement implementation flow and could be the result of non-optimal XDC constraints or non-optimal design architecture
Related violations: <none>

TIMING-16#13 Warning
Large setup violation  
There is a large setup violation of -1.114 ns between graphics_inst/rasterizer_inst/curr_y_q_reg[1]/C (clocked by clk_out4_div_clk_wiz_1) and graphics_inst/rasterizer_inst/barycentric_calc_inst/mr4_2_reg/B[4] (clocked by clk_out4_div_clk_wiz_1). Large setup violations at the end of those stages might be difficult to fix during the post-placement implementation flow and could be the result of non-optimal XDC constraints or non-optimal design architecture
Related violations: <none>

TIMING-16#14 Warning
Large setup violation  
There is a large setup violation of -1.126 ns between ddr3_arbiter_inst/phy_instance/cmdfifo_inst/U0/inst_fifo_gen/gconvfifo.rf/grf.rf/gntv_or_sync_fifo.mem/gbm.gbmg.gbmga.ngecc.bmg/inst_blk_mem_gen/gnbram.gnativebmg.native_blk_mem_gen/valid.cstr/ramloop[2].ram.r/prim_noinit.ram/DEVICE_7SERIES.NO_BMM_INFO.SDP.WIDE_PRIM36_NO_ECC.ram/CLKARDCLK (clocked by clk_out4_div_clk_wiz_1) and ddr3_arbiter_inst/phy_instance/rn_state_2ahead_reg[1]/D (clocked by clk_out4_div_clk_wiz_1). Large setup violations at the end of those stages might be difficult to fix during the post-placement implementation flow and could be the result of non-optimal XDC constraints or non-optimal design architecture
Related violations: <none>

TIMING-16#15 Warning
Large setup violation  
There is a large setup violation of -1.126 ns between graphics_inst/rasterizer_inst/curr_y_q_reg[1]/C (clocked by clk_out4_div_clk_wiz_1) and graphics_inst/rasterizer_inst/barycentric_calc_inst/mr4_2_reg/B[2] (clocked by clk_out4_div_clk_wiz_1). Large setup violations at the end of those stages might be difficult to fix during the post-placement implementation flow and could be the result of non-optimal XDC constraints or non-optimal design architecture
Related violations: <none>

TIMING-16#16 Warning
Large setup violation  
There is a large setup violation of -1.147 ns between graphics_inst/rasterizer_inst/curr_y_q_reg[1]/C (clocked by clk_out4_div_clk_wiz_1) and graphics_inst/rasterizer_inst/barycentric_calc_inst/mr2_2_reg/B[5] (clocked by clk_out4_div_clk_wiz_1). Large setup violations at the end of those stages might be difficult to fix during the post-placement implementation flow and could be the result of non-optimal XDC constraints or non-optimal design architecture
Related violations: <none>

TIMING-16#17 Warning
Large setup violation  
There is a large setup violation of -1.150 ns between graphics_inst/rasterizer_inst/curr_y_q_reg[1]/C (clocked by clk_out4_div_clk_wiz_1) and graphics_inst/rasterizer_inst/barycentric_calc_inst/mr4_2_reg__0/B[1] (clocked by clk_out4_div_clk_wiz_1). Large setup violations at the end of those stages might be difficult to fix during the post-placement implementation flow and could be the result of non-optimal XDC constraints or non-optimal design architecture
Related violations: <none>

TIMING-16#18 Warning
Large setup violation  
There is a large setup violation of -1.157 ns between graphics_inst/rasterizer_inst/curr_y_q_reg[1]/C (clocked by clk_out4_div_clk_wiz_1) and graphics_inst/rasterizer_inst/barycentric_calc_inst/mr2_2_reg__0/B[2] (clocked by clk_out4_div_clk_wiz_1). Large setup violations at the end of those stages might be difficult to fix during the post-placement implementation flow and could be the result of non-optimal XDC constraints or non-optimal design architecture
Related violations: <none>

TIMING-16#19 Warning
Large setup violation  
There is a large setup violation of -1.183 ns between ddr3_arbiter_inst/phy_instance/cmdfifo_inst/U0/inst_fifo_gen/gconvfifo.rf/grf.rf/gntv_or_sync_fifo.mem/gbm.gbmg.gbmga.ngecc.bmg/inst_blk_mem_gen/gnbram.gnativebmg.native_blk_mem_gen/valid.cstr/ramloop[2].ram.r/prim_noinit.ram/DEVICE_7SERIES.NO_BMM_INFO.SDP.WIDE_PRIM36_NO_ECC.ram/CLKARDCLK (clocked by clk_out4_div_clk_wiz_1) and ddr3_arbiter_inst/phy_instance/rn_state_2ahead_reg[2]/D (clocked by clk_out4_div_clk_wiz_1). Large setup violations at the end of those stages might be difficult to fix during the post-placement implementation flow and could be the result of non-optimal XDC constraints or non-optimal design architecture
Related violations: <none>

TIMING-16#20 Warning
Large setup violation  
There is a large setup violation of -1.204 ns between graphics_inst/rasterizer_inst/curr_x_q_reg[2]_replica/C (clocked by clk_out4_div_clk_wiz_1) and graphics_inst/rasterizer_inst/barycentric_calc_inst/mr1_2_reg__0/B[3] (clocked by clk_out4_div_clk_wiz_1). Large setup violations at the end of those stages might be difficult to fix during the post-placement implementation flow and could be the result of non-optimal XDC constraints or non-optimal design architecture
Related violations: <none>

TIMING-16#21 Warning
Large setup violation  
There is a large setup violation of -1.219 ns between graphics_inst/rasterizer_inst/curr_y_q_reg[1]/C (clocked by clk_out4_div_clk_wiz_1) and graphics_inst/rasterizer_inst/barycentric_calc_inst/mr2_2_reg__0/B[4] (clocked by clk_out4_div_clk_wiz_1). Large setup violations at the end of those stages might be difficult to fix during the post-placement implementation flow and could be the result of non-optimal XDC constraints or non-optimal design architecture
Related violations: <none>

TIMING-16#22 Warning
Large setup violation  
There is a large setup violation of -1.220 ns between ddr3_arbiter_inst/phy_instance/cmdfifo_inst/U0/inst_fifo_gen/gconvfifo.rf/grf.rf/gntv_or_sync_fifo.mem/gbm.gbmg.gbmga.ngecc.bmg/inst_blk_mem_gen/gnbram.gnativebmg.native_blk_mem_gen/valid.cstr/ramloop[2].ram.r/prim_noinit.ram/DEVICE_7SERIES.NO_BMM_INFO.SDP.WIDE_PRIM36_NO_ECC.ram/CLKARDCLK (clocked by clk_out4_div_clk_wiz_1) and ddr3_arbiter_inst/phy_instance/r_pre_req_reg/D (clocked by clk_out4_div_clk_wiz_1). Large setup violations at the end of those stages might be difficult to fix during the post-placement implementation flow and could be the result of non-optimal XDC constraints or non-optimal design architecture
Related violations: <none>

TIMING-16#23 Warning
Large setup violation  
There is a large setup violation of -1.226 ns between ddr3_arbiter_inst/phy_instance/cmdfifo_inst/U0/inst_fifo_gen/gconvfifo.rf/grf.rf/gntv_or_sync_fifo.mem/gbm.gbmg.gbmga.ngecc.bmg/inst_blk_mem_gen/gnbram.gnativebmg.native_blk_mem_gen/valid.cstr/ramloop[2].ram.r/prim_noinit.ram/DEVICE_7SERIES.NO_BMM_INFO.SDP.WIDE_PRIM36_NO_ECC.ram/CLKARDCLK (clocked by clk_out4_div_clk_wiz_1) and ddr3_arbiter_inst/phy_instance/r_act_req_reg/D (clocked by clk_out4_div_clk_wiz_1). Large setup violations at the end of those stages might be difficult to fix during the post-placement implementation flow and could be the result of non-optimal XDC constraints or non-optimal design architecture
Related violations: <none>

TIMING-16#24 Warning
Large setup violation  
There is a large setup violation of -1.242 ns between graphics_inst/rasterizer_inst/curr_x_q_reg[2]_replica/C (clocked by clk_out4_div_clk_wiz_1) and graphics_inst/rasterizer_inst/barycentric_calc_inst/mr3_2_reg__0/B[5] (clocked by clk_out4_div_clk_wiz_1). Large setup violations at the end of those stages might be difficult to fix during the post-placement implementation flow and could be the result of non-optimal XDC constraints or non-optimal design architecture
Related violations: <none>

TIMING-16#25 Warning
Large setup violation  
There is a large setup violation of -1.244 ns between graphics_inst/rasterizer_inst/curr_y_q_reg[1]/C (clocked by clk_out4_div_clk_wiz_1) and graphics_inst/rasterizer_inst/barycentric_calc_inst/mr4_2_reg/B[7] (clocked by clk_out4_div_clk_wiz_1). Large setup violations at the end of those stages might be difficult to fix during the post-placement implementation flow and could be the result of non-optimal XDC constraints or non-optimal design architecture
Related violations: <none>

TIMING-16#26 Warning
Large setup violation  
There is a large setup violation of -1.249 ns between graphics_inst/rasterizer_inst/curr_y_q_reg[1]/C (clocked by clk_out4_div_clk_wiz_1) and graphics_inst/rasterizer_inst/barycentric_calc_inst/mr2_2_reg__0/B[7] (clocked by clk_out4_div_clk_wiz_1). Large setup violations at the end of those stages might be difficult to fix during the post-placement implementation flow and could be the result of non-optimal XDC constraints or non-optimal design architecture
Related violations: <none>

TIMING-16#27 Warning
Large setup violation  
There is a large setup violation of -1.250 ns between vga/hc_reg[3]/C (clocked by clk_out1_clk_wiz_0) and frame_buffer_inst/bram0/U0/inst_blk_mem_gen/gnbram.gnativebmg.native_blk_mem_gen/valid.cstr/ramloop[0].ram.r/prim_noinit.ram/DEVICE_7SERIES.NO_BMM_INFO.TRUE_DP.SIMPLE_PRIM18.ram/ADDRBWRADDR[7] (clocked by clk_out4_div_clk_wiz_1). Large setup violations at the end of those stages might be difficult to fix during the post-placement implementation flow and could be the result of non-optimal XDC constraints or non-optimal design architecture
Related violations: <none>

TIMING-16#28 Warning
Large setup violation  
There is a large setup violation of -1.268 ns between graphics_inst/rasterizer_inst/curr_x_q_reg[2]_replica/C (clocked by clk_out4_div_clk_wiz_1) and graphics_inst/rasterizer_inst/barycentric_calc_inst/mr3_2_reg/B[4] (clocked by clk_out4_div_clk_wiz_1). Large setup violations at the end of those stages might be difficult to fix during the post-placement implementation flow and could be the result of non-optimal XDC constraints or non-optimal design architecture
Related violations: <none>

TIMING-16#29 Warning
Large setup violation  
There is a large setup violation of -1.270 ns between graphics_inst/rasterizer_inst/curr_y_q_reg[1]/C (clocked by clk_out4_div_clk_wiz_1) and graphics_inst/rasterizer_inst/barycentric_calc_inst/mr2_2_reg/B[8] (clocked by clk_out4_div_clk_wiz_1). Large setup violations at the end of those stages might be difficult to fix during the post-placement implementation flow and could be the result of non-optimal XDC constraints or non-optimal design architecture
Related violations: <none>

TIMING-16#30 Warning
Large setup violation  
There is a large setup violation of -1.277 ns between graphics_inst/rasterizer_inst/curr_x_q_reg[2]_replica/C (clocked by clk_out4_div_clk_wiz_1) and graphics_inst/rasterizer_inst/barycentric_calc_inst/mr3_2_reg__0/B[7] (clocked by clk_out4_div_clk_wiz_1). Large setup violations at the end of those stages might be difficult to fix during the post-placement implementation flow and could be the result of non-optimal XDC constraints or non-optimal design architecture
Related violations: <none>

TIMING-16#31 Warning
Large setup violation  
There is a large setup violation of -1.278 ns between graphics_inst/rasterizer_inst/curr_x_q_reg[2]_replica/C (clocked by clk_out4_div_clk_wiz_1) and graphics_inst/rasterizer_inst/barycentric_calc_inst/mr1_2_reg/B[3] (clocked by clk_out4_div_clk_wiz_1). Large setup violations at the end of those stages might be difficult to fix during the post-placement implementation flow and could be the result of non-optimal XDC constraints or non-optimal design architecture
Related violations: <none>

TIMING-16#32 Warning
Large setup violation  
There is a large setup violation of -1.278 ns between graphics_inst/rasterizer_inst/curr_x_q_reg[2]_replica/C (clocked by clk_out4_div_clk_wiz_1) and graphics_inst/rasterizer_inst/barycentric_calc_inst/mr3_2_reg/B[7] (clocked by clk_out4_div_clk_wiz_1). Large setup violations at the end of those stages might be difficult to fix during the post-placement implementation flow and could be the result of non-optimal XDC constraints or non-optimal design architecture
Related violations: <none>

TIMING-16#33 Warning
Large setup violation  
There is a large setup violation of -1.279 ns between vga/vs_reg/C (clocked by clk_out1_clk_wiz_0) and output_buffer_addr_reg[12]/CE (clocked by clk_out4_div_clk_wiz_1). Large setup violations at the end of those stages might be difficult to fix during the post-placement implementation flow and could be the result of non-optimal XDC constraints or non-optimal design architecture
Related violations: <none>

TIMING-16#34 Warning
Large setup violation  
There is a large setup violation of -1.279 ns between vga/vs_reg/C (clocked by clk_out1_clk_wiz_0) and staging_buffer_addr_reg[13]/CE (clocked by clk_out4_div_clk_wiz_1). Large setup violations at the end of those stages might be difficult to fix during the post-placement implementation flow and could be the result of non-optimal XDC constraints or non-optimal design architecture
Related violations: <none>

TIMING-16#35 Warning
Large setup violation  
There is a large setup violation of -1.282 ns between graphics_inst/rasterizer_inst/curr_y_q_reg[1]/C (clocked by clk_out4_div_clk_wiz_1) and graphics_inst/rasterizer_inst/barycentric_calc_inst/mr4_2_reg__0/B[2] (clocked by clk_out4_div_clk_wiz_1). Large setup violations at the end of those stages might be difficult to fix during the post-placement implementation flow and could be the result of non-optimal XDC constraints or non-optimal design architecture
Related violations: <none>

TIMING-16#36 Warning
Large setup violation  
There is a large setup violation of -1.289 ns between graphics_inst/rasterizer_inst/curr_y_q_reg[1]/C (clocked by clk_out4_div_clk_wiz_1) and graphics_inst/rasterizer_inst/barycentric_calc_inst/mr2_2_reg/B[10] (clocked by clk_out4_div_clk_wiz_1). Large setup violations at the end of those stages might be difficult to fix during the post-placement implementation flow and could be the result of non-optimal XDC constraints or non-optimal design architecture
Related violations: <none>

TIMING-16#37 Warning
Large setup violation  
There is a large setup violation of -1.290 ns between vga/vs_reg/C (clocked by clk_out1_clk_wiz_0) and output_buffer_addr_reg[13]/CE (clocked by clk_out4_div_clk_wiz_1). Large setup violations at the end of those stages might be difficult to fix during the post-placement implementation flow and could be the result of non-optimal XDC constraints or non-optimal design architecture
Related violations: <none>

TIMING-16#38 Warning
Large setup violation  
There is a large setup violation of -1.290 ns between vga/vs_reg/C (clocked by clk_out1_clk_wiz_0) and vga_vsync_counter_reg[4]/CE (clocked by clk_out4_div_clk_wiz_1). Large setup violations at the end of those stages might be difficult to fix during the post-placement implementation flow and could be the result of non-optimal XDC constraints or non-optimal design architecture
Related violations: <none>

TIMING-16#39 Warning
Large setup violation  
There is a large setup violation of -1.295 ns between graphics_inst/rasterizer_inst/curr_y_q_reg[1]/C (clocked by clk_out4_div_clk_wiz_1) and graphics_inst/rasterizer_inst/barycentric_calc_inst/mr4_2_reg/B[5] (clocked by clk_out4_div_clk_wiz_1). Large setup violations at the end of those stages might be difficult to fix during the post-placement implementation flow and could be the result of non-optimal XDC constraints or non-optimal design architecture
Related violations: <none>

TIMING-16#40 Warning
Large setup violation  
There is a large setup violation of -1.296 ns between graphics_inst/rasterizer_inst/curr_y_q_reg[1]/C (clocked by clk_out4_div_clk_wiz_1) and graphics_inst/rasterizer_inst/barycentric_calc_inst/mr4_2_reg/B[8] (clocked by clk_out4_div_clk_wiz_1). Large setup violations at the end of those stages might be difficult to fix during the post-placement implementation flow and could be the result of non-optimal XDC constraints or non-optimal design architecture
Related violations: <none>

TIMING-16#41 Warning
Large setup violation  
There is a large setup violation of -1.302 ns between graphics_inst/rasterizer_inst/curr_y_q_reg[1]/C (clocked by clk_out4_div_clk_wiz_1) and graphics_inst/rasterizer_inst/barycentric_calc_inst/mr2_2_reg/B[11] (clocked by clk_out4_div_clk_wiz_1). Large setup violations at the end of those stages might be difficult to fix during the post-placement implementation flow and could be the result of non-optimal XDC constraints or non-optimal design architecture
Related violations: <none>

TIMING-16#42 Warning
Large setup violation  
There is a large setup violation of -1.304 ns between graphics_inst/rasterizer_inst/curr_y_q_reg[1]/C (clocked by clk_out4_div_clk_wiz_1) and graphics_inst/rasterizer_inst/barycentric_calc_inst/mr4_2_reg__0/B[3] (clocked by clk_out4_div_clk_wiz_1). Large setup violations at the end of those stages might be difficult to fix during the post-placement implementation flow and could be the result of non-optimal XDC constraints or non-optimal design architecture
Related violations: <none>

TIMING-16#43 Warning
Large setup violation  
There is a large setup violation of -1.307 ns between graphics_inst/rasterizer_inst/curr_y_q_reg[1]/C (clocked by clk_out4_div_clk_wiz_1) and graphics_inst/rasterizer_inst/barycentric_calc_inst/mr2_2_reg/B[13] (clocked by clk_out4_div_clk_wiz_1). Large setup violations at the end of those stages might be difficult to fix during the post-placement implementation flow and could be the result of non-optimal XDC constraints or non-optimal design architecture
Related violations: <none>

TIMING-16#44 Warning
Large setup violation  
There is a large setup violation of -1.307 ns between graphics_inst/rasterizer_inst/curr_y_q_reg[1]/C (clocked by clk_out4_div_clk_wiz_1) and graphics_inst/rasterizer_inst/barycentric_calc_inst/mr2_2_reg/B[14] (clocked by clk_out4_div_clk_wiz_1). Large setup violations at the end of those stages might be difficult to fix during the post-placement implementation flow and could be the result of non-optimal XDC constraints or non-optimal design architecture
Related violations: <none>

TIMING-16#45 Warning
Large setup violation  
There is a large setup violation of -1.307 ns between graphics_inst/rasterizer_inst/curr_y_q_reg[1]/C (clocked by clk_out4_div_clk_wiz_1) and graphics_inst/rasterizer_inst/barycentric_calc_inst/mr2_2_reg/B[15] (clocked by clk_out4_div_clk_wiz_1). Large setup violations at the end of those stages might be difficult to fix during the post-placement implementation flow and could be the result of non-optimal XDC constraints or non-optimal design architecture
Related violations: <none>

TIMING-16#46 Warning
Large setup violation  
There is a large setup violation of -1.323 ns between graphics_inst/rasterizer_inst/curr_x_q_reg[2]_replica/C (clocked by clk_out4_div_clk_wiz_1) and graphics_inst/rasterizer_inst/barycentric_calc_inst/mr3_2_reg/B[8] (clocked by clk_out4_div_clk_wiz_1). Large setup violations at the end of those stages might be difficult to fix during the post-placement implementation flow and could be the result of non-optimal XDC constraints or non-optimal design architecture
Related violations: <none>

TIMING-16#47 Warning
Large setup violation  
There is a large setup violation of -1.324 ns between graphics_inst/rasterizer_inst/curr_x_q_reg[2]_replica/C (clocked by clk_out4_div_clk_wiz_1) and graphics_inst/rasterizer_inst/barycentric_calc_inst/mr1_2_reg/B[4] (clocked by clk_out4_div_clk_wiz_1). Large setup violations at the end of those stages might be difficult to fix during the post-placement implementation flow and could be the result of non-optimal XDC constraints or non-optimal design architecture
Related violations: <none>

TIMING-16#48 Warning
Large setup violation  
There is a large setup violation of -1.338 ns between graphics_inst/rasterizer_inst/curr_x_q_reg[2]_replica/C (clocked by clk_out4_div_clk_wiz_1) and graphics_inst/rasterizer_inst/barycentric_calc_inst/mr3_2_reg__0/B[4] (clocked by clk_out4_div_clk_wiz_1). Large setup violations at the end of those stages might be difficult to fix during the post-placement implementation flow and could be the result of non-optimal XDC constraints or non-optimal design architecture
Related violations: <none>

TIMING-16#49 Warning
Large setup violation  
There is a large setup violation of -1.357 ns between graphics_inst/rasterizer_inst/curr_y_q_reg[1]/C (clocked by clk_out4_div_clk_wiz_1) and graphics_inst/rasterizer_inst/barycentric_calc_inst/mr2_2_reg__0/B[5] (clocked by clk_out4_div_clk_wiz_1). Large setup violations at the end of those stages might be difficult to fix during the post-placement implementation flow and could be the result of non-optimal XDC constraints or non-optimal design architecture
Related violations: <none>

TIMING-16#50 Warning
Large setup violation  
There is a large setup violation of -1.358 ns between graphics_inst/rasterizer_inst/curr_x_q_reg[2]_replica/C (clocked by clk_out4_div_clk_wiz_1) and graphics_inst/rasterizer_inst/barycentric_calc_inst/mr3_2_reg__0/B[6] (clocked by clk_out4_div_clk_wiz_1). Large setup violations at the end of those stages might be difficult to fix during the post-placement implementation flow and could be the result of non-optimal XDC constraints or non-optimal design architecture
Related violations: <none>

TIMING-16#51 Warning
Large setup violation  
There is a large setup violation of -1.359 ns between graphics_inst/rasterizer_inst/curr_x_q_reg[2]_replica/C (clocked by clk_out4_div_clk_wiz_1) and graphics_inst/rasterizer_inst/barycentric_calc_inst/mr3_2_reg__0/B[9] (clocked by clk_out4_div_clk_wiz_1). Large setup violations at the end of those stages might be difficult to fix during the post-placement implementation flow and could be the result of non-optimal XDC constraints or non-optimal design architecture
Related violations: <none>

TIMING-16#52 Warning
Large setup violation  
There is a large setup violation of -1.379 ns between graphics_inst/rasterizer_inst/curr_x_q_reg[2]_replica/C (clocked by clk_out4_div_clk_wiz_1) and graphics_inst/rasterizer_inst/barycentric_calc_inst/mr3_2_reg/B[5] (clocked by clk_out4_div_clk_wiz_1). Large setup violations at the end of those stages might be difficult to fix during the post-placement implementation flow and could be the result of non-optimal XDC constraints or non-optimal design architecture
Related violations: <none>

TIMING-16#53 Warning
Large setup violation  
There is a large setup violation of -1.395 ns between graphics_inst/rasterizer_inst/curr_x_q_reg[2]_replica/C (clocked by clk_out4_div_clk_wiz_1) and graphics_inst/rasterizer_inst/barycentric_calc_inst/mr1_2_reg__0/B[7] (clocked by clk_out4_div_clk_wiz_1). Large setup violations at the end of those stages might be difficult to fix during the post-placement implementation flow and could be the result of non-optimal XDC constraints or non-optimal design architecture
Related violations: <none>

TIMING-16#54 Warning
Large setup violation  
There is a large setup violation of -1.411 ns between vga/vs_reg/C (clocked by clk_out1_clk_wiz_0) and output_buffer_addr_reg[18]/CE (clocked by clk_out4_div_clk_wiz_1). Large setup violations at the end of those stages might be difficult to fix during the post-placement implementation flow and could be the result of non-optimal XDC constraints or non-optimal design architecture
Related violations: <none>

TIMING-16#55 Warning
Large setup violation  
There is a large setup violation of -1.411 ns between vga/vs_reg/C (clocked by clk_out1_clk_wiz_0) and staging_buffer_addr_reg[12]/CE (clocked by clk_out4_div_clk_wiz_1). Large setup violations at the end of those stages might be difficult to fix during the post-placement implementation flow and could be the result of non-optimal XDC constraints or non-optimal design architecture
Related violations: <none>

TIMING-16#56 Warning
Large setup violation  
There is a large setup violation of -1.411 ns between vga/vs_reg/C (clocked by clk_out1_clk_wiz_0) and staging_buffer_addr_reg[15]/CE (clocked by clk_out4_div_clk_wiz_1). Large setup violations at the end of those stages might be difficult to fix during the post-placement implementation flow and could be the result of non-optimal XDC constraints or non-optimal design architecture
Related violations: <none>

TIMING-16#57 Warning
Large setup violation  
There is a large setup violation of -1.411 ns between vga/vs_reg/C (clocked by clk_out1_clk_wiz_0) and staging_buffer_addr_reg[18]/CE (clocked by clk_out4_div_clk_wiz_1). Large setup violations at the end of those stages might be difficult to fix during the post-placement implementation flow and could be the result of non-optimal XDC constraints or non-optimal design architecture
Related violations: <none>

TIMING-16#58 Warning
Large setup violation  
There is a large setup violation of -1.412 ns between graphics_inst/rasterizer_inst/curr_y_q_reg[1]/C (clocked by clk_out4_div_clk_wiz_1) and graphics_inst/rasterizer_inst/barycentric_calc_inst/mr4_2_reg/B[9] (clocked by clk_out4_div_clk_wiz_1). Large setup violations at the end of those stages might be difficult to fix during the post-placement implementation flow and could be the result of non-optimal XDC constraints or non-optimal design architecture
Related violations: <none>

TIMING-16#59 Warning
Large setup violation  
There is a large setup violation of -1.413 ns between graphics_inst/rasterizer_inst/curr_y_q_reg[1]/C (clocked by clk_out4_div_clk_wiz_1) and graphics_inst/rasterizer_inst/barycentric_calc_inst/mr4_2_reg__0/B[4] (clocked by clk_out4_div_clk_wiz_1). Large setup violations at the end of those stages might be difficult to fix during the post-placement implementation flow and could be the result of non-optimal XDC constraints or non-optimal design architecture
Related violations: <none>

TIMING-16#60 Warning
Large setup violation  
There is a large setup violation of -1.414 ns between graphics_inst/rasterizer_inst/curr_y_q_reg[1]/C (clocked by clk_out4_div_clk_wiz_1) and graphics_inst/rasterizer_inst/barycentric_calc_inst/mr4_2_reg/B[6] (clocked by clk_out4_div_clk_wiz_1). Large setup violations at the end of those stages might be difficult to fix during the post-placement implementation flow and could be the result of non-optimal XDC constraints or non-optimal design architecture
Related violations: <none>

TIMING-16#61 Warning
Large setup violation  
There is a large setup violation of -1.419 ns between vga/vs_reg/C (clocked by clk_out1_clk_wiz_0) and vga_vsync_counter_reg[0]/CE (clocked by clk_out4_div_clk_wiz_1). Large setup violations at the end of those stages might be difficult to fix during the post-placement implementation flow and could be the result of non-optimal XDC constraints or non-optimal design architecture
Related violations: <none>

TIMING-16#62 Warning
Large setup violation  
There is a large setup violation of -1.419 ns between vga/vs_reg/C (clocked by clk_out1_clk_wiz_0) and vga_vsync_counter_reg[1]/CE (clocked by clk_out4_div_clk_wiz_1). Large setup violations at the end of those stages might be difficult to fix during the post-placement implementation flow and could be the result of non-optimal XDC constraints or non-optimal design architecture
Related violations: <none>

TIMING-16#63 Warning
Large setup violation  
There is a large setup violation of -1.420 ns between vga/vs_reg/C (clocked by clk_out1_clk_wiz_0) and vga_vsync_counter_reg[5]/CE (clocked by clk_out4_div_clk_wiz_1). Large setup violations at the end of those stages might be difficult to fix during the post-placement implementation flow and could be the result of non-optimal XDC constraints or non-optimal design architecture
Related violations: <none>

TIMING-16#64 Warning
Large setup violation  
There is a large setup violation of -1.421 ns between vga/hc_reg[5]/C (clocked by clk_out1_clk_wiz_0) and frame_buffer_inst/bram0/U0/inst_blk_mem_gen/gnbram.gnativebmg.native_blk_mem_gen/valid.cstr/ramloop[0].ram.r/prim_noinit.ram/DEVICE_7SERIES.NO_BMM_INFO.TRUE_DP.SIMPLE_PRIM18.ram/ADDRBWRADDR[9] (clocked by clk_out4_div_clk_wiz_1). Large setup violations at the end of those stages might be difficult to fix during the post-placement implementation flow and could be the result of non-optimal XDC constraints or non-optimal design architecture
Related violations: <none>

TIMING-16#65 Warning
Large setup violation  
There is a large setup violation of -1.423 ns between vga/hc_reg[0]/C (clocked by clk_out1_clk_wiz_0) and frame_buffer_inst/bram0/U0/inst_blk_mem_gen/gnbram.gnativebmg.native_blk_mem_gen/valid.cstr/ramloop[0].ram.r/prim_noinit.ram/DEVICE_7SERIES.NO_BMM_INFO.TRUE_DP.SIMPLE_PRIM18.ram/ADDRBWRADDR[4] (clocked by clk_out4_div_clk_wiz_1). Large setup violations at the end of those stages might be difficult to fix during the post-placement implementation flow and could be the result of non-optimal XDC constraints or non-optimal design architecture
Related violations: <none>

TIMING-16#66 Warning
Large setup violation  
There is a large setup violation of -1.444 ns between graphics_inst/rasterizer_inst/curr_y_q_reg[1]/C (clocked by clk_out4_div_clk_wiz_1) and graphics_inst/rasterizer_inst/barycentric_calc_inst/mr2_2_reg__0/B[9] (clocked by clk_out4_div_clk_wiz_1). Large setup violations at the end of those stages might be difficult to fix during the post-placement implementation flow and could be the result of non-optimal XDC constraints or non-optimal design architecture
Related violations: <none>

TIMING-16#67 Warning
Large setup violation  
There is a large setup violation of -1.445 ns between graphics_inst/rasterizer_inst/curr_y_q_reg[1]/C (clocked by clk_out4_div_clk_wiz_1) and graphics_inst/rasterizer_inst/barycentric_calc_inst/mr2_2_reg__0/B[6] (clocked by clk_out4_div_clk_wiz_1). Large setup violations at the end of those stages might be difficult to fix during the post-placement implementation flow and could be the result of non-optimal XDC constraints or non-optimal design architecture
Related violations: <none>

TIMING-16#68 Warning
Large setup violation  
There is a large setup violation of -1.447 ns between vga/vs_reg/C (clocked by clk_out1_clk_wiz_0) and output_buffer_addr_reg[15]/CE (clocked by clk_out4_div_clk_wiz_1). Large setup violations at the end of those stages might be difficult to fix during the post-placement implementation flow and could be the result of non-optimal XDC constraints or non-optimal design architecture
Related violations: <none>

TIMING-16#69 Warning
Large setup violation  
There is a large setup violation of -1.447 ns between vga/vs_reg/C (clocked by clk_out1_clk_wiz_0) and vga_vsync_counter_reg[2]/CE (clocked by clk_out4_div_clk_wiz_1). Large setup violations at the end of those stages might be difficult to fix during the post-placement implementation flow and could be the result of non-optimal XDC constraints or non-optimal design architecture
Related violations: <none>

TIMING-16#70 Warning
Large setup violation  
There is a large setup violation of -1.447 ns between vga/vs_reg/C (clocked by clk_out1_clk_wiz_0) and vga_vsync_counter_reg[3]/CE (clocked by clk_out4_div_clk_wiz_1). Large setup violations at the end of those stages might be difficult to fix during the post-placement implementation flow and could be the result of non-optimal XDC constraints or non-optimal design architecture
Related violations: <none>

TIMING-16#71 Warning
Large setup violation  
There is a large setup violation of -1.447 ns between vga/vs_reg/C (clocked by clk_out1_clk_wiz_0) and vga_vsync_counter_reg[6]/CE (clocked by clk_out4_div_clk_wiz_1). Large setup violations at the end of those stages might be difficult to fix during the post-placement implementation flow and could be the result of non-optimal XDC constraints or non-optimal design architecture
Related violations: <none>

TIMING-16#72 Warning
Large setup violation  
There is a large setup violation of -1.447 ns between vga/vs_reg/C (clocked by clk_out1_clk_wiz_0) and vga_vsync_counter_reg[7]/CE (clocked by clk_out4_div_clk_wiz_1). Large setup violations at the end of those stages might be difficult to fix during the post-placement implementation flow and could be the result of non-optimal XDC constraints or non-optimal design architecture
Related violations: <none>

TIMING-16#73 Warning
Large setup violation  
There is a large setup violation of -1.453 ns between graphics_inst/rasterizer_inst/curr_y_q_reg[1]/C (clocked by clk_out4_div_clk_wiz_1) and graphics_inst/rasterizer_inst/barycentric_calc_inst/mr4_2_reg__0/B[5] (clocked by clk_out4_div_clk_wiz_1). Large setup violations at the end of those stages might be difficult to fix during the post-placement implementation flow and could be the result of non-optimal XDC constraints or non-optimal design architecture
Related violations: <none>

TIMING-16#74 Warning
Large setup violation  
There is a large setup violation of -1.469 ns between vga/hc_reg[1]/C (clocked by clk_out1_clk_wiz_0) and frame_buffer_inst/bram0/U0/inst_blk_mem_gen/gnbram.gnativebmg.native_blk_mem_gen/valid.cstr/ramloop[0].ram.r/prim_noinit.ram/DEVICE_7SERIES.NO_BMM_INFO.TRUE_DP.SIMPLE_PRIM18.ram/ADDRBWRADDR[5] (clocked by clk_out4_div_clk_wiz_1). Large setup violations at the end of those stages might be difficult to fix during the post-placement implementation flow and could be the result of non-optimal XDC constraints or non-optimal design architecture
Related violations: <none>

TIMING-16#75 Warning
Large setup violation  
There is a large setup violation of -1.470 ns between graphics_inst/rasterizer_inst/curr_y_q_reg[1]/C (clocked by clk_out4_div_clk_wiz_1) and graphics_inst/rasterizer_inst/barycentric_calc_inst/mr2_2_reg__0/B[8] (clocked by clk_out4_div_clk_wiz_1). Large setup violations at the end of those stages might be difficult to fix during the post-placement implementation flow and could be the result of non-optimal XDC constraints or non-optimal design architecture
Related violations: <none>

TIMING-16#76 Warning
Large setup violation  
There is a large setup violation of -1.472 ns between graphics_inst/rasterizer_inst/curr_x_q_reg[2]_replica/C (clocked by clk_out4_div_clk_wiz_1) and graphics_inst/rasterizer_inst/barycentric_calc_inst/mr1_2_reg/B[7] (clocked by clk_out4_div_clk_wiz_1). Large setup violations at the end of those stages might be difficult to fix during the post-placement implementation flow and could be the result of non-optimal XDC constraints or non-optimal design architecture
Related violations: <none>

TIMING-16#77 Warning
Large setup violation  
There is a large setup violation of -1.472 ns between graphics_inst/rasterizer_inst/curr_y_q_reg[1]/C (clocked by clk_out4_div_clk_wiz_1) and graphics_inst/rasterizer_inst/barycentric_calc_inst/mr2_2_reg/B[12] (clocked by clk_out4_div_clk_wiz_1). Large setup violations at the end of those stages might be difficult to fix during the post-placement implementation flow and could be the result of non-optimal XDC constraints or non-optimal design architecture
Related violations: <none>

TIMING-16#78 Warning
Large setup violation  
There is a large setup violation of -1.477 ns between graphics_inst/rasterizer_inst/curr_x_q_reg[2]_replica/C (clocked by clk_out4_div_clk_wiz_1) and graphics_inst/rasterizer_inst/barycentric_calc_inst/mr1_2_reg/B[5] (clocked by clk_out4_div_clk_wiz_1). Large setup violations at the end of those stages might be difficult to fix during the post-placement implementation flow and could be the result of non-optimal XDC constraints or non-optimal design architecture
Related violations: <none>

TIMING-16#79 Warning
Large setup violation  
There is a large setup violation of -1.477 ns between graphics_inst/rasterizer_inst/curr_x_q_reg[2]_replica/C (clocked by clk_out4_div_clk_wiz_1) and graphics_inst/rasterizer_inst/barycentric_calc_inst/mr1_2_reg__0/B[5] (clocked by clk_out4_div_clk_wiz_1). Large setup violations at the end of those stages might be difficult to fix during the post-placement implementation flow and could be the result of non-optimal XDC constraints or non-optimal design architecture
Related violations: <none>

TIMING-16#80 Warning
Large setup violation  
There is a large setup violation of -1.496 ns between graphics_inst/rasterizer_inst/curr_x_q_reg[2]_replica/C (clocked by clk_out4_div_clk_wiz_1) and graphics_inst/rasterizer_inst/barycentric_calc_inst/mr3_2_reg/B[9] (clocked by clk_out4_div_clk_wiz_1). Large setup violations at the end of those stages might be difficult to fix during the post-placement implementation flow and could be the result of non-optimal XDC constraints or non-optimal design architecture
Related violations: <none>

TIMING-16#81 Warning
Large setup violation  
There is a large setup violation of -1.509 ns between graphics_inst/rasterizer_inst/curr_x_q_reg[2]_replica/C (clocked by clk_out4_div_clk_wiz_1) and graphics_inst/rasterizer_inst/barycentric_calc_inst/mr1_2_reg__0/B[4] (clocked by clk_out4_div_clk_wiz_1). Large setup violations at the end of those stages might be difficult to fix during the post-placement implementation flow and could be the result of non-optimal XDC constraints or non-optimal design architecture
Related violations: <none>

TIMING-16#82 Warning
Large setup violation  
There is a large setup violation of -1.520 ns between graphics_inst/rasterizer_inst/curr_x_q_reg[2]_replica/C (clocked by clk_out4_div_clk_wiz_1) and graphics_inst/rasterizer_inst/barycentric_calc_inst/mr1_2_reg/B[8] (clocked by clk_out4_div_clk_wiz_1). Large setup violations at the end of those stages might be difficult to fix during the post-placement implementation flow and could be the result of non-optimal XDC constraints or non-optimal design architecture
Related violations: <none>

TIMING-16#83 Warning
Large setup violation  
There is a large setup violation of -1.536 ns between graphics_inst/rasterizer_inst/curr_y_q_reg[1]/C (clocked by clk_out4_div_clk_wiz_1) and graphics_inst/rasterizer_inst/barycentric_calc_inst/mr4_2_reg__0/B[7] (clocked by clk_out4_div_clk_wiz_1). Large setup violations at the end of those stages might be difficult to fix during the post-placement implementation flow and could be the result of non-optimal XDC constraints or non-optimal design architecture
Related violations: <none>

TIMING-16#84 Warning
Large setup violation  
There is a large setup violation of -1.540 ns between vga/hc_reg[4]/C (clocked by clk_out1_clk_wiz_0) and frame_buffer_inst/bram0/U0/inst_blk_mem_gen/gnbram.gnativebmg.native_blk_mem_gen/valid.cstr/ramloop[0].ram.r/prim_noinit.ram/DEVICE_7SERIES.NO_BMM_INFO.TRUE_DP.SIMPLE_PRIM18.ram/ADDRBWRADDR[8] (clocked by clk_out4_div_clk_wiz_1). Large setup violations at the end of those stages might be difficult to fix during the post-placement implementation flow and could be the result of non-optimal XDC constraints or non-optimal design architecture
Related violations: <none>

TIMING-16#85 Warning
Large setup violation  
There is a large setup violation of -1.543 ns between graphics_inst/rasterizer_inst/curr_x_q_reg[2]_replica/C (clocked by clk_out4_div_clk_wiz_1) and graphics_inst/rasterizer_inst/barycentric_calc_inst/mr3_2_reg__0/B[8] (clocked by clk_out4_div_clk_wiz_1). Large setup violations at the end of those stages might be difficult to fix during the post-placement implementation flow and could be the result of non-optimal XDC constraints or non-optimal design architecture
Related violations: <none>

TIMING-16#86 Warning
Large setup violation  
There is a large setup violation of -1.551 ns between vga/hc_reg[2]/C (clocked by clk_out1_clk_wiz_0) and frame_buffer_inst/bram0/U0/inst_blk_mem_gen/gnbram.gnativebmg.native_blk_mem_gen/valid.cstr/ramloop[0].ram.r/prim_noinit.ram/DEVICE_7SERIES.NO_BMM_INFO.TRUE_DP.SIMPLE_PRIM18.ram/ADDRBWRADDR[6] (clocked by clk_out4_div_clk_wiz_1). Large setup violations at the end of those stages might be difficult to fix during the post-placement implementation flow and could be the result of non-optimal XDC constraints or non-optimal design architecture
Related violations: <none>

TIMING-16#87 Warning
Large setup violation  
There is a large setup violation of -1.553 ns between vga/hc_reg[6]/C (clocked by clk_out1_clk_wiz_0) and frame_buffer_inst/bram0/U0/inst_blk_mem_gen/gnbram.gnativebmg.native_blk_mem_gen/valid.cstr/ramloop[0].ram.r/prim_noinit.ram/DEVICE_7SERIES.NO_BMM_INFO.TRUE_DP.SIMPLE_PRIM18.ram/ADDRBWRADDR[10] (clocked by clk_out4_div_clk_wiz_1). Large setup violations at the end of those stages might be difficult to fix during the post-placement implementation flow and could be the result of non-optimal XDC constraints or non-optimal design architecture
Related violations: <none>

TIMING-16#88 Warning
Large setup violation  
There is a large setup violation of -1.556 ns between graphics_inst/rasterizer_inst/curr_x_q_reg[2]_replica/C (clocked by clk_out4_div_clk_wiz_1) and graphics_inst/rasterizer_inst/barycentric_calc_inst/mr3_2_reg/B[6] (clocked by clk_out4_div_clk_wiz_1). Large setup violations at the end of those stages might be difficult to fix during the post-placement implementation flow and could be the result of non-optimal XDC constraints or non-optimal design architecture
Related violations: <none>

TIMING-16#89 Warning
Large setup violation  
There is a large setup violation of -1.560 ns between graphics_inst/rasterizer_inst/curr_x_q_reg[2]_replica/C (clocked by clk_out4_div_clk_wiz_1) and graphics_inst/rasterizer_inst/barycentric_calc_inst/mr3_2_reg/B[15] (clocked by clk_out4_div_clk_wiz_1). Large setup violations at the end of those stages might be difficult to fix during the post-placement implementation flow and could be the result of non-optimal XDC constraints or non-optimal design architecture
Related violations: <none>

TIMING-16#90 Warning
Large setup violation  
There is a large setup violation of -1.560 ns between graphics_inst/rasterizer_inst/curr_x_q_reg[2]_replica/C (clocked by clk_out4_div_clk_wiz_1) and graphics_inst/rasterizer_inst/barycentric_calc_inst/mr3_2_reg/B[17] (clocked by clk_out4_div_clk_wiz_1). Large setup violations at the end of those stages might be difficult to fix during the post-placement implementation flow and could be the result of non-optimal XDC constraints or non-optimal design architecture
Related violations: <none>

TIMING-16#91 Warning
Large setup violation  
There is a large setup violation of -1.563 ns between graphics_inst/rasterizer_inst/curr_x_q_reg[2]_replica/C (clocked by clk_out4_div_clk_wiz_1) and graphics_inst/rasterizer_inst/barycentric_calc_inst/mr3_2_reg__0/B[11] (clocked by clk_out4_div_clk_wiz_1). Large setup violations at the end of those stages might be difficult to fix during the post-placement implementation flow and could be the result of non-optimal XDC constraints or non-optimal design architecture
Related violations: <none>

TIMING-16#92 Warning
Large setup violation  
There is a large setup violation of -1.565 ns between graphics_inst/rasterizer_inst/curr_x_q_reg[2]_replica/C (clocked by clk_out4_div_clk_wiz_1) and graphics_inst/rasterizer_inst/barycentric_calc_inst/mr3_2_reg__0/B[10] (clocked by clk_out4_div_clk_wiz_1). Large setup violations at the end of those stages might be difficult to fix during the post-placement implementation flow and could be the result of non-optimal XDC constraints or non-optimal design architecture
Related violations: <none>

TIMING-16#93 Warning
Large setup violation  
There is a large setup violation of -1.566 ns between vga/vs_reg/C (clocked by clk_out1_clk_wiz_0) and rd_addr_offset_reg[10]/R (clocked by clk_out4_div_clk_wiz_1). Large setup violations at the end of those stages might be difficult to fix during the post-placement implementation flow and could be the result of non-optimal XDC constraints or non-optimal design architecture
Related violations: <none>

TIMING-16#94 Warning
Large setup violation  
There is a large setup violation of -1.566 ns between vga/vs_reg/C (clocked by clk_out1_clk_wiz_0) and rd_addr_offset_reg[12]/R (clocked by clk_out4_div_clk_wiz_1). Large setup violations at the end of those stages might be difficult to fix during the post-placement implementation flow and could be the result of non-optimal XDC constraints or non-optimal design architecture
Related violations: <none>

TIMING-16#95 Warning
Large setup violation  
There is a large setup violation of -1.566 ns between vga/vs_reg/C (clocked by clk_out1_clk_wiz_0) and rd_addr_offset_reg[13]/R (clocked by clk_out4_div_clk_wiz_1). Large setup violations at the end of those stages might be difficult to fix during the post-placement implementation flow and could be the result of non-optimal XDC constraints or non-optimal design architecture
Related violations: <none>

TIMING-16#96 Warning
Large setup violation  
There is a large setup violation of -1.566 ns between vga/vs_reg/C (clocked by clk_out1_clk_wiz_0) and rd_addr_offset_reg[14]/R (clocked by clk_out4_div_clk_wiz_1). Large setup violations at the end of those stages might be difficult to fix during the post-placement implementation flow and could be the result of non-optimal XDC constraints or non-optimal design architecture
Related violations: <none>

TIMING-16#97 Warning
Large setup violation  
There is a large setup violation of -1.566 ns between vga/vs_reg/C (clocked by clk_out1_clk_wiz_0) and rd_addr_offset_reg[7]/R (clocked by clk_out4_div_clk_wiz_1). Large setup violations at the end of those stages might be difficult to fix during the post-placement implementation flow and could be the result of non-optimal XDC constraints or non-optimal design architecture
Related violations: <none>

TIMING-16#98 Warning
Large setup violation  
There is a large setup violation of -1.566 ns between vga/vs_reg/C (clocked by clk_out1_clk_wiz_0) and rd_addr_offset_reg[8]/R (clocked by clk_out4_div_clk_wiz_1). Large setup violations at the end of those stages might be difficult to fix during the post-placement implementation flow and could be the result of non-optimal XDC constraints or non-optimal design architecture
Related violations: <none>

TIMING-16#99 Warning
Large setup violation  
There is a large setup violation of -1.566 ns between vga/vs_reg/C (clocked by clk_out1_clk_wiz_0) and rd_addr_offset_reg[9]/R (clocked by clk_out4_div_clk_wiz_1). Large setup violations at the end of those stages might be difficult to fix during the post-placement implementation flow and could be the result of non-optimal XDC constraints or non-optimal design architecture
Related violations: <none>

TIMING-16#100 Warning
Large setup violation  
There is a large setup violation of -1.570 ns between graphics_inst/rasterizer_inst/curr_y_q_reg[1]/C (clocked by clk_out4_div_clk_wiz_1) and graphics_inst/rasterizer_inst/barycentric_calc_inst/mr4_2_reg__0/B[6] (clocked by clk_out4_div_clk_wiz_1). Large setup violations at the end of those stages might be difficult to fix during the post-placement implementation flow and could be the result of non-optimal XDC constraints or non-optimal design architecture
Related violations: <none>

TIMING-16#101 Warning
Large setup violation  
There is a large setup violation of -1.571 ns between graphics_inst/rasterizer_inst/curr_y_q_reg[1]/C (clocked by clk_out4_div_clk_wiz_1) and graphics_inst/rasterizer_inst/barycentric_calc_inst/mr4_2_reg__0/B[9] (clocked by clk_out4_div_clk_wiz_1). Large setup violations at the end of those stages might be difficult to fix during the post-placement implementation flow and could be the result of non-optimal XDC constraints or non-optimal design architecture
Related violations: <none>

TIMING-16#102 Warning
Large setup violation  
There is a large setup violation of -1.588 ns between graphics_inst/rasterizer_inst/curr_y_q_reg[1]/C (clocked by clk_out4_div_clk_wiz_1) and graphics_inst/rasterizer_inst/barycentric_calc_inst/mr2_2_reg/B[16] (clocked by clk_out4_div_clk_wiz_1). Large setup violations at the end of those stages might be difficult to fix during the post-placement implementation flow and could be the result of non-optimal XDC constraints or non-optimal design architecture
Related violations: <none>

TIMING-16#103 Warning
Large setup violation  
There is a large setup violation of -1.588 ns between graphics_inst/rasterizer_inst/curr_y_q_reg[1]/C (clocked by clk_out4_div_clk_wiz_1) and graphics_inst/rasterizer_inst/barycentric_calc_inst/mr2_2_reg/B[17] (clocked by clk_out4_div_clk_wiz_1). Large setup violations at the end of those stages might be difficult to fix during the post-placement implementation flow and could be the result of non-optimal XDC constraints or non-optimal design architecture
Related violations: <none>

TIMING-16#104 Warning
Large setup violation  
There is a large setup violation of -1.593 ns between graphics_inst/rasterizer_inst/curr_x_q_reg[2]_replica/C (clocked by clk_out4_div_clk_wiz_1) and graphics_inst/rasterizer_inst/barycentric_calc_inst/mr1_2_reg__0/B[6] (clocked by clk_out4_div_clk_wiz_1). Large setup violations at the end of those stages might be difficult to fix during the post-placement implementation flow and could be the result of non-optimal XDC constraints or non-optimal design architecture
Related violations: <none>

TIMING-16#105 Warning
Large setup violation  
There is a large setup violation of -1.594 ns between graphics_inst/rasterizer_inst/curr_x_q_reg[2]_replica/C (clocked by clk_out4_div_clk_wiz_1) and graphics_inst/rasterizer_inst/barycentric_calc_inst/mr1_2_reg/B[6] (clocked by clk_out4_div_clk_wiz_1). Large setup violations at the end of those stages might be difficult to fix during the post-placement implementation flow and could be the result of non-optimal XDC constraints or non-optimal design architecture
Related violations: <none>

TIMING-16#106 Warning
Large setup violation  
There is a large setup violation of -1.594 ns between graphics_inst/rasterizer_inst/curr_x_q_reg[2]_replica/C (clocked by clk_out4_div_clk_wiz_1) and graphics_inst/rasterizer_inst/barycentric_calc_inst/mr1_2_reg/B[9] (clocked by clk_out4_div_clk_wiz_1). Large setup violations at the end of those stages might be difficult to fix during the post-placement implementation flow and could be the result of non-optimal XDC constraints or non-optimal design architecture
Related violations: <none>

TIMING-16#107 Warning
Large setup violation  
There is a large setup violation of -1.594 ns between graphics_inst/rasterizer_inst/curr_x_q_reg[2]_replica/C (clocked by clk_out4_div_clk_wiz_1) and graphics_inst/rasterizer_inst/barycentric_calc_inst/mr1_2_reg__0/B[9] (clocked by clk_out4_div_clk_wiz_1). Large setup violations at the end of those stages might be difficult to fix during the post-placement implementation flow and could be the result of non-optimal XDC constraints or non-optimal design architecture
Related violations: <none>

TIMING-16#108 Warning
Large setup violation  
There is a large setup violation of -1.598 ns between graphics_inst/rasterizer_inst/curr_y_q_reg[1]/C (clocked by clk_out4_div_clk_wiz_1) and graphics_inst/rasterizer_inst/barycentric_calc_inst/mr4_2_reg/B[16] (clocked by clk_out4_div_clk_wiz_1). Large setup violations at the end of those stages might be difficult to fix during the post-placement implementation flow and could be the result of non-optimal XDC constraints or non-optimal design architecture
Related violations: <none>

TIMING-16#109 Warning
Large setup violation  
There is a large setup violation of -1.598 ns between graphics_inst/rasterizer_inst/curr_y_q_reg[1]/C (clocked by clk_out4_div_clk_wiz_1) and graphics_inst/rasterizer_inst/barycentric_calc_inst/mr4_2_reg/B[17] (clocked by clk_out4_div_clk_wiz_1). Large setup violations at the end of those stages might be difficult to fix during the post-placement implementation flow and could be the result of non-optimal XDC constraints or non-optimal design architecture
Related violations: <none>

TIMING-16#110 Warning
Large setup violation  
There is a large setup violation of -1.609 ns between graphics_inst/rasterizer_inst/curr_x_q_reg[2]_replica/C (clocked by clk_out4_div_clk_wiz_1) and graphics_inst/rasterizer_inst/barycentric_calc_inst/mr3_2_reg/B[16] (clocked by clk_out4_div_clk_wiz_1). Large setup violations at the end of those stages might be difficult to fix during the post-placement implementation flow and could be the result of non-optimal XDC constraints or non-optimal design architecture
Related violations: <none>

TIMING-16#111 Warning
Large setup violation  
There is a large setup violation of -1.617 ns between graphics_inst/rasterizer_inst/curr_y_q_reg[1]/C (clocked by clk_out4_div_clk_wiz_1) and graphics_inst/rasterizer_inst/barycentric_calc_inst/mr2_2_reg__0/B[11] (clocked by clk_out4_div_clk_wiz_1). Large setup violations at the end of those stages might be difficult to fix during the post-placement implementation flow and could be the result of non-optimal XDC constraints or non-optimal design architecture
Related violations: <none>

TIMING-16#112 Warning
Large setup violation  
There is a large setup violation of -1.631 ns between graphics_inst/rasterizer_inst/curr_y_q_reg[1]/C (clocked by clk_out4_div_clk_wiz_1) and graphics_inst/rasterizer_inst/barycentric_calc_inst/mr4_2_reg/B[10] (clocked by clk_out4_div_clk_wiz_1). Large setup violations at the end of those stages might be difficult to fix during the post-placement implementation flow and could be the result of non-optimal XDC constraints or non-optimal design architecture
Related violations: <none>

TIMING-16#113 Warning
Large setup violation  
There is a large setup violation of -1.631 ns between vga/vc_reg[7]/C (clocked by clk_out1_clk_wiz_0) and FSM_onehot_fbuf_wr_state_q_reg[1]/D (clocked by clk_out4_div_clk_wiz_1). Large setup violations at the end of those stages might be difficult to fix during the post-placement implementation flow and could be the result of non-optimal XDC constraints or non-optimal design architecture
Related violations: <none>

TIMING-16#114 Warning
Large setup violation  
There is a large setup violation of -1.640 ns between vga/hc_reg[9]/C (clocked by clk_out1_clk_wiz_0) and frame_buffer_inst/bram0/U0/inst_blk_mem_gen/gnbram.gnativebmg.native_blk_mem_gen/valid.cstr/ramloop[0].ram.r/prim_noinit.ram/DEVICE_7SERIES.NO_BMM_INFO.TRUE_DP.SIMPLE_PRIM18.ram/ADDRBWRADDR[13] (clocked by clk_out4_div_clk_wiz_1). Large setup violations at the end of those stages might be difficult to fix during the post-placement implementation flow and could be the result of non-optimal XDC constraints or non-optimal design architecture
Related violations: <none>

TIMING-16#115 Warning
Large setup violation  
There is a large setup violation of -1.640 ns between vga/vs_reg/C (clocked by clk_out1_clk_wiz_0) and rd_addr_offset_reg[15]/R (clocked by clk_out4_div_clk_wiz_1). Large setup violations at the end of those stages might be difficult to fix during the post-placement implementation flow and could be the result of non-optimal XDC constraints or non-optimal design architecture
Related violations: <none>

TIMING-16#116 Warning
Large setup violation  
There is a large setup violation of -1.640 ns between vga/vs_reg/C (clocked by clk_out1_clk_wiz_0) and rd_addr_offset_reg[16]/R (clocked by clk_out4_div_clk_wiz_1). Large setup violations at the end of those stages might be difficult to fix during the post-placement implementation flow and could be the result of non-optimal XDC constraints or non-optimal design architecture
Related violations: <none>

TIMING-16#117 Warning
Large setup violation  
There is a large setup violation of -1.640 ns between vga/vs_reg/C (clocked by clk_out1_clk_wiz_0) and rd_addr_offset_reg[17]/R (clocked by clk_out4_div_clk_wiz_1). Large setup violations at the end of those stages might be difficult to fix during the post-placement implementation flow and could be the result of non-optimal XDC constraints or non-optimal design architecture
Related violations: <none>

TIMING-16#118 Warning
Large setup violation  
There is a large setup violation of -1.640 ns between vga/vs_reg/C (clocked by clk_out1_clk_wiz_0) and rd_addr_offset_reg[18]/R (clocked by clk_out4_div_clk_wiz_1). Large setup violations at the end of those stages might be difficult to fix during the post-placement implementation flow and could be the result of non-optimal XDC constraints or non-optimal design architecture
Related violations: <none>

TIMING-16#119 Warning
Large setup violation  
There is a large setup violation of -1.643 ns between vga/hc_reg[7]/C (clocked by clk_out1_clk_wiz_0) and frame_buffer_inst/bram0/U0/inst_blk_mem_gen/gnbram.gnativebmg.native_blk_mem_gen/valid.cstr/ramloop[0].ram.r/prim_noinit.ram/DEVICE_7SERIES.NO_BMM_INFO.TRUE_DP.SIMPLE_PRIM18.ram/ADDRBWRADDR[11] (clocked by clk_out4_div_clk_wiz_1). Large setup violations at the end of those stages might be difficult to fix during the post-placement implementation flow and could be the result of non-optimal XDC constraints or non-optimal design architecture
Related violations: <none>

TIMING-16#120 Warning
Large setup violation  
There is a large setup violation of -1.649 ns between graphics_inst/rasterizer_inst/curr_y_q_reg[1]/C (clocked by clk_out4_div_clk_wiz_1) and graphics_inst/rasterizer_inst/barycentric_calc_inst/mr2_2_reg__0/B[12] (clocked by clk_out4_div_clk_wiz_1). Large setup violations at the end of those stages might be difficult to fix during the post-placement implementation flow and could be the result of non-optimal XDC constraints or non-optimal design architecture
Related violations: <none>

TIMING-16#121 Warning
Large setup violation  
There is a large setup violation of -1.649 ns between graphics_inst/rasterizer_inst/curr_y_q_reg[1]/C (clocked by clk_out4_div_clk_wiz_1) and graphics_inst/rasterizer_inst/barycentric_calc_inst/mr4_2_reg/B[13] (clocked by clk_out4_div_clk_wiz_1). Large setup violations at the end of those stages might be difficult to fix during the post-placement implementation flow and could be the result of non-optimal XDC constraints or non-optimal design architecture
Related violations: <none>

TIMING-16#122 Warning
Large setup violation  
There is a large setup violation of -1.649 ns between graphics_inst/rasterizer_inst/curr_y_q_reg[1]/C (clocked by clk_out4_div_clk_wiz_1) and graphics_inst/rasterizer_inst/barycentric_calc_inst/mr4_2_reg/B[14] (clocked by clk_out4_div_clk_wiz_1). Large setup violations at the end of those stages might be difficult to fix during the post-placement implementation flow and could be the result of non-optimal XDC constraints or non-optimal design architecture
Related violations: <none>

TIMING-16#123 Warning
Large setup violation  
There is a large setup violation of -1.649 ns between graphics_inst/rasterizer_inst/curr_y_q_reg[1]/C (clocked by clk_out4_div_clk_wiz_1) and graphics_inst/rasterizer_inst/barycentric_calc_inst/mr4_2_reg/B[15] (clocked by clk_out4_div_clk_wiz_1). Large setup violations at the end of those stages might be difficult to fix during the post-placement implementation flow and could be the result of non-optimal XDC constraints or non-optimal design architecture
Related violations: <none>

TIMING-16#124 Warning
Large setup violation  
There is a large setup violation of -1.661 ns between vga/vs_reg/C (clocked by clk_out1_clk_wiz_0) and rd_addr_offset_reg[11]/R (clocked by clk_out4_div_clk_wiz_1). Large setup violations at the end of those stages might be difficult to fix during the post-placement implementation flow and could be the result of non-optimal XDC constraints or non-optimal design architecture
Related violations: <none>

TIMING-16#125 Warning
Large setup violation  
There is a large setup violation of -1.661 ns between vga/vs_reg/C (clocked by clk_out1_clk_wiz_0) and rd_addr_offset_reg[19]/R (clocked by clk_out4_div_clk_wiz_1). Large setup violations at the end of those stages might be difficult to fix during the post-placement implementation flow and could be the result of non-optimal XDC constraints or non-optimal design architecture
Related violations: <none>

TIMING-16#126 Warning
Large setup violation  
There is a large setup violation of -1.661 ns between vga/vs_reg/C (clocked by clk_out1_clk_wiz_0) and rd_addr_offset_reg[20]/R (clocked by clk_out4_div_clk_wiz_1). Large setup violations at the end of those stages might be difficult to fix during the post-placement implementation flow and could be the result of non-optimal XDC constraints or non-optimal design architecture
Related violations: <none>

TIMING-16#127 Warning
Large setup violation  
There is a large setup violation of -1.661 ns between vga/vs_reg/C (clocked by clk_out1_clk_wiz_0) and rd_addr_offset_reg[21]/R (clocked by clk_out4_div_clk_wiz_1). Large setup violations at the end of those stages might be difficult to fix during the post-placement implementation flow and could be the result of non-optimal XDC constraints or non-optimal design architecture
Related violations: <none>

TIMING-16#128 Warning
Large setup violation  
There is a large setup violation of -1.661 ns between vga/vs_reg/C (clocked by clk_out1_clk_wiz_0) and rd_addr_offset_reg[22]/R (clocked by clk_out4_div_clk_wiz_1). Large setup violations at the end of those stages might be difficult to fix during the post-placement implementation flow and could be the result of non-optimal XDC constraints or non-optimal design architecture
Related violations: <none>

TIMING-16#129 Warning
Large setup violation  
There is a large setup violation of -1.661 ns between vga/vs_reg/C (clocked by clk_out1_clk_wiz_0) and rd_addr_offset_reg[23]/R (clocked by clk_out4_div_clk_wiz_1). Large setup violations at the end of those stages might be difficult to fix during the post-placement implementation flow and could be the result of non-optimal XDC constraints or non-optimal design architecture
Related violations: <none>

TIMING-16#130 Warning
Large setup violation  
There is a large setup violation of -1.661 ns between vga/vs_reg/C (clocked by clk_out1_clk_wiz_0) and rd_addr_offset_reg[24]/R (clocked by clk_out4_div_clk_wiz_1). Large setup violations at the end of those stages might be difficult to fix during the post-placement implementation flow and could be the result of non-optimal XDC constraints or non-optimal design architecture
Related violations: <none>

TIMING-16#131 Warning
Large setup violation  
There is a large setup violation of -1.661 ns between vga/vs_reg/C (clocked by clk_out1_clk_wiz_0) and rd_addr_offset_reg[25]/R (clocked by clk_out4_div_clk_wiz_1). Large setup violations at the end of those stages might be difficult to fix during the post-placement implementation flow and could be the result of non-optimal XDC constraints or non-optimal design architecture
Related violations: <none>

TIMING-16#132 Warning
Large setup violation  
There is a large setup violation of -1.664 ns between graphics_inst/rasterizer_inst/curr_y_q_reg[1]/C (clocked by clk_out4_div_clk_wiz_1) and graphics_inst/rasterizer_inst/barycentric_calc_inst/mr4_2_reg__0/B[8] (clocked by clk_out4_div_clk_wiz_1). Large setup violations at the end of those stages might be difficult to fix during the post-placement implementation flow and could be the result of non-optimal XDC constraints or non-optimal design architecture
Related violations: <none>

TIMING-16#133 Warning
Large setup violation  
There is a large setup violation of -1.668 ns between graphics_inst/rasterizer_inst/curr_y_q_reg[1]/C (clocked by clk_out4_div_clk_wiz_1) and graphics_inst/rasterizer_inst/barycentric_calc_inst/mr4_2_reg/B[11] (clocked by clk_out4_div_clk_wiz_1). Large setup violations at the end of those stages might be difficult to fix during the post-placement implementation flow and could be the result of non-optimal XDC constraints or non-optimal design architecture
Related violations: <none>

TIMING-16#134 Warning
Large setup violation  
There is a large setup violation of -1.677 ns between graphics_inst/rasterizer_inst/curr_x_q_reg[2]_replica/C (clocked by clk_out4_div_clk_wiz_1) and graphics_inst/rasterizer_inst/barycentric_calc_inst/mr3_2_reg/B[10] (clocked by clk_out4_div_clk_wiz_1). Large setup violations at the end of those stages might be difficult to fix during the post-placement implementation flow and could be the result of non-optimal XDC constraints or non-optimal design architecture
Related violations: <none>

TIMING-16#135 Warning
Large setup violation  
There is a large setup violation of -1.688 ns between vga/hc_reg[8]/C (clocked by clk_out1_clk_wiz_0) and FSM_onehot_fbuf_wr_state_q_reg[5]/D (clocked by clk_out4_div_clk_wiz_1). Large setup violations at the end of those stages might be difficult to fix during the post-placement implementation flow and could be the result of non-optimal XDC constraints or non-optimal design architecture
Related violations: <none>

TIMING-16#136 Warning
Large setup violation  
There is a large setup violation of -1.696 ns between graphics_inst/rasterizer_inst/curr_x_q_reg[2]_replica/C (clocked by clk_out4_div_clk_wiz_1) and graphics_inst/rasterizer_inst/barycentric_calc_inst/mr3_2_reg/B[11] (clocked by clk_out4_div_clk_wiz_1). Large setup violations at the end of those stages might be difficult to fix during the post-placement implementation flow and could be the result of non-optimal XDC constraints or non-optimal design architecture
Related violations: <none>

TIMING-16#137 Warning
Large setup violation  
There is a large setup violation of -1.709 ns between graphics_inst/rasterizer_inst/curr_y_q_reg[1]/C (clocked by clk_out4_div_clk_wiz_1) and graphics_inst/rasterizer_inst/barycentric_calc_inst/mr2_2_reg__0/B[16] (clocked by clk_out4_div_clk_wiz_1). Large setup violations at the end of those stages might be difficult to fix during the post-placement implementation flow and could be the result of non-optimal XDC constraints or non-optimal design architecture
Related violations: <none>

TIMING-16#138 Warning
Large setup violation  
There is a large setup violation of -1.709 ns between graphics_inst/rasterizer_inst/curr_y_q_reg[1]/C (clocked by clk_out4_div_clk_wiz_1) and graphics_inst/rasterizer_inst/barycentric_calc_inst/mr2_2_reg__0/B[17] (clocked by clk_out4_div_clk_wiz_1). Large setup violations at the end of those stages might be difficult to fix during the post-placement implementation flow and could be the result of non-optimal XDC constraints or non-optimal design architecture
Related violations: <none>

TIMING-16#139 Warning
Large setup violation  
There is a large setup violation of -1.712 ns between vga/hc_reg[8]/C (clocked by clk_out1_clk_wiz_0) and frame_buffer_inst/bram0/U0/inst_blk_mem_gen/gnbram.gnativebmg.native_blk_mem_gen/valid.cstr/ramloop[0].ram.r/prim_noinit.ram/DEVICE_7SERIES.NO_BMM_INFO.TRUE_DP.SIMPLE_PRIM18.ram/ADDRBWRADDR[12] (clocked by clk_out4_div_clk_wiz_1). Large setup violations at the end of those stages might be difficult to fix during the post-placement implementation flow and could be the result of non-optimal XDC constraints or non-optimal design architecture
Related violations: <none>

TIMING-16#140 Warning
Large setup violation  
There is a large setup violation of -1.714 ns between graphics_inst/rasterizer_inst/curr_x_q_reg[2]_replica/C (clocked by clk_out4_div_clk_wiz_1) and graphics_inst/rasterizer_inst/barycentric_calc_inst/mr1_2_reg__0/B[8] (clocked by clk_out4_div_clk_wiz_1). Large setup violations at the end of those stages might be difficult to fix during the post-placement implementation flow and could be the result of non-optimal XDC constraints or non-optimal design architecture
Related violations: <none>

TIMING-16#141 Warning
Large setup violation  
There is a large setup violation of -1.718 ns between graphics_inst/rasterizer_inst/curr_x_q_reg[2]_replica/C (clocked by clk_out4_div_clk_wiz_1) and graphics_inst/rasterizer_inst/barycentric_calc_inst/mr3_2_reg/B[12] (clocked by clk_out4_div_clk_wiz_1). Large setup violations at the end of those stages might be difficult to fix during the post-placement implementation flow and could be the result of non-optimal XDC constraints or non-optimal design architecture
Related violations: <none>

TIMING-16#142 Warning
Large setup violation  
There is a large setup violation of -1.718 ns between graphics_inst/rasterizer_inst/curr_x_q_reg[2]_replica/C (clocked by clk_out4_div_clk_wiz_1) and graphics_inst/rasterizer_inst/barycentric_calc_inst/mr3_2_reg/B[13] (clocked by clk_out4_div_clk_wiz_1). Large setup violations at the end of those stages might be difficult to fix during the post-placement implementation flow and could be the result of non-optimal XDC constraints or non-optimal design architecture
Related violations: <none>

TIMING-16#143 Warning
Large setup violation  
There is a large setup violation of -1.718 ns between graphics_inst/rasterizer_inst/curr_x_q_reg[2]_replica/C (clocked by clk_out4_div_clk_wiz_1) and graphics_inst/rasterizer_inst/barycentric_calc_inst/mr3_2_reg/B[14] (clocked by clk_out4_div_clk_wiz_1). Large setup violations at the end of those stages might be difficult to fix during the post-placement implementation flow and could be the result of non-optimal XDC constraints or non-optimal design architecture
Related violations: <none>

TIMING-16#144 Warning
Large setup violation  
There is a large setup violation of -1.724 ns between vga/vc_reg[7]/C (clocked by clk_out1_clk_wiz_0) and FSM_onehot_fbuf_wr_state_q_reg[4]/D (clocked by clk_out4_div_clk_wiz_1). Large setup violations at the end of those stages might be difficult to fix during the post-placement implementation flow and could be the result of non-optimal XDC constraints or non-optimal design architecture
Related violations: <none>

TIMING-16#145 Warning
Large setup violation  
There is a large setup violation of -1.730 ns between graphics_inst/rasterizer_inst/curr_y_q_reg[1]/C (clocked by clk_out4_div_clk_wiz_1) and graphics_inst/rasterizer_inst/barycentric_calc_inst/mr2_2_reg__0/B[10] (clocked by clk_out4_div_clk_wiz_1). Large setup violations at the end of those stages might be difficult to fix during the post-placement implementation flow and could be the result of non-optimal XDC constraints or non-optimal design architecture
Related violations: <none>

TIMING-16#146 Warning
Large setup violation  
There is a large setup violation of -1.731 ns between graphics_inst/rasterizer_inst/curr_x_q_reg[2]_replica/C (clocked by clk_out4_div_clk_wiz_1) and graphics_inst/rasterizer_inst/barycentric_calc_inst/mr3_2_reg__0/B[12] (clocked by clk_out4_div_clk_wiz_1). Large setup violations at the end of those stages might be difficult to fix during the post-placement implementation flow and could be the result of non-optimal XDC constraints or non-optimal design architecture
Related violations: <none>

TIMING-16#147 Warning
Large setup violation  
There is a large setup violation of -1.731 ns between graphics_inst/rasterizer_inst/curr_x_q_reg[2]_replica/C (clocked by clk_out4_div_clk_wiz_1) and graphics_inst/rasterizer_inst/barycentric_calc_inst/mr3_2_reg__0/B[13] (clocked by clk_out4_div_clk_wiz_1). Large setup violations at the end of those stages might be difficult to fix during the post-placement implementation flow and could be the result of non-optimal XDC constraints or non-optimal design architecture
Related violations: <none>

TIMING-16#148 Warning
Large setup violation  
There is a large setup violation of -1.731 ns between graphics_inst/rasterizer_inst/curr_x_q_reg[2]_replica/C (clocked by clk_out4_div_clk_wiz_1) and graphics_inst/rasterizer_inst/barycentric_calc_inst/mr3_2_reg__0/B[14] (clocked by clk_out4_div_clk_wiz_1). Large setup violations at the end of those stages might be difficult to fix during the post-placement implementation flow and could be the result of non-optimal XDC constraints or non-optimal design architecture
Related violations: <none>

TIMING-16#149 Warning
Large setup violation  
There is a large setup violation of -1.731 ns between graphics_inst/rasterizer_inst/curr_x_q_reg[2]_replica/C (clocked by clk_out4_div_clk_wiz_1) and graphics_inst/rasterizer_inst/barycentric_calc_inst/mr3_2_reg__0/B[15] (clocked by clk_out4_div_clk_wiz_1). Large setup violations at the end of those stages might be difficult to fix during the post-placement implementation flow and could be the result of non-optimal XDC constraints or non-optimal design architecture
Related violations: <none>

TIMING-16#150 Warning
Large setup violation  
There is a large setup violation of -1.738 ns between graphics_inst/rasterizer_inst/curr_y_q_reg[1]/C (clocked by clk_out4_div_clk_wiz_1) and graphics_inst/rasterizer_inst/barycentric_calc_inst/mr4_2_reg/B[12] (clocked by clk_out4_div_clk_wiz_1). Large setup violations at the end of those stages might be difficult to fix during the post-placement implementation flow and could be the result of non-optimal XDC constraints or non-optimal design architecture
Related violations: <none>

TIMING-16#151 Warning
Large setup violation  
There is a large setup violation of -1.744 ns between vga/vc_reg[9]/C (clocked by clk_out1_clk_wiz_0) and FSM_onehot_fbuf_wr_state_q_reg[2]/D (clocked by clk_out4_div_clk_wiz_1). Large setup violations at the end of those stages might be difficult to fix during the post-placement implementation flow and could be the result of non-optimal XDC constraints or non-optimal design architecture
Related violations: <none>

TIMING-16#152 Warning
Large setup violation  
There is a large setup violation of -1.746 ns between vga/vc_reg[7]/C (clocked by clk_out1_clk_wiz_0) and old_vga_vde_reg/D (clocked by clk_out4_div_clk_wiz_1). Large setup violations at the end of those stages might be difficult to fix during the post-placement implementation flow and could be the result of non-optimal XDC constraints or non-optimal design architecture
Related violations: <none>

TIMING-16#153 Warning
Large setup violation  
There is a large setup violation of -1.748 ns between graphics_inst/rasterizer_inst/curr_x_q_reg[2]_replica/C (clocked by clk_out4_div_clk_wiz_1) and graphics_inst/rasterizer_inst/barycentric_calc_inst/mr1_2_reg/B[17] (clocked by clk_out4_div_clk_wiz_1). Large setup violations at the end of those stages might be difficult to fix during the post-placement implementation flow and could be the result of non-optimal XDC constraints or non-optimal design architecture
Related violations: <none>

TIMING-16#154 Warning
Large setup violation  
There is a large setup violation of -1.759 ns between graphics_inst/rasterizer_inst/curr_x_q_reg[2]_replica/C (clocked by clk_out4_div_clk_wiz_1) and graphics_inst/rasterizer_inst/barycentric_calc_inst/mr1_2_reg/B[16] (clocked by clk_out4_div_clk_wiz_1). Large setup violations at the end of those stages might be difficult to fix during the post-placement implementation flow and could be the result of non-optimal XDC constraints or non-optimal design architecture
Related violations: <none>

TIMING-16#155 Warning
Large setup violation  
There is a large setup violation of -1.764 ns between vga/vc_reg[7]/C (clocked by clk_out1_clk_wiz_0) and FSM_onehot_fbuf_wr_state_q_reg[3]/D (clocked by clk_out4_div_clk_wiz_1). Large setup violations at the end of those stages might be difficult to fix during the post-placement implementation flow and could be the result of non-optimal XDC constraints or non-optimal design architecture
Related violations: <none>

TIMING-16#156 Warning
Large setup violation  
There is a large setup violation of -1.773 ns between graphics_inst/rasterizer_inst/curr_x_q_reg[2]_replica/C (clocked by clk_out4_div_clk_wiz_1) and graphics_inst/rasterizer_inst/barycentric_calc_inst/mr1_2_reg/B[15] (clocked by clk_out4_div_clk_wiz_1). Large setup violations at the end of those stages might be difficult to fix during the post-placement implementation flow and could be the result of non-optimal XDC constraints or non-optimal design architecture
Related violations: <none>

TIMING-16#157 Warning
Large setup violation  
There is a large setup violation of -1.773 ns between graphics_inst/rasterizer_inst/curr_y_q_reg[1]/C (clocked by clk_out4_div_clk_wiz_1) and graphics_inst/rasterizer_inst/barycentric_calc_inst/mr4_2_reg__0/B[10] (clocked by clk_out4_div_clk_wiz_1). Large setup violations at the end of those stages might be difficult to fix during the post-placement implementation flow and could be the result of non-optimal XDC constraints or non-optimal design architecture
Related violations: <none>

TIMING-16#158 Warning
Large setup violation  
There is a large setup violation of -1.774 ns between vga/hc_reg[9]/C (clocked by clk_out1_clk_wiz_0) and FSM_onehot_fbuf_wr_state_q_reg[0]/D (clocked by clk_out4_div_clk_wiz_1). Large setup violations at the end of those stages might be difficult to fix during the post-placement implementation flow and could be the result of non-optimal XDC constraints or non-optimal design architecture
Related violations: <none>

TIMING-16#159 Warning
Large setup violation  
There is a large setup violation of -1.777 ns between graphics_inst/rasterizer_inst/curr_y_q_reg[1]/C (clocked by clk_out4_div_clk_wiz_1) and graphics_inst/rasterizer_inst/barycentric_calc_inst/mr2_2_reg__0/B[13] (clocked by clk_out4_div_clk_wiz_1). Large setup violations at the end of those stages might be difficult to fix during the post-placement implementation flow and could be the result of non-optimal XDC constraints or non-optimal design architecture
Related violations: <none>

TIMING-16#160 Warning
Large setup violation  
There is a large setup violation of -1.777 ns between graphics_inst/rasterizer_inst/curr_y_q_reg[1]/C (clocked by clk_out4_div_clk_wiz_1) and graphics_inst/rasterizer_inst/barycentric_calc_inst/mr2_2_reg__0/B[14] (clocked by clk_out4_div_clk_wiz_1). Large setup violations at the end of those stages might be difficult to fix during the post-placement implementation flow and could be the result of non-optimal XDC constraints or non-optimal design architecture
Related violations: <none>

TIMING-16#161 Warning
Large setup violation  
There is a large setup violation of -1.777 ns between graphics_inst/rasterizer_inst/curr_y_q_reg[1]/C (clocked by clk_out4_div_clk_wiz_1) and graphics_inst/rasterizer_inst/barycentric_calc_inst/mr2_2_reg__0/B[15] (clocked by clk_out4_div_clk_wiz_1). Large setup violations at the end of those stages might be difficult to fix during the post-placement implementation flow and could be the result of non-optimal XDC constraints or non-optimal design architecture
Related violations: <none>

TIMING-16#162 Warning
Large setup violation  
There is a large setup violation of -1.792 ns between graphics_inst/rasterizer_inst/curr_x_q_reg[2]_replica/C (clocked by clk_out4_div_clk_wiz_1) and graphics_inst/rasterizer_inst/barycentric_calc_inst/mr1_2_reg/B[10] (clocked by clk_out4_div_clk_wiz_1). Large setup violations at the end of those stages might be difficult to fix during the post-placement implementation flow and could be the result of non-optimal XDC constraints or non-optimal design architecture
Related violations: <none>

TIMING-16#163 Warning
Large setup violation  
There is a large setup violation of -1.802 ns between graphics_inst/rasterizer_inst/curr_x_q_reg[2]_replica/C (clocked by clk_out4_div_clk_wiz_1) and graphics_inst/rasterizer_inst/barycentric_calc_inst/mr1_2_reg__0/B[10] (clocked by clk_out4_div_clk_wiz_1). Large setup violations at the end of those stages might be difficult to fix during the post-placement implementation flow and could be the result of non-optimal XDC constraints or non-optimal design architecture
Related violations: <none>

TIMING-16#164 Warning
Large setup violation  
There is a large setup violation of -1.821 ns between graphics_inst/rasterizer_inst/curr_x_q_reg[2]_replica/C (clocked by clk_out4_div_clk_wiz_1) and graphics_inst/rasterizer_inst/barycentric_calc_inst/mr1_2_reg/B[12] (clocked by clk_out4_div_clk_wiz_1). Large setup violations at the end of those stages might be difficult to fix during the post-placement implementation flow and could be the result of non-optimal XDC constraints or non-optimal design architecture
Related violations: <none>

TIMING-16#165 Warning
Large setup violation  
There is a large setup violation of -1.821 ns between graphics_inst/rasterizer_inst/curr_x_q_reg[2]_replica/C (clocked by clk_out4_div_clk_wiz_1) and graphics_inst/rasterizer_inst/barycentric_calc_inst/mr1_2_reg/B[13] (clocked by clk_out4_div_clk_wiz_1). Large setup violations at the end of those stages might be difficult to fix during the post-placement implementation flow and could be the result of non-optimal XDC constraints or non-optimal design architecture
Related violations: <none>

TIMING-16#166 Warning
Large setup violation  
There is a large setup violation of -1.821 ns between graphics_inst/rasterizer_inst/curr_x_q_reg[2]_replica/C (clocked by clk_out4_div_clk_wiz_1) and graphics_inst/rasterizer_inst/barycentric_calc_inst/mr1_2_reg/B[14] (clocked by clk_out4_div_clk_wiz_1). Large setup violations at the end of those stages might be difficult to fix during the post-placement implementation flow and could be the result of non-optimal XDC constraints or non-optimal design architecture
Related violations: <none>

TIMING-16#167 Warning
Large setup violation  
There is a large setup violation of -1.832 ns between graphics_inst/rasterizer_inst/curr_x_q_reg[2]_replica/C (clocked by clk_out4_div_clk_wiz_1) and graphics_inst/rasterizer_inst/barycentric_calc_inst/mr1_2_reg__0/B[11] (clocked by clk_out4_div_clk_wiz_1). Large setup violations at the end of those stages might be difficult to fix during the post-placement implementation flow and could be the result of non-optimal XDC constraints or non-optimal design architecture
Related violations: <none>

TIMING-16#168 Warning
Large setup violation  
There is a large setup violation of -1.854 ns between graphics_inst/rasterizer_inst/curr_x_q_reg[2]_replica/C (clocked by clk_out4_div_clk_wiz_1) and graphics_inst/rasterizer_inst/barycentric_calc_inst/mr3_2_reg__0/B[16] (clocked by clk_out4_div_clk_wiz_1). Large setup violations at the end of those stages might be difficult to fix during the post-placement implementation flow and could be the result of non-optimal XDC constraints or non-optimal design architecture
Related violations: <none>

TIMING-16#169 Warning
Large setup violation  
There is a large setup violation of -1.854 ns between graphics_inst/rasterizer_inst/curr_x_q_reg[2]_replica/C (clocked by clk_out4_div_clk_wiz_1) and graphics_inst/rasterizer_inst/barycentric_calc_inst/mr3_2_reg__0/B[17] (clocked by clk_out4_div_clk_wiz_1). Large setup violations at the end of those stages might be difficult to fix during the post-placement implementation flow and could be the result of non-optimal XDC constraints or non-optimal design architecture
Related violations: <none>

TIMING-16#170 Warning
Large setup violation  
There is a large setup violation of -1.855 ns between graphics_inst/rasterizer_inst/curr_y_q_reg[1]/C (clocked by clk_out4_div_clk_wiz_1) and graphics_inst/rasterizer_inst/barycentric_calc_inst/mr4_2_reg__0/B[11] (clocked by clk_out4_div_clk_wiz_1). Large setup violations at the end of those stages might be difficult to fix during the post-placement implementation flow and could be the result of non-optimal XDC constraints or non-optimal design architecture
Related violations: <none>

TIMING-16#171 Warning
Large setup violation  
There is a large setup violation of -1.873 ns between graphics_inst/rasterizer_inst/curr_y_q_reg[1]/C (clocked by clk_out4_div_clk_wiz_1) and graphics_inst/rasterizer_inst/barycentric_calc_inst/mr4_2_reg__0/B[13] (clocked by clk_out4_div_clk_wiz_1). Large setup violations at the end of those stages might be difficult to fix during the post-placement implementation flow and could be the result of non-optimal XDC constraints or non-optimal design architecture
Related violations: <none>

TIMING-16#172 Warning
Large setup violation  
There is a large setup violation of -1.873 ns between graphics_inst/rasterizer_inst/curr_y_q_reg[1]/C (clocked by clk_out4_div_clk_wiz_1) and graphics_inst/rasterizer_inst/barycentric_calc_inst/mr4_2_reg__0/B[14] (clocked by clk_out4_div_clk_wiz_1). Large setup violations at the end of those stages might be difficult to fix during the post-placement implementation flow and could be the result of non-optimal XDC constraints or non-optimal design architecture
Related violations: <none>

TIMING-16#173 Warning
Large setup violation  
There is a large setup violation of -1.873 ns between graphics_inst/rasterizer_inst/curr_y_q_reg[1]/C (clocked by clk_out4_div_clk_wiz_1) and graphics_inst/rasterizer_inst/barycentric_calc_inst/mr4_2_reg__0/B[15] (clocked by clk_out4_div_clk_wiz_1). Large setup violations at the end of those stages might be difficult to fix during the post-placement implementation flow and could be the result of non-optimal XDC constraints or non-optimal design architecture
Related violations: <none>

TIMING-16#174 Warning
Large setup violation  
There is a large setup violation of -1.887 ns between graphics_inst/rasterizer_inst/curr_y_q_reg[1]/C (clocked by clk_out4_div_clk_wiz_1) and graphics_inst/rasterizer_inst/barycentric_calc_inst/mr4_2_reg__0/B[16] (clocked by clk_out4_div_clk_wiz_1). Large setup violations at the end of those stages might be difficult to fix during the post-placement implementation flow and could be the result of non-optimal XDC constraints or non-optimal design architecture
Related violations: <none>

TIMING-16#175 Warning
Large setup violation  
There is a large setup violation of -1.887 ns between graphics_inst/rasterizer_inst/curr_y_q_reg[1]/C (clocked by clk_out4_div_clk_wiz_1) and graphics_inst/rasterizer_inst/barycentric_calc_inst/mr4_2_reg__0/B[17] (clocked by clk_out4_div_clk_wiz_1). Large setup violations at the end of those stages might be difficult to fix during the post-placement implementation flow and could be the result of non-optimal XDC constraints or non-optimal design architecture
Related violations: <none>

TIMING-16#176 Warning
Large setup violation  
There is a large setup violation of -1.915 ns between graphics_inst/rasterizer_inst/curr_y_q_reg[1]/C (clocked by clk_out4_div_clk_wiz_1) and graphics_inst/rasterizer_inst/barycentric_calc_inst/mr4_2_reg__0/B[12] (clocked by clk_out4_div_clk_wiz_1). Large setup violations at the end of those stages might be difficult to fix during the post-placement implementation flow and could be the result of non-optimal XDC constraints or non-optimal design architecture
Related violations: <none>

TIMING-16#177 Warning
Large setup violation  
There is a large setup violation of -1.944 ns between graphics_inst/rasterizer_inst/curr_x_q_reg[2]_replica/C (clocked by clk_out4_div_clk_wiz_1) and graphics_inst/rasterizer_inst/barycentric_calc_inst/mr1_2_reg__0/B[12] (clocked by clk_out4_div_clk_wiz_1). Large setup violations at the end of those stages might be difficult to fix during the post-placement implementation flow and could be the result of non-optimal XDC constraints or non-optimal design architecture
Related violations: <none>

TIMING-16#178 Warning
Large setup violation  
There is a large setup violation of -1.961 ns between graphics_inst/rasterizer_inst/curr_x_q_reg[2]_replica/C (clocked by clk_out4_div_clk_wiz_1) and graphics_inst/rasterizer_inst/barycentric_calc_inst/mr1_2_reg/B[11] (clocked by clk_out4_div_clk_wiz_1). Large setup violations at the end of those stages might be difficult to fix during the post-placement implementation flow and could be the result of non-optimal XDC constraints or non-optimal design architecture
Related violations: <none>

TIMING-16#179 Warning
Large setup violation  
There is a large setup violation of -1.961 ns between graphics_inst/rasterizer_inst/curr_x_q_reg[2]_replica/C (clocked by clk_out4_div_clk_wiz_1) and graphics_inst/rasterizer_inst/barycentric_calc_inst/mr1_2_reg__0/B[13] (clocked by clk_out4_div_clk_wiz_1). Large setup violations at the end of those stages might be difficult to fix during the post-placement implementation flow and could be the result of non-optimal XDC constraints or non-optimal design architecture
Related violations: <none>

TIMING-16#180 Warning
Large setup violation  
There is a large setup violation of -1.961 ns between graphics_inst/rasterizer_inst/curr_x_q_reg[2]_replica/C (clocked by clk_out4_div_clk_wiz_1) and graphics_inst/rasterizer_inst/barycentric_calc_inst/mr1_2_reg__0/B[14] (clocked by clk_out4_div_clk_wiz_1). Large setup violations at the end of those stages might be difficult to fix during the post-placement implementation flow and could be the result of non-optimal XDC constraints or non-optimal design architecture
Related violations: <none>

TIMING-16#181 Warning
Large setup violation  
There is a large setup violation of -1.961 ns between graphics_inst/rasterizer_inst/curr_x_q_reg[2]_replica/C (clocked by clk_out4_div_clk_wiz_1) and graphics_inst/rasterizer_inst/barycentric_calc_inst/mr1_2_reg__0/B[15] (clocked by clk_out4_div_clk_wiz_1). Large setup violations at the end of those stages might be difficult to fix during the post-placement implementation flow and could be the result of non-optimal XDC constraints or non-optimal design architecture
Related violations: <none>

TIMING-16#182 Warning
Large setup violation  
There is a large setup violation of -1.962 ns between graphics_inst/rasterizer_inst/curr_x_q_reg[2]_replica/C (clocked by clk_out4_div_clk_wiz_1) and graphics_inst/rasterizer_inst/barycentric_calc_inst/mr1_2_reg__0/B[16] (clocked by clk_out4_div_clk_wiz_1). Large setup violations at the end of those stages might be difficult to fix during the post-placement implementation flow and could be the result of non-optimal XDC constraints or non-optimal design architecture
Related violations: <none>

TIMING-16#183 Warning
Large setup violation  
There is a large setup violation of -1.962 ns between graphics_inst/rasterizer_inst/curr_x_q_reg[2]_replica/C (clocked by clk_out4_div_clk_wiz_1) and graphics_inst/rasterizer_inst/barycentric_calc_inst/mr1_2_reg__0/B[17] (clocked by clk_out4_div_clk_wiz_1). Large setup violations at the end of those stages might be difficult to fix during the post-placement implementation flow and could be the result of non-optimal XDC constraints or non-optimal design architecture
Related violations: <none>


