Copyright 1986-2022 Xilinx, Inc. All Rights Reserved.
---------------------------------------------------------------------------------------------------------------------------------------------------------------------------------------------------------------------------------------------
| Tool Version : Vivado v.2022.2 (win64) Build 3671981 Fri Oct 14 05:00:03 MDT 2022
| Date         : Sun Nov 16 02:00:35 2025
| Host         : Aniketh_x86-64 running 64-bit major release  (build 9200)
| Command      : report_timing_summary -max_paths 10 -report_unconstrained -file ddr_renderer_top_timing_summary_routed.rpt -pb ddr_renderer_top_timing_summary_routed.pb -rpx ddr_renderer_top_timing_summary_routed.rpx -warn_on_violation
| Design       : ddr_renderer_top
| Device       : 7s50-csga324
| Speed File   : -1  PRODUCTION 1.23 2018-06-13
---------------------------------------------------------------------------------------------------------------------------------------------------------------------------------------------------------------------------------------------

Timing Summary Report

------------------------------------------------------------------------------------------------
| Timer Settings
| --------------
------------------------------------------------------------------------------------------------

  Enable Multi Corner Analysis               :  Yes
  Enable Pessimism Removal                   :  Yes
  Pessimism Removal Resolution               :  Nearest Common Node
  Enable Input Delay Default Clock           :  No
  Enable Preset / Clear Arcs                 :  No
  Disable Flight Delays                      :  No
  Ignore I/O Paths                           :  No
  Timing Early Launch at Borrowing Latches   :  No
  Borrow Time for Max Delay Exceptions       :  Yes
  Merge Timing Exceptions                    :  Yes

  Corner  Analyze    Analyze    
  Name    Max Paths  Min Paths  
  ------  ---------  ---------  
  Slow    Yes        Yes        
  Fast    Yes        Yes        


------------------------------------------------------------------------------------------------
| Report Methodology
| ------------------
------------------------------------------------------------------------------------------------

Rule       Severity          Description                                             Violations  
---------  ----------------  ------------------------------------------------------  ----------  
TIMING-17  Critical Warning  Non-clocked sequential cell                             32          
SYNTH-16   Warning           Address collision                                       2           
TIMING-20  Warning           Non-clocked latch                                       1           
XDCC-1     Warning           Scoped Clock constraint overwritten with the same name  1           
XDCC-7     Warning           Scoped Clock constraint overwritten on the same source  1           
LATCH-1    Advisory          Existing latches in the design                          1           

Note: This report is based on the most recent report_methodology run and may not be up-to-date. Run report_methodology on the current design for the latest report.



check_timing report

Table of Contents
-----------------
1. checking no_clock (34)
2. checking constant_clock (0)
3. checking pulse_width_clock (0)
4. checking unconstrained_internal_endpoints (17)
5. checking no_input_delay (18)
6. checking no_output_delay (49)
7. checking multiple_clock (0)
8. checking generated_clocks (0)
9. checking loops (0)
10. checking partial_input_delay (0)
11. checking partial_output_delay (0)
12. checking latch_loops (1)

1. checking no_clock (34)
-------------------------
 There are 16 register/latch pins with no clock driven by root clock pin: ddr3_dqs_p[0] (HIGH)

 There are 16 register/latch pins with no clock driven by root clock pin: ddr3_dqs_p[1] (HIGH)

 There is 1 register/latch pin with no clock driven by root clock pin: r_uart_128_done_prev_reg/Q (HIGH)

 There is 1 register/latch pin with no clock driven by root clock pin: r_uart_128_done_reg/Q (HIGH)


2. checking constant_clock (0)
------------------------------
 There are 0 register/latch pins with constant_clock.


3. checking pulse_width_clock (0)
---------------------------------
 There are 0 register/latch pins which need pulse_width check


4. checking unconstrained_internal_endpoints (17)
-------------------------------------------------
 There are 17 pins that are not constrained for maximum delay. (HIGH)

 There are 0 pins that are not constrained for maximum delay due to constant clock.


5. checking no_input_delay (18)
-------------------------------
 There are 18 input ports with no input delay specified. (HIGH)

 There are 0 input ports with no input delay but user has a false path constraint.


6. checking no_output_delay (49)
--------------------------------
 There are 49 ports with no output delay specified. (HIGH)

 There are 0 ports with no output delay but user has a false path constraint

 There are 0 ports with no output delay but with a timing clock defined on it or propagating through it


7. checking multiple_clock (0)
------------------------------
 There are 0 register/latch pins with multiple clocks.


8. checking generated_clocks (0)
--------------------------------
 There are 0 generated clocks that are not connected to a clock source.


9. checking loops (0)
---------------------
 There are 0 combinational loops in the design.


10. checking partial_input_delay (0)
------------------------------------
 There are 0 input ports with partial input delay specified.


11. checking partial_output_delay (0)
-------------------------------------
 There are 0 ports with partial output delay specified.


12. checking latch_loops (1)
----------------------------
 There is 1 combinational latch loop in the design through latch input (HIGH)



------------------------------------------------------------------------------------------------
| Design Timing Summary
| ---------------------
------------------------------------------------------------------------------------------------

    WNS(ns)      TNS(ns)  TNS Failing Endpoints  TNS Total Endpoints      WHS(ns)      THS(ns)  THS Failing Endpoints  THS Total Endpoints     WPWS(ns)     TPWS(ns)  TPWS Failing Endpoints  TPWS Total Endpoints  
    -------      -------  ---------------------  -------------------      -------      -------  ---------------------  -------------------     --------     --------  ----------------------  --------------------  
     -0.864     -138.837                    331                 3794        0.029        0.000                      0                 3794        0.264        0.000                       0                  1854  


Timing constraints are not met.


------------------------------------------------------------------------------------------------
| Clock Summary
| -------------
------------------------------------------------------------------------------------------------

Clock                        Waveform(ns)         Period(ns)      Frequency(MHz)
-----                        ------------         ----------      --------------
DDR3_CLK100                  {0.000 5.000}        10.000          100.000         
  clk_out1_ddr_clk_wiz_1     {0.000 1.250}        2.500           400.000         
  clk_out2_ddr_90_clk_wiz_1  {0.625 1.875}        2.500           400.000         
  clk_out3_ref_clk_wiz_1     {0.000 2.500}        5.000           200.000         
  clk_out4_div_clk_wiz_1     {0.000 2.500}        5.000           200.000         
  clkfbout_clk_wiz_1         {0.000 5.000}        10.000          100.000         


------------------------------------------------------------------------------------------------
| Intra Clock Table
| -----------------
------------------------------------------------------------------------------------------------

Clock                            WNS(ns)      TNS(ns)  TNS Failing Endpoints  TNS Total Endpoints      WHS(ns)      THS(ns)  THS Failing Endpoints  THS Total Endpoints     WPWS(ns)     TPWS(ns)  TPWS Failing Endpoints  TPWS Total Endpoints  
-----                            -------      -------  ---------------------  -------------------      -------      -------  ---------------------  -------------------     --------     --------  ----------------------  --------------------  
DDR3_CLK100                                                                                                                                                                    3.000        0.000                       0                     1  
  clk_out1_ddr_clk_wiz_1                                                                                                                                                       0.345        0.000                       0                    25  
  clk_out2_ddr_90_clk_wiz_1                                                                                                                                                    0.345        0.000                       0                    20  
  clk_out3_ref_clk_wiz_1                                                                                                                                                       0.264        0.000                       0                     3  
  clk_out4_div_clk_wiz_1          -0.864     -138.837                    331                 3794        0.029        0.000                      0                 3794        1.520        0.000                       0                  1802  
  clkfbout_clk_wiz_1                                                                                                                                                           7.845        0.000                       0                     3  


------------------------------------------------------------------------------------------------
| Inter Clock Table
| -----------------
------------------------------------------------------------------------------------------------

From Clock    To Clock          WNS(ns)      TNS(ns)  TNS Failing Endpoints  TNS Total Endpoints      WHS(ns)      THS(ns)  THS Failing Endpoints  THS Total Endpoints  
----------    --------          -------      -------  ---------------------  -------------------      -------      -------  ---------------------  -------------------  


------------------------------------------------------------------------------------------------
| Other Path Groups Table
| -----------------------
------------------------------------------------------------------------------------------------

Path Group    From Clock    To Clock          WNS(ns)      TNS(ns)  TNS Failing Endpoints  TNS Total Endpoints      WHS(ns)      THS(ns)  THS Failing Endpoints  THS Total Endpoints  
----------    ----------    --------          -------      -------  ---------------------  -------------------      -------      -------  ---------------------  -------------------  


------------------------------------------------------------------------------------------------
| User Ignored Path Table
| -----------------------
------------------------------------------------------------------------------------------------

Path Group    From Clock    To Clock    
----------    ----------    --------    


------------------------------------------------------------------------------------------------
| Unconstrained Path Table
| ------------------------
------------------------------------------------------------------------------------------------

Path Group                 From Clock                 To Clock                 
----------                 ----------                 --------                 
(none)                                                                           
(none)                     clk_out1_ddr_clk_wiz_1                                
(none)                     clk_out2_ddr_90_clk_wiz_1                             
(none)                     clk_out3_ref_clk_wiz_1                                
(none)                     clk_out4_div_clk_wiz_1                                
(none)                     clkfbout_clk_wiz_1                                    
(none)                                                clk_out4_div_clk_wiz_1     


------------------------------------------------------------------------------------------------
| Timing Details
| --------------
------------------------------------------------------------------------------------------------


---------------------------------------------------------------------------------------------------
From Clock:  DDR3_CLK100
  To Clock:  DDR3_CLK100

Setup :           NA  Failing Endpoints,  Worst Slack           NA  ,  Total Violation           NA
Hold  :           NA  Failing Endpoints,  Worst Slack           NA  ,  Total Violation           NA
PW    :            0  Failing Endpoints,  Worst Slack        3.000ns,  Total Violation        0.000ns
---------------------------------------------------------------------------------------------------


Pulse Width Checks
--------------------------------------------------------------------------------------
Clock Name:         DDR3_CLK100
Waveform(ns):       { 0.000 5.000 }
Period(ns):         10.000
Sources:            { DDR3_CLK100 }

Check Type        Corner  Lib Pin            Reference Pin  Required(ns)  Actual(ns)  Slack(ns)  Location         Pin
Min Period        n/a     MMCME2_ADV/CLKIN1  n/a            1.249         10.000      8.751      MMCME2_ADV_X0Y0  ddr3_arbiter_inst/clkgen_ddr3ctrl_instance/inst/mmcm_adv_inst/CLKIN1
Max Period        n/a     MMCME2_ADV/CLKIN1  n/a            100.000       10.000      90.000     MMCME2_ADV_X0Y0  ddr3_arbiter_inst/clkgen_ddr3ctrl_instance/inst/mmcm_adv_inst/CLKIN1
Low Pulse Width   Slow    MMCME2_ADV/CLKIN1  n/a            2.000         5.000       3.000      MMCME2_ADV_X0Y0  ddr3_arbiter_inst/clkgen_ddr3ctrl_instance/inst/mmcm_adv_inst/CLKIN1
Low Pulse Width   Fast    MMCME2_ADV/CLKIN1  n/a            2.000         5.000       3.000      MMCME2_ADV_X0Y0  ddr3_arbiter_inst/clkgen_ddr3ctrl_instance/inst/mmcm_adv_inst/CLKIN1
High Pulse Width  Slow    MMCME2_ADV/CLKIN1  n/a            2.000         5.000       3.000      MMCME2_ADV_X0Y0  ddr3_arbiter_inst/clkgen_ddr3ctrl_instance/inst/mmcm_adv_inst/CLKIN1
High Pulse Width  Fast    MMCME2_ADV/CLKIN1  n/a            2.000         5.000       3.000      MMCME2_ADV_X0Y0  ddr3_arbiter_inst/clkgen_ddr3ctrl_instance/inst/mmcm_adv_inst/CLKIN1



---------------------------------------------------------------------------------------------------
From Clock:  clk_out1_ddr_clk_wiz_1
  To Clock:  clk_out1_ddr_clk_wiz_1

Setup :           NA  Failing Endpoints,  Worst Slack           NA  ,  Total Violation           NA
Hold  :           NA  Failing Endpoints,  Worst Slack           NA  ,  Total Violation           NA
PW    :            0  Failing Endpoints,  Worst Slack        0.345ns,  Total Violation        0.000ns
---------------------------------------------------------------------------------------------------


Pulse Width Checks
--------------------------------------------------------------------------------------
Clock Name:         clk_out1_ddr_clk_wiz_1
Waveform(ns):       { 0.000 1.250 }
Period(ns):         2.500
Sources:            { ddr3_arbiter_inst/clkgen_ddr3ctrl_instance/inst/mmcm_adv_inst/CLKOUT0 }

Check Type  Corner  Lib Pin             Reference Pin  Required(ns)  Actual(ns)  Slack(ns)  Location         Pin
Min Period  n/a     BUFG/I              n/a            2.155         2.500       0.345      BUFGCTRL_X0Y2    ddr3_arbiter_inst/clkgen_ddr3ctrl_instance/inst/clkout1_buf/I
Min Period  n/a     OSERDESE2/CLK       n/a            1.667         2.500       0.833      OLOGIC_X1Y23     ddr3_arbiter_inst/phy_instance/genblk3[0].oserdes_cmd_inst/CLK
Min Period  n/a     OSERDESE2/CLK       n/a            1.667         2.500       0.833      OLOGIC_X1Y21     ddr3_arbiter_inst/phy_instance/genblk3[1].oserdes_cmd_inst/CLK
Min Period  n/a     OSERDESE2/CLK       n/a            1.667         2.500       0.833      OLOGIC_X1Y19     ddr3_arbiter_inst/phy_instance/genblk3[2].oserdes_cmd_inst/CLK
Min Period  n/a     OSERDESE2/CLK       n/a            1.667         2.500       0.833      OLOGIC_X1Y18     ddr3_arbiter_inst/phy_instance/genblk4[0].oserdes_addr_inst/CLK
Min Period  n/a     OSERDESE2/CLK       n/a            1.667         2.500       0.833      OLOGIC_X1Y20     ddr3_arbiter_inst/phy_instance/genblk4[10].oserdes_addr_inst/CLK
Min Period  n/a     OSERDESE2/CLK       n/a            1.667         2.500       0.833      OLOGIC_X1Y11     ddr3_arbiter_inst/phy_instance/genblk4[11].oserdes_addr_inst/CLK
Min Period  n/a     OSERDESE2/CLK       n/a            1.667         2.500       0.833      OLOGIC_X1Y9      ddr3_arbiter_inst/phy_instance/genblk4[12].oserdes_addr_inst/CLK
Min Period  n/a     OSERDESE2/CLK       n/a            1.667         2.500       0.833      OLOGIC_X1Y10     ddr3_arbiter_inst/phy_instance/genblk4[13].oserdes_addr_inst/CLK
Min Period  n/a     OSERDESE2/CLK       n/a            1.667         2.500       0.833      OLOGIC_X1Y14     ddr3_arbiter_inst/phy_instance/genblk4[1].oserdes_addr_inst/CLK
Max Period  n/a     MMCME2_ADV/CLKOUT0  n/a            213.360       2.500       210.860    MMCME2_ADV_X0Y0  ddr3_arbiter_inst/clkgen_ddr3ctrl_instance/inst/mmcm_adv_inst/CLKOUT0



---------------------------------------------------------------------------------------------------
From Clock:  clk_out2_ddr_90_clk_wiz_1
  To Clock:  clk_out2_ddr_90_clk_wiz_1

Setup :           NA  Failing Endpoints,  Worst Slack           NA  ,  Total Violation           NA
Hold  :           NA  Failing Endpoints,  Worst Slack           NA  ,  Total Violation           NA
PW    :            0  Failing Endpoints,  Worst Slack        0.345ns,  Total Violation        0.000ns
---------------------------------------------------------------------------------------------------


Pulse Width Checks
--------------------------------------------------------------------------------------
Clock Name:         clk_out2_ddr_90_clk_wiz_1
Waveform(ns):       { 0.625 1.875 }
Period(ns):         2.500
Sources:            { ddr3_arbiter_inst/clkgen_ddr3ctrl_instance/inst/mmcm_adv_inst/CLKOUT2 }

Check Type  Corner  Lib Pin             Reference Pin  Required(ns)  Actual(ns)  Slack(ns)  Location         Pin
Min Period  n/a     BUFG/I              n/a            2.155         2.500       0.345      BUFGCTRL_X0Y1    ddr3_arbiter_inst/clkgen_ddr3ctrl_instance/inst/clkout3_buf/I
Min Period  n/a     OSERDESE2/CLK       n/a            1.667         2.500       0.833      OLOGIC_X1Y45     ddr3_arbiter_inst/phy_instance/genblk12[0].oserdes_dq_inst/CLK
Min Period  n/a     OSERDESE2/CLK       n/a            1.667         2.500       0.833      OLOGIC_X1Y27     ddr3_arbiter_inst/phy_instance/genblk12[10].oserdes_dq_inst/CLK
Min Period  n/a     OSERDESE2/CLK       n/a            1.667         2.500       0.833      OLOGIC_X1Y33     ddr3_arbiter_inst/phy_instance/genblk12[11].oserdes_dq_inst/CLK
Min Period  n/a     OSERDESE2/CLK       n/a            1.667         2.500       0.833      OLOGIC_X1Y26     ddr3_arbiter_inst/phy_instance/genblk12[12].oserdes_dq_inst/CLK
Min Period  n/a     OSERDESE2/CLK       n/a            1.667         2.500       0.833      OLOGIC_X1Y29     ddr3_arbiter_inst/phy_instance/genblk12[13].oserdes_dq_inst/CLK
Min Period  n/a     OSERDESE2/CLK       n/a            1.667         2.500       0.833      OLOGIC_X1Y28     ddr3_arbiter_inst/phy_instance/genblk12[14].oserdes_dq_inst/CLK
Min Period  n/a     OSERDESE2/CLK       n/a            1.667         2.500       0.833      OLOGIC_X1Y35     ddr3_arbiter_inst/phy_instance/genblk12[15].oserdes_dq_inst/CLK
Min Period  n/a     OSERDESE2/CLK       n/a            1.667         2.500       0.833      OLOGIC_X1Y39     ddr3_arbiter_inst/phy_instance/genblk12[1].oserdes_dq_inst/CLK
Min Period  n/a     OSERDESE2/CLK       n/a            1.667         2.500       0.833      OLOGIC_X1Y46     ddr3_arbiter_inst/phy_instance/genblk12[2].oserdes_dq_inst/CLK
Max Period  n/a     MMCME2_ADV/CLKOUT2  n/a            213.360       2.500       210.860    MMCME2_ADV_X0Y0  ddr3_arbiter_inst/clkgen_ddr3ctrl_instance/inst/mmcm_adv_inst/CLKOUT2



---------------------------------------------------------------------------------------------------
From Clock:  clk_out3_ref_clk_wiz_1
  To Clock:  clk_out3_ref_clk_wiz_1

Setup :           NA  Failing Endpoints,  Worst Slack           NA  ,  Total Violation           NA
Hold  :           NA  Failing Endpoints,  Worst Slack           NA  ,  Total Violation           NA
PW    :            0  Failing Endpoints,  Worst Slack        0.264ns,  Total Violation        0.000ns
---------------------------------------------------------------------------------------------------


Pulse Width Checks
--------------------------------------------------------------------------------------
Clock Name:         clk_out3_ref_clk_wiz_1
Waveform(ns):       { 0.000 2.500 }
Period(ns):         5.000
Sources:            { ddr3_arbiter_inst/clkgen_ddr3ctrl_instance/inst/mmcm_adv_inst/CLKOUT3 }

Check Type  Corner  Lib Pin             Reference Pin  Required(ns)  Actual(ns)  Slack(ns)  Location         Pin
Min Period  n/a     IDELAYCTRL/REFCLK   n/a            3.225         5.000       1.775      IDELAYCTRL_X1Y0  ddr3_arbiter_inst/phy_instance/IDELAYCTRL_inst/REFCLK
Min Period  n/a     BUFG/I              n/a            2.155         5.000       2.845      BUFGCTRL_X0Y3    ddr3_arbiter_inst/clkgen_ddr3ctrl_instance/inst/clkout4_buf/I
Min Period  n/a     MMCME2_ADV/CLKOUT3  n/a            1.249         5.000       3.751      MMCME2_ADV_X0Y0  ddr3_arbiter_inst/clkgen_ddr3ctrl_instance/inst/mmcm_adv_inst/CLKOUT3
Max Period  n/a     IDELAYCTRL/REFCLK   n/a            5.264         5.000       0.264      IDELAYCTRL_X1Y0  ddr3_arbiter_inst/phy_instance/IDELAYCTRL_inst/REFCLK
Max Period  n/a     MMCME2_ADV/CLKOUT3  n/a            213.360       5.000       208.360    MMCME2_ADV_X0Y0  ddr3_arbiter_inst/clkgen_ddr3ctrl_instance/inst/mmcm_adv_inst/CLKOUT3



---------------------------------------------------------------------------------------------------
From Clock:  clk_out4_div_clk_wiz_1
  To Clock:  clk_out4_div_clk_wiz_1

Setup :          331  Failing Endpoints,  Worst Slack       -0.864ns,  Total Violation     -138.837ns
Hold  :            0  Failing Endpoints,  Worst Slack        0.029ns,  Total Violation        0.000ns
PW    :            0  Failing Endpoints,  Worst Slack        1.520ns,  Total Violation        0.000ns
---------------------------------------------------------------------------------------------------


Max Delay Paths
--------------------------------------------------------------------------------------
Slack (VIOLATED) :        -0.864ns  (required time - arrival time)
  Source:                 r128_dram_wrbuf_reg[70]/C
                            (rising edge-triggered cell FDRE clocked by clk_out4_div_clk_wiz_1  {rise@0.000ns fall@2.500ns period=5.000ns})
  Destination:            app_addr_reg[12]/CE
                            (rising edge-triggered cell FDRE clocked by clk_out4_div_clk_wiz_1  {rise@0.000ns fall@2.500ns period=5.000ns})
  Path Group:             clk_out4_div_clk_wiz_1
  Path Type:              Setup (Max at Slow Process Corner)
  Requirement:            5.000ns  (clk_out4_div_clk_wiz_1 rise@5.000ns - clk_out4_div_clk_wiz_1 rise@0.000ns)
  Data Path Delay:        5.588ns  (logic 2.168ns (38.795%)  route 3.420ns (61.205%))
  Logic Levels:           10  (CARRY4=6 LUT3=1 LUT6=3)
  Clock Path Skew:        -0.034ns (DCD - SCD + CPR)
    Destination Clock Delay (DCD):    -1.570ns = ( 3.430 - 5.000 ) 
    Source Clock Delay      (SCD):    -0.974ns
    Clock Pessimism Removal (CPR):    0.562ns
  Clock Uncertainty:      0.072ns  ((TSJ^2 + DJ^2)^1/2) / 2 + PE
    Total System Jitter     (TSJ):    0.071ns
    Discrete Jitter          (DJ):    0.126ns
    Phase Error              (PE):    0.000ns

    Location             Delay type                Incr(ns)  Path(ns)    Netlist Resource(s)
  -------------------------------------------------------------------    -------------------
                         (clock clk_out4_div_clk_wiz_1 rise edge)
                                                      0.000     0.000 r  
    N15                                               0.000     0.000 r  DDR3_CLK100 (IN)
                         net (fo=0)                   0.000     0.000    ddr3_arbiter_inst/clkgen_ddr3ctrl_instance/inst/clk_in1
    N15                  IBUF (Prop_ibuf_I_O)         1.440     1.440 r  ddr3_arbiter_inst/clkgen_ddr3ctrl_instance/inst/clkin1_ibufg/O
                         net (fo=1, routed)           1.233     2.673    ddr3_arbiter_inst/clkgen_ddr3ctrl_instance/inst/clk_in1_clk_wiz_1
    MMCME2_ADV_X0Y0      MMCME2_ADV (Prop_mmcme2_adv_CLKIN1_CLKOUT4)
                                                     -6.965    -4.291 r  ddr3_arbiter_inst/clkgen_ddr3ctrl_instance/inst/mmcm_adv_inst/CLKOUT4
                         net (fo=1, routed)           1.666    -2.625    ddr3_arbiter_inst/clkgen_ddr3ctrl_instance/inst/clk_out4_div_clk_wiz_1
    BUFGCTRL_X0Y0        BUFG (Prop_bufg_I_O)         0.096    -2.529 r  ddr3_arbiter_inst/clkgen_ddr3ctrl_instance/inst/clkout5_buf/O
                         net (fo=1800, routed)        1.555    -0.974    w_uart_clk
    SLICE_X41Y31         FDRE                                         r  r128_dram_wrbuf_reg[70]/C
  -------------------------------------------------------------------    -------------------
    SLICE_X41Y31         FDRE (Prop_fdre_C_Q)         0.456    -0.518 r  r128_dram_wrbuf_reg[70]/Q
                         net (fo=7, routed)           0.894     0.376    r128_dram_wrbuf_reg_n_0_[70]
    SLICE_X40Y31         LUT3 (Prop_lut3_I0_O)        0.124     0.500 r  r4_uart_state[0]_i_65/O
                         net (fo=1, routed)           0.000     0.500    r4_uart_state[0]_i_65_n_0
    SLICE_X40Y31         CARRY4 (Prop_carry4_S[2]_CO[3])
                                                      0.398     0.898 r  r4_uart_state_reg[0]_i_54/CO[3]
                         net (fo=1, routed)           0.000     0.898    r4_uart_state_reg[0]_i_54_n_0
    SLICE_X40Y32         CARRY4 (Prop_carry4_CI_CO[3])
                                                      0.114     1.012 r  r4_uart_state_reg[0]_i_44/CO[3]
                         net (fo=1, routed)           0.000     1.012    r4_uart_state_reg[0]_i_44_n_0
    SLICE_X40Y33         CARRY4 (Prop_carry4_CI_CO[3])
                                                      0.114     1.126 r  r4_uart_state_reg[0]_i_30/CO[3]
                         net (fo=1, routed)           0.000     1.126    r4_uart_state_reg[0]_i_30_n_0
    SLICE_X40Y34         CARRY4 (Prop_carry4_CI_CO[3])
                                                      0.114     1.240 r  r4_uart_state_reg[0]_i_15/CO[3]
                         net (fo=1, routed)           0.000     1.240    r4_uart_state_reg[0]_i_15_n_0
    SLICE_X40Y35         CARRY4 (Prop_carry4_CI_CO[3])
                                                      0.114     1.354 r  r4_uart_state_reg[0]_i_6/CO[3]
                         net (fo=1, routed)           0.000     1.354    r4_uart_state_reg[0]_i_6_n_0
    SLICE_X40Y36         CARRY4 (Prop_carry4_CI_CO[1])
                                                      0.157     1.511 f  r4_uart_state_reg[0]_i_2/CO[1]
                         net (fo=8, routed)           0.852     2.363    r_phy_cmd_en24_in
    SLICE_X43Y30         LUT6 (Prop_lut6_I2_O)        0.329     2.692 f  app_addr[26]_i_11/O
                         net (fo=1, routed)           0.793     3.486    app_addr[26]_i_11_n_0
    SLICE_X41Y35         LUT6 (Prop_lut6_I1_O)        0.124     3.610 r  app_addr[26]_i_5/O
                         net (fo=1, routed)           0.154     3.764    ddr3_arbiter_inst/phy_instance/app_addr_reg[0]_0
    SLICE_X41Y35         LUT6 (Prop_lut6_I5_O)        0.124     3.888 r  ddr3_arbiter_inst/phy_instance/app_addr[26]_i_1/O
                         net (fo=27, routed)          0.727     4.615    ddr3_arbiter_inst_n_164
    SLICE_X38Y37         FDRE                                         r  app_addr_reg[12]/CE
  -------------------------------------------------------------------    -------------------

                         (clock clk_out4_div_clk_wiz_1 rise edge)
                                                      5.000     5.000 r  
    N15                                               0.000     5.000 r  DDR3_CLK100 (IN)
                         net (fo=0)                   0.000     5.000    ddr3_arbiter_inst/clkgen_ddr3ctrl_instance/inst/clk_in1
    N15                  IBUF (Prop_ibuf_I_O)         1.370     6.370 r  ddr3_arbiter_inst/clkgen_ddr3ctrl_instance/inst/clkin1_ibufg/O
                         net (fo=1, routed)           1.162     7.532    ddr3_arbiter_inst/clkgen_ddr3ctrl_instance/inst/clk_in1_clk_wiz_1
    MMCME2_ADV_X0Y0      MMCME2_ADV (Prop_mmcme2_adv_CLKIN1_CLKOUT4)
                                                     -7.221     0.311 r  ddr3_arbiter_inst/clkgen_ddr3ctrl_instance/inst/mmcm_adv_inst/CLKOUT4
                         net (fo=1, routed)           1.587     1.898    ddr3_arbiter_inst/clkgen_ddr3ctrl_instance/inst/clk_out4_div_clk_wiz_1
    BUFGCTRL_X0Y0        BUFG (Prop_bufg_I_O)         0.091     1.989 r  ddr3_arbiter_inst/clkgen_ddr3ctrl_instance/inst/clkout5_buf/O
                         net (fo=1800, routed)        1.441     3.430    w_uart_clk
    SLICE_X38Y37         FDRE                                         r  app_addr_reg[12]/C
                         clock pessimism              0.562     3.992    
                         clock uncertainty           -0.072     3.920    
    SLICE_X38Y37         FDRE (Setup_fdre_C_CE)      -0.169     3.751    app_addr_reg[12]
  -------------------------------------------------------------------
                         required time                          3.751    
                         arrival time                          -4.615    
  -------------------------------------------------------------------
                         slack                                 -0.864    

Slack (VIOLATED) :        -0.864ns  (required time - arrival time)
  Source:                 r128_dram_wrbuf_reg[70]/C
                            (rising edge-triggered cell FDRE clocked by clk_out4_div_clk_wiz_1  {rise@0.000ns fall@2.500ns period=5.000ns})
  Destination:            app_addr_reg[22]/CE
                            (rising edge-triggered cell FDRE clocked by clk_out4_div_clk_wiz_1  {rise@0.000ns fall@2.500ns period=5.000ns})
  Path Group:             clk_out4_div_clk_wiz_1
  Path Type:              Setup (Max at Slow Process Corner)
  Requirement:            5.000ns  (clk_out4_div_clk_wiz_1 rise@5.000ns - clk_out4_div_clk_wiz_1 rise@0.000ns)
  Data Path Delay:        5.588ns  (logic 2.168ns (38.795%)  route 3.420ns (61.205%))
  Logic Levels:           10  (CARRY4=6 LUT3=1 LUT6=3)
  Clock Path Skew:        -0.034ns (DCD - SCD + CPR)
    Destination Clock Delay (DCD):    -1.570ns = ( 3.430 - 5.000 ) 
    Source Clock Delay      (SCD):    -0.974ns
    Clock Pessimism Removal (CPR):    0.562ns
  Clock Uncertainty:      0.072ns  ((TSJ^2 + DJ^2)^1/2) / 2 + PE
    Total System Jitter     (TSJ):    0.071ns
    Discrete Jitter          (DJ):    0.126ns
    Phase Error              (PE):    0.000ns

    Location             Delay type                Incr(ns)  Path(ns)    Netlist Resource(s)
  -------------------------------------------------------------------    -------------------
                         (clock clk_out4_div_clk_wiz_1 rise edge)
                                                      0.000     0.000 r  
    N15                                               0.000     0.000 r  DDR3_CLK100 (IN)
                         net (fo=0)                   0.000     0.000    ddr3_arbiter_inst/clkgen_ddr3ctrl_instance/inst/clk_in1
    N15                  IBUF (Prop_ibuf_I_O)         1.440     1.440 r  ddr3_arbiter_inst/clkgen_ddr3ctrl_instance/inst/clkin1_ibufg/O
                         net (fo=1, routed)           1.233     2.673    ddr3_arbiter_inst/clkgen_ddr3ctrl_instance/inst/clk_in1_clk_wiz_1
    MMCME2_ADV_X0Y0      MMCME2_ADV (Prop_mmcme2_adv_CLKIN1_CLKOUT4)
                                                     -6.965    -4.291 r  ddr3_arbiter_inst/clkgen_ddr3ctrl_instance/inst/mmcm_adv_inst/CLKOUT4
                         net (fo=1, routed)           1.666    -2.625    ddr3_arbiter_inst/clkgen_ddr3ctrl_instance/inst/clk_out4_div_clk_wiz_1
    BUFGCTRL_X0Y0        BUFG (Prop_bufg_I_O)         0.096    -2.529 r  ddr3_arbiter_inst/clkgen_ddr3ctrl_instance/inst/clkout5_buf/O
                         net (fo=1800, routed)        1.555    -0.974    w_uart_clk
    SLICE_X41Y31         FDRE                                         r  r128_dram_wrbuf_reg[70]/C
  -------------------------------------------------------------------    -------------------
    SLICE_X41Y31         FDRE (Prop_fdre_C_Q)         0.456    -0.518 r  r128_dram_wrbuf_reg[70]/Q
                         net (fo=7, routed)           0.894     0.376    r128_dram_wrbuf_reg_n_0_[70]
    SLICE_X40Y31         LUT3 (Prop_lut3_I0_O)        0.124     0.500 r  r4_uart_state[0]_i_65/O
                         net (fo=1, routed)           0.000     0.500    r4_uart_state[0]_i_65_n_0
    SLICE_X40Y31         CARRY4 (Prop_carry4_S[2]_CO[3])
                                                      0.398     0.898 r  r4_uart_state_reg[0]_i_54/CO[3]
                         net (fo=1, routed)           0.000     0.898    r4_uart_state_reg[0]_i_54_n_0
    SLICE_X40Y32         CARRY4 (Prop_carry4_CI_CO[3])
                                                      0.114     1.012 r  r4_uart_state_reg[0]_i_44/CO[3]
                         net (fo=1, routed)           0.000     1.012    r4_uart_state_reg[0]_i_44_n_0
    SLICE_X40Y33         CARRY4 (Prop_carry4_CI_CO[3])
                                                      0.114     1.126 r  r4_uart_state_reg[0]_i_30/CO[3]
                         net (fo=1, routed)           0.000     1.126    r4_uart_state_reg[0]_i_30_n_0
    SLICE_X40Y34         CARRY4 (Prop_carry4_CI_CO[3])
                                                      0.114     1.240 r  r4_uart_state_reg[0]_i_15/CO[3]
                         net (fo=1, routed)           0.000     1.240    r4_uart_state_reg[0]_i_15_n_0
    SLICE_X40Y35         CARRY4 (Prop_carry4_CI_CO[3])
                                                      0.114     1.354 r  r4_uart_state_reg[0]_i_6/CO[3]
                         net (fo=1, routed)           0.000     1.354    r4_uart_state_reg[0]_i_6_n_0
    SLICE_X40Y36         CARRY4 (Prop_carry4_CI_CO[1])
                                                      0.157     1.511 f  r4_uart_state_reg[0]_i_2/CO[1]
                         net (fo=8, routed)           0.852     2.363    r_phy_cmd_en24_in
    SLICE_X43Y30         LUT6 (Prop_lut6_I2_O)        0.329     2.692 f  app_addr[26]_i_11/O
                         net (fo=1, routed)           0.793     3.486    app_addr[26]_i_11_n_0
    SLICE_X41Y35         LUT6 (Prop_lut6_I1_O)        0.124     3.610 r  app_addr[26]_i_5/O
                         net (fo=1, routed)           0.154     3.764    ddr3_arbiter_inst/phy_instance/app_addr_reg[0]_0
    SLICE_X41Y35         LUT6 (Prop_lut6_I5_O)        0.124     3.888 r  ddr3_arbiter_inst/phy_instance/app_addr[26]_i_1/O
                         net (fo=27, routed)          0.727     4.615    ddr3_arbiter_inst_n_164
    SLICE_X38Y37         FDRE                                         r  app_addr_reg[22]/CE
  -------------------------------------------------------------------    -------------------

                         (clock clk_out4_div_clk_wiz_1 rise edge)
                                                      5.000     5.000 r  
    N15                                               0.000     5.000 r  DDR3_CLK100 (IN)
                         net (fo=0)                   0.000     5.000    ddr3_arbiter_inst/clkgen_ddr3ctrl_instance/inst/clk_in1
    N15                  IBUF (Prop_ibuf_I_O)         1.370     6.370 r  ddr3_arbiter_inst/clkgen_ddr3ctrl_instance/inst/clkin1_ibufg/O
                         net (fo=1, routed)           1.162     7.532    ddr3_arbiter_inst/clkgen_ddr3ctrl_instance/inst/clk_in1_clk_wiz_1
    MMCME2_ADV_X0Y0      MMCME2_ADV (Prop_mmcme2_adv_CLKIN1_CLKOUT4)
                                                     -7.221     0.311 r  ddr3_arbiter_inst/clkgen_ddr3ctrl_instance/inst/mmcm_adv_inst/CLKOUT4
                         net (fo=1, routed)           1.587     1.898    ddr3_arbiter_inst/clkgen_ddr3ctrl_instance/inst/clk_out4_div_clk_wiz_1
    BUFGCTRL_X0Y0        BUFG (Prop_bufg_I_O)         0.091     1.989 r  ddr3_arbiter_inst/clkgen_ddr3ctrl_instance/inst/clkout5_buf/O
                         net (fo=1800, routed)        1.441     3.430    w_uart_clk
    SLICE_X38Y37         FDRE                                         r  app_addr_reg[22]/C
                         clock pessimism              0.562     3.992    
                         clock uncertainty           -0.072     3.920    
    SLICE_X38Y37         FDRE (Setup_fdre_C_CE)      -0.169     3.751    app_addr_reg[22]
  -------------------------------------------------------------------
                         required time                          3.751    
                         arrival time                          -4.615    
  -------------------------------------------------------------------
                         slack                                 -0.864    

Slack (VIOLATED) :        -0.864ns  (required time - arrival time)
  Source:                 r128_dram_wrbuf_reg[70]/C
                            (rising edge-triggered cell FDRE clocked by clk_out4_div_clk_wiz_1  {rise@0.000ns fall@2.500ns period=5.000ns})
  Destination:            app_addr_reg[5]/CE
                            (rising edge-triggered cell FDRE clocked by clk_out4_div_clk_wiz_1  {rise@0.000ns fall@2.500ns period=5.000ns})
  Path Group:             clk_out4_div_clk_wiz_1
  Path Type:              Setup (Max at Slow Process Corner)
  Requirement:            5.000ns  (clk_out4_div_clk_wiz_1 rise@5.000ns - clk_out4_div_clk_wiz_1 rise@0.000ns)
  Data Path Delay:        5.588ns  (logic 2.168ns (38.795%)  route 3.420ns (61.205%))
  Logic Levels:           10  (CARRY4=6 LUT3=1 LUT6=3)
  Clock Path Skew:        -0.034ns (DCD - SCD + CPR)
    Destination Clock Delay (DCD):    -1.570ns = ( 3.430 - 5.000 ) 
    Source Clock Delay      (SCD):    -0.974ns
    Clock Pessimism Removal (CPR):    0.562ns
  Clock Uncertainty:      0.072ns  ((TSJ^2 + DJ^2)^1/2) / 2 + PE
    Total System Jitter     (TSJ):    0.071ns
    Discrete Jitter          (DJ):    0.126ns
    Phase Error              (PE):    0.000ns

    Location             Delay type                Incr(ns)  Path(ns)    Netlist Resource(s)
  -------------------------------------------------------------------    -------------------
                         (clock clk_out4_div_clk_wiz_1 rise edge)
                                                      0.000     0.000 r  
    N15                                               0.000     0.000 r  DDR3_CLK100 (IN)
                         net (fo=0)                   0.000     0.000    ddr3_arbiter_inst/clkgen_ddr3ctrl_instance/inst/clk_in1
    N15                  IBUF (Prop_ibuf_I_O)         1.440     1.440 r  ddr3_arbiter_inst/clkgen_ddr3ctrl_instance/inst/clkin1_ibufg/O
                         net (fo=1, routed)           1.233     2.673    ddr3_arbiter_inst/clkgen_ddr3ctrl_instance/inst/clk_in1_clk_wiz_1
    MMCME2_ADV_X0Y0      MMCME2_ADV (Prop_mmcme2_adv_CLKIN1_CLKOUT4)
                                                     -6.965    -4.291 r  ddr3_arbiter_inst/clkgen_ddr3ctrl_instance/inst/mmcm_adv_inst/CLKOUT4
                         net (fo=1, routed)           1.666    -2.625    ddr3_arbiter_inst/clkgen_ddr3ctrl_instance/inst/clk_out4_div_clk_wiz_1
    BUFGCTRL_X0Y0        BUFG (Prop_bufg_I_O)         0.096    -2.529 r  ddr3_arbiter_inst/clkgen_ddr3ctrl_instance/inst/clkout5_buf/O
                         net (fo=1800, routed)        1.555    -0.974    w_uart_clk
    SLICE_X41Y31         FDRE                                         r  r128_dram_wrbuf_reg[70]/C
  -------------------------------------------------------------------    -------------------
    SLICE_X41Y31         FDRE (Prop_fdre_C_Q)         0.456    -0.518 r  r128_dram_wrbuf_reg[70]/Q
                         net (fo=7, routed)           0.894     0.376    r128_dram_wrbuf_reg_n_0_[70]
    SLICE_X40Y31         LUT3 (Prop_lut3_I0_O)        0.124     0.500 r  r4_uart_state[0]_i_65/O
                         net (fo=1, routed)           0.000     0.500    r4_uart_state[0]_i_65_n_0
    SLICE_X40Y31         CARRY4 (Prop_carry4_S[2]_CO[3])
                                                      0.398     0.898 r  r4_uart_state_reg[0]_i_54/CO[3]
                         net (fo=1, routed)           0.000     0.898    r4_uart_state_reg[0]_i_54_n_0
    SLICE_X40Y32         CARRY4 (Prop_carry4_CI_CO[3])
                                                      0.114     1.012 r  r4_uart_state_reg[0]_i_44/CO[3]
                         net (fo=1, routed)           0.000     1.012    r4_uart_state_reg[0]_i_44_n_0
    SLICE_X40Y33         CARRY4 (Prop_carry4_CI_CO[3])
                                                      0.114     1.126 r  r4_uart_state_reg[0]_i_30/CO[3]
                         net (fo=1, routed)           0.000     1.126    r4_uart_state_reg[0]_i_30_n_0
    SLICE_X40Y34         CARRY4 (Prop_carry4_CI_CO[3])
                                                      0.114     1.240 r  r4_uart_state_reg[0]_i_15/CO[3]
                         net (fo=1, routed)           0.000     1.240    r4_uart_state_reg[0]_i_15_n_0
    SLICE_X40Y35         CARRY4 (Prop_carry4_CI_CO[3])
                                                      0.114     1.354 r  r4_uart_state_reg[0]_i_6/CO[3]
                         net (fo=1, routed)           0.000     1.354    r4_uart_state_reg[0]_i_6_n_0
    SLICE_X40Y36         CARRY4 (Prop_carry4_CI_CO[1])
                                                      0.157     1.511 f  r4_uart_state_reg[0]_i_2/CO[1]
                         net (fo=8, routed)           0.852     2.363    r_phy_cmd_en24_in
    SLICE_X43Y30         LUT6 (Prop_lut6_I2_O)        0.329     2.692 f  app_addr[26]_i_11/O
                         net (fo=1, routed)           0.793     3.486    app_addr[26]_i_11_n_0
    SLICE_X41Y35         LUT6 (Prop_lut6_I1_O)        0.124     3.610 r  app_addr[26]_i_5/O
                         net (fo=1, routed)           0.154     3.764    ddr3_arbiter_inst/phy_instance/app_addr_reg[0]_0
    SLICE_X41Y35         LUT6 (Prop_lut6_I5_O)        0.124     3.888 r  ddr3_arbiter_inst/phy_instance/app_addr[26]_i_1/O
                         net (fo=27, routed)          0.727     4.615    ddr3_arbiter_inst_n_164
    SLICE_X38Y37         FDRE                                         r  app_addr_reg[5]/CE
  -------------------------------------------------------------------    -------------------

                         (clock clk_out4_div_clk_wiz_1 rise edge)
                                                      5.000     5.000 r  
    N15                                               0.000     5.000 r  DDR3_CLK100 (IN)
                         net (fo=0)                   0.000     5.000    ddr3_arbiter_inst/clkgen_ddr3ctrl_instance/inst/clk_in1
    N15                  IBUF (Prop_ibuf_I_O)         1.370     6.370 r  ddr3_arbiter_inst/clkgen_ddr3ctrl_instance/inst/clkin1_ibufg/O
                         net (fo=1, routed)           1.162     7.532    ddr3_arbiter_inst/clkgen_ddr3ctrl_instance/inst/clk_in1_clk_wiz_1
    MMCME2_ADV_X0Y0      MMCME2_ADV (Prop_mmcme2_adv_CLKIN1_CLKOUT4)
                                                     -7.221     0.311 r  ddr3_arbiter_inst/clkgen_ddr3ctrl_instance/inst/mmcm_adv_inst/CLKOUT4
                         net (fo=1, routed)           1.587     1.898    ddr3_arbiter_inst/clkgen_ddr3ctrl_instance/inst/clk_out4_div_clk_wiz_1
    BUFGCTRL_X0Y0        BUFG (Prop_bufg_I_O)         0.091     1.989 r  ddr3_arbiter_inst/clkgen_ddr3ctrl_instance/inst/clkout5_buf/O
                         net (fo=1800, routed)        1.441     3.430    w_uart_clk
    SLICE_X38Y37         FDRE                                         r  app_addr_reg[5]/C
                         clock pessimism              0.562     3.992    
                         clock uncertainty           -0.072     3.920    
    SLICE_X38Y37         FDRE (Setup_fdre_C_CE)      -0.169     3.751    app_addr_reg[5]
  -------------------------------------------------------------------
                         required time                          3.751    
                         arrival time                          -4.615    
  -------------------------------------------------------------------
                         slack                                 -0.864    

Slack (VIOLATED) :        -0.848ns  (required time - arrival time)
  Source:                 r128_dram_wrbuf_reg[70]/C
                            (rising edge-triggered cell FDRE clocked by clk_out4_div_clk_wiz_1  {rise@0.000ns fall@2.500ns period=5.000ns})
  Destination:            app_addr_reg[11]/CE
                            (rising edge-triggered cell FDRE clocked by clk_out4_div_clk_wiz_1  {rise@0.000ns fall@2.500ns period=5.000ns})
  Path Group:             clk_out4_div_clk_wiz_1
  Path Type:              Setup (Max at Slow Process Corner)
  Requirement:            5.000ns  (clk_out4_div_clk_wiz_1 rise@5.000ns - clk_out4_div_clk_wiz_1 rise@0.000ns)
  Data Path Delay:        5.536ns  (logic 2.168ns (39.162%)  route 3.368ns (60.838%))
  Logic Levels:           10  (CARRY4=6 LUT3=1 LUT6=3)
  Clock Path Skew:        -0.035ns (DCD - SCD + CPR)
    Destination Clock Delay (DCD):    -1.571ns = ( 3.429 - 5.000 ) 
    Source Clock Delay      (SCD):    -0.974ns
    Clock Pessimism Removal (CPR):    0.562ns
  Clock Uncertainty:      0.072ns  ((TSJ^2 + DJ^2)^1/2) / 2 + PE
    Total System Jitter     (TSJ):    0.071ns
    Discrete Jitter          (DJ):    0.126ns
    Phase Error              (PE):    0.000ns

    Location             Delay type                Incr(ns)  Path(ns)    Netlist Resource(s)
  -------------------------------------------------------------------    -------------------
                         (clock clk_out4_div_clk_wiz_1 rise edge)
                                                      0.000     0.000 r  
    N15                                               0.000     0.000 r  DDR3_CLK100 (IN)
                         net (fo=0)                   0.000     0.000    ddr3_arbiter_inst/clkgen_ddr3ctrl_instance/inst/clk_in1
    N15                  IBUF (Prop_ibuf_I_O)         1.440     1.440 r  ddr3_arbiter_inst/clkgen_ddr3ctrl_instance/inst/clkin1_ibufg/O
                         net (fo=1, routed)           1.233     2.673    ddr3_arbiter_inst/clkgen_ddr3ctrl_instance/inst/clk_in1_clk_wiz_1
    MMCME2_ADV_X0Y0      MMCME2_ADV (Prop_mmcme2_adv_CLKIN1_CLKOUT4)
                                                     -6.965    -4.291 r  ddr3_arbiter_inst/clkgen_ddr3ctrl_instance/inst/mmcm_adv_inst/CLKOUT4
                         net (fo=1, routed)           1.666    -2.625    ddr3_arbiter_inst/clkgen_ddr3ctrl_instance/inst/clk_out4_div_clk_wiz_1
    BUFGCTRL_X0Y0        BUFG (Prop_bufg_I_O)         0.096    -2.529 r  ddr3_arbiter_inst/clkgen_ddr3ctrl_instance/inst/clkout5_buf/O
                         net (fo=1800, routed)        1.555    -0.974    w_uart_clk
    SLICE_X41Y31         FDRE                                         r  r128_dram_wrbuf_reg[70]/C
  -------------------------------------------------------------------    -------------------
    SLICE_X41Y31         FDRE (Prop_fdre_C_Q)         0.456    -0.518 r  r128_dram_wrbuf_reg[70]/Q
                         net (fo=7, routed)           0.894     0.376    r128_dram_wrbuf_reg_n_0_[70]
    SLICE_X40Y31         LUT3 (Prop_lut3_I0_O)        0.124     0.500 r  r4_uart_state[0]_i_65/O
                         net (fo=1, routed)           0.000     0.500    r4_uart_state[0]_i_65_n_0
    SLICE_X40Y31         CARRY4 (Prop_carry4_S[2]_CO[3])
                                                      0.398     0.898 r  r4_uart_state_reg[0]_i_54/CO[3]
                         net (fo=1, routed)           0.000     0.898    r4_uart_state_reg[0]_i_54_n_0
    SLICE_X40Y32         CARRY4 (Prop_carry4_CI_CO[3])
                                                      0.114     1.012 r  r4_uart_state_reg[0]_i_44/CO[3]
                         net (fo=1, routed)           0.000     1.012    r4_uart_state_reg[0]_i_44_n_0
    SLICE_X40Y33         CARRY4 (Prop_carry4_CI_CO[3])
                                                      0.114     1.126 r  r4_uart_state_reg[0]_i_30/CO[3]
                         net (fo=1, routed)           0.000     1.126    r4_uart_state_reg[0]_i_30_n_0
    SLICE_X40Y34         CARRY4 (Prop_carry4_CI_CO[3])
                                                      0.114     1.240 r  r4_uart_state_reg[0]_i_15/CO[3]
                         net (fo=1, routed)           0.000     1.240    r4_uart_state_reg[0]_i_15_n_0
    SLICE_X40Y35         CARRY4 (Prop_carry4_CI_CO[3])
                                                      0.114     1.354 r  r4_uart_state_reg[0]_i_6/CO[3]
                         net (fo=1, routed)           0.000     1.354    r4_uart_state_reg[0]_i_6_n_0
    SLICE_X40Y36         CARRY4 (Prop_carry4_CI_CO[1])
                                                      0.157     1.511 f  r4_uart_state_reg[0]_i_2/CO[1]
                         net (fo=8, routed)           0.852     2.363    r_phy_cmd_en24_in
    SLICE_X43Y30         LUT6 (Prop_lut6_I2_O)        0.329     2.692 f  app_addr[26]_i_11/O
                         net (fo=1, routed)           0.793     3.486    app_addr[26]_i_11_n_0
    SLICE_X41Y35         LUT6 (Prop_lut6_I1_O)        0.124     3.610 r  app_addr[26]_i_5/O
                         net (fo=1, routed)           0.154     3.764    ddr3_arbiter_inst/phy_instance/app_addr_reg[0]_0
    SLICE_X41Y35         LUT6 (Prop_lut6_I5_O)        0.124     3.888 r  ddr3_arbiter_inst/phy_instance/app_addr[26]_i_1/O
                         net (fo=27, routed)          0.675     4.562    ddr3_arbiter_inst_n_164
    SLICE_X36Y36         FDRE                                         r  app_addr_reg[11]/CE
  -------------------------------------------------------------------    -------------------

                         (clock clk_out4_div_clk_wiz_1 rise edge)
                                                      5.000     5.000 r  
    N15                                               0.000     5.000 r  DDR3_CLK100 (IN)
                         net (fo=0)                   0.000     5.000    ddr3_arbiter_inst/clkgen_ddr3ctrl_instance/inst/clk_in1
    N15                  IBUF (Prop_ibuf_I_O)         1.370     6.370 r  ddr3_arbiter_inst/clkgen_ddr3ctrl_instance/inst/clkin1_ibufg/O
                         net (fo=1, routed)           1.162     7.532    ddr3_arbiter_inst/clkgen_ddr3ctrl_instance/inst/clk_in1_clk_wiz_1
    MMCME2_ADV_X0Y0      MMCME2_ADV (Prop_mmcme2_adv_CLKIN1_CLKOUT4)
                                                     -7.221     0.311 r  ddr3_arbiter_inst/clkgen_ddr3ctrl_instance/inst/mmcm_adv_inst/CLKOUT4
                         net (fo=1, routed)           1.587     1.898    ddr3_arbiter_inst/clkgen_ddr3ctrl_instance/inst/clk_out4_div_clk_wiz_1
    BUFGCTRL_X0Y0        BUFG (Prop_bufg_I_O)         0.091     1.989 r  ddr3_arbiter_inst/clkgen_ddr3ctrl_instance/inst/clkout5_buf/O
                         net (fo=1800, routed)        1.440     3.429    w_uart_clk
    SLICE_X36Y36         FDRE                                         r  app_addr_reg[11]/C
                         clock pessimism              0.562     3.991    
                         clock uncertainty           -0.072     3.919    
    SLICE_X36Y36         FDRE (Setup_fdre_C_CE)      -0.205     3.714    app_addr_reg[11]
  -------------------------------------------------------------------
                         required time                          3.714    
                         arrival time                          -4.562    
  -------------------------------------------------------------------
                         slack                                 -0.848    

Slack (VIOLATED) :        -0.848ns  (required time - arrival time)
  Source:                 r128_dram_wrbuf_reg[70]/C
                            (rising edge-triggered cell FDRE clocked by clk_out4_div_clk_wiz_1  {rise@0.000ns fall@2.500ns period=5.000ns})
  Destination:            app_addr_reg[24]/CE
                            (rising edge-triggered cell FDRE clocked by clk_out4_div_clk_wiz_1  {rise@0.000ns fall@2.500ns period=5.000ns})
  Path Group:             clk_out4_div_clk_wiz_1
  Path Type:              Setup (Max at Slow Process Corner)
  Requirement:            5.000ns  (clk_out4_div_clk_wiz_1 rise@5.000ns - clk_out4_div_clk_wiz_1 rise@0.000ns)
  Data Path Delay:        5.536ns  (logic 2.168ns (39.162%)  route 3.368ns (60.838%))
  Logic Levels:           10  (CARRY4=6 LUT3=1 LUT6=3)
  Clock Path Skew:        -0.035ns (DCD - SCD + CPR)
    Destination Clock Delay (DCD):    -1.571ns = ( 3.429 - 5.000 ) 
    Source Clock Delay      (SCD):    -0.974ns
    Clock Pessimism Removal (CPR):    0.562ns
  Clock Uncertainty:      0.072ns  ((TSJ^2 + DJ^2)^1/2) / 2 + PE
    Total System Jitter     (TSJ):    0.071ns
    Discrete Jitter          (DJ):    0.126ns
    Phase Error              (PE):    0.000ns

    Location             Delay type                Incr(ns)  Path(ns)    Netlist Resource(s)
  -------------------------------------------------------------------    -------------------
                         (clock clk_out4_div_clk_wiz_1 rise edge)
                                                      0.000     0.000 r  
    N15                                               0.000     0.000 r  DDR3_CLK100 (IN)
                         net (fo=0)                   0.000     0.000    ddr3_arbiter_inst/clkgen_ddr3ctrl_instance/inst/clk_in1
    N15                  IBUF (Prop_ibuf_I_O)         1.440     1.440 r  ddr3_arbiter_inst/clkgen_ddr3ctrl_instance/inst/clkin1_ibufg/O
                         net (fo=1, routed)           1.233     2.673    ddr3_arbiter_inst/clkgen_ddr3ctrl_instance/inst/clk_in1_clk_wiz_1
    MMCME2_ADV_X0Y0      MMCME2_ADV (Prop_mmcme2_adv_CLKIN1_CLKOUT4)
                                                     -6.965    -4.291 r  ddr3_arbiter_inst/clkgen_ddr3ctrl_instance/inst/mmcm_adv_inst/CLKOUT4
                         net (fo=1, routed)           1.666    -2.625    ddr3_arbiter_inst/clkgen_ddr3ctrl_instance/inst/clk_out4_div_clk_wiz_1
    BUFGCTRL_X0Y0        BUFG (Prop_bufg_I_O)         0.096    -2.529 r  ddr3_arbiter_inst/clkgen_ddr3ctrl_instance/inst/clkout5_buf/O
                         net (fo=1800, routed)        1.555    -0.974    w_uart_clk
    SLICE_X41Y31         FDRE                                         r  r128_dram_wrbuf_reg[70]/C
  -------------------------------------------------------------------    -------------------
    SLICE_X41Y31         FDRE (Prop_fdre_C_Q)         0.456    -0.518 r  r128_dram_wrbuf_reg[70]/Q
                         net (fo=7, routed)           0.894     0.376    r128_dram_wrbuf_reg_n_0_[70]
    SLICE_X40Y31         LUT3 (Prop_lut3_I0_O)        0.124     0.500 r  r4_uart_state[0]_i_65/O
                         net (fo=1, routed)           0.000     0.500    r4_uart_state[0]_i_65_n_0
    SLICE_X40Y31         CARRY4 (Prop_carry4_S[2]_CO[3])
                                                      0.398     0.898 r  r4_uart_state_reg[0]_i_54/CO[3]
                         net (fo=1, routed)           0.000     0.898    r4_uart_state_reg[0]_i_54_n_0
    SLICE_X40Y32         CARRY4 (Prop_carry4_CI_CO[3])
                                                      0.114     1.012 r  r4_uart_state_reg[0]_i_44/CO[3]
                         net (fo=1, routed)           0.000     1.012    r4_uart_state_reg[0]_i_44_n_0
    SLICE_X40Y33         CARRY4 (Prop_carry4_CI_CO[3])
                                                      0.114     1.126 r  r4_uart_state_reg[0]_i_30/CO[3]
                         net (fo=1, routed)           0.000     1.126    r4_uart_state_reg[0]_i_30_n_0
    SLICE_X40Y34         CARRY4 (Prop_carry4_CI_CO[3])
                                                      0.114     1.240 r  r4_uart_state_reg[0]_i_15/CO[3]
                         net (fo=1, routed)           0.000     1.240    r4_uart_state_reg[0]_i_15_n_0
    SLICE_X40Y35         CARRY4 (Prop_carry4_CI_CO[3])
                                                      0.114     1.354 r  r4_uart_state_reg[0]_i_6/CO[3]
                         net (fo=1, routed)           0.000     1.354    r4_uart_state_reg[0]_i_6_n_0
    SLICE_X40Y36         CARRY4 (Prop_carry4_CI_CO[1])
                                                      0.157     1.511 f  r4_uart_state_reg[0]_i_2/CO[1]
                         net (fo=8, routed)           0.852     2.363    r_phy_cmd_en24_in
    SLICE_X43Y30         LUT6 (Prop_lut6_I2_O)        0.329     2.692 f  app_addr[26]_i_11/O
                         net (fo=1, routed)           0.793     3.486    app_addr[26]_i_11_n_0
    SLICE_X41Y35         LUT6 (Prop_lut6_I1_O)        0.124     3.610 r  app_addr[26]_i_5/O
                         net (fo=1, routed)           0.154     3.764    ddr3_arbiter_inst/phy_instance/app_addr_reg[0]_0
    SLICE_X41Y35         LUT6 (Prop_lut6_I5_O)        0.124     3.888 r  ddr3_arbiter_inst/phy_instance/app_addr[26]_i_1/O
                         net (fo=27, routed)          0.675     4.562    ddr3_arbiter_inst_n_164
    SLICE_X36Y36         FDRE                                         r  app_addr_reg[24]/CE
  -------------------------------------------------------------------    -------------------

                         (clock clk_out4_div_clk_wiz_1 rise edge)
                                                      5.000     5.000 r  
    N15                                               0.000     5.000 r  DDR3_CLK100 (IN)
                         net (fo=0)                   0.000     5.000    ddr3_arbiter_inst/clkgen_ddr3ctrl_instance/inst/clk_in1
    N15                  IBUF (Prop_ibuf_I_O)         1.370     6.370 r  ddr3_arbiter_inst/clkgen_ddr3ctrl_instance/inst/clkin1_ibufg/O
                         net (fo=1, routed)           1.162     7.532    ddr3_arbiter_inst/clkgen_ddr3ctrl_instance/inst/clk_in1_clk_wiz_1
    MMCME2_ADV_X0Y0      MMCME2_ADV (Prop_mmcme2_adv_CLKIN1_CLKOUT4)
                                                     -7.221     0.311 r  ddr3_arbiter_inst/clkgen_ddr3ctrl_instance/inst/mmcm_adv_inst/CLKOUT4
                         net (fo=1, routed)           1.587     1.898    ddr3_arbiter_inst/clkgen_ddr3ctrl_instance/inst/clk_out4_div_clk_wiz_1
    BUFGCTRL_X0Y0        BUFG (Prop_bufg_I_O)         0.091     1.989 r  ddr3_arbiter_inst/clkgen_ddr3ctrl_instance/inst/clkout5_buf/O
                         net (fo=1800, routed)        1.440     3.429    w_uart_clk
    SLICE_X36Y36         FDRE                                         r  app_addr_reg[24]/C
                         clock pessimism              0.562     3.991    
                         clock uncertainty           -0.072     3.919    
    SLICE_X36Y36         FDRE (Setup_fdre_C_CE)      -0.205     3.714    app_addr_reg[24]
  -------------------------------------------------------------------
                         required time                          3.714    
                         arrival time                          -4.562    
  -------------------------------------------------------------------
                         slack                                 -0.848    

Slack (VIOLATED) :        -0.822ns  (required time - arrival time)
  Source:                 r128_dram_wrbuf_reg[70]/C
                            (rising edge-triggered cell FDRE clocked by clk_out4_div_clk_wiz_1  {rise@0.000ns fall@2.500ns period=5.000ns})
  Destination:            app_addr_reg[3]/CE
                            (rising edge-triggered cell FDRE clocked by clk_out4_div_clk_wiz_1  {rise@0.000ns fall@2.500ns period=5.000ns})
  Path Group:             clk_out4_div_clk_wiz_1
  Path Type:              Setup (Max at Slow Process Corner)
  Requirement:            5.000ns  (clk_out4_div_clk_wiz_1 rise@5.000ns - clk_out4_div_clk_wiz_1 rise@0.000ns)
  Data Path Delay:        5.525ns  (logic 2.168ns (39.237%)  route 3.357ns (60.763%))
  Logic Levels:           10  (CARRY4=6 LUT3=1 LUT6=3)
  Clock Path Skew:        -0.019ns (DCD - SCD + CPR)
    Destination Clock Delay (DCD):    -1.569ns = ( 3.431 - 5.000 ) 
    Source Clock Delay      (SCD):    -0.974ns
    Clock Pessimism Removal (CPR):    0.576ns
  Clock Uncertainty:      0.072ns  ((TSJ^2 + DJ^2)^1/2) / 2 + PE
    Total System Jitter     (TSJ):    0.071ns
    Discrete Jitter          (DJ):    0.126ns
    Phase Error              (PE):    0.000ns

    Location             Delay type                Incr(ns)  Path(ns)    Netlist Resource(s)
  -------------------------------------------------------------------    -------------------
                         (clock clk_out4_div_clk_wiz_1 rise edge)
                                                      0.000     0.000 r  
    N15                                               0.000     0.000 r  DDR3_CLK100 (IN)
                         net (fo=0)                   0.000     0.000    ddr3_arbiter_inst/clkgen_ddr3ctrl_instance/inst/clk_in1
    N15                  IBUF (Prop_ibuf_I_O)         1.440     1.440 r  ddr3_arbiter_inst/clkgen_ddr3ctrl_instance/inst/clkin1_ibufg/O
                         net (fo=1, routed)           1.233     2.673    ddr3_arbiter_inst/clkgen_ddr3ctrl_instance/inst/clk_in1_clk_wiz_1
    MMCME2_ADV_X0Y0      MMCME2_ADV (Prop_mmcme2_adv_CLKIN1_CLKOUT4)
                                                     -6.965    -4.291 r  ddr3_arbiter_inst/clkgen_ddr3ctrl_instance/inst/mmcm_adv_inst/CLKOUT4
                         net (fo=1, routed)           1.666    -2.625    ddr3_arbiter_inst/clkgen_ddr3ctrl_instance/inst/clk_out4_div_clk_wiz_1
    BUFGCTRL_X0Y0        BUFG (Prop_bufg_I_O)         0.096    -2.529 r  ddr3_arbiter_inst/clkgen_ddr3ctrl_instance/inst/clkout5_buf/O
                         net (fo=1800, routed)        1.555    -0.974    w_uart_clk
    SLICE_X41Y31         FDRE                                         r  r128_dram_wrbuf_reg[70]/C
  -------------------------------------------------------------------    -------------------
    SLICE_X41Y31         FDRE (Prop_fdre_C_Q)         0.456    -0.518 r  r128_dram_wrbuf_reg[70]/Q
                         net (fo=7, routed)           0.894     0.376    r128_dram_wrbuf_reg_n_0_[70]
    SLICE_X40Y31         LUT3 (Prop_lut3_I0_O)        0.124     0.500 r  r4_uart_state[0]_i_65/O
                         net (fo=1, routed)           0.000     0.500    r4_uart_state[0]_i_65_n_0
    SLICE_X40Y31         CARRY4 (Prop_carry4_S[2]_CO[3])
                                                      0.398     0.898 r  r4_uart_state_reg[0]_i_54/CO[3]
                         net (fo=1, routed)           0.000     0.898    r4_uart_state_reg[0]_i_54_n_0
    SLICE_X40Y32         CARRY4 (Prop_carry4_CI_CO[3])
                                                      0.114     1.012 r  r4_uart_state_reg[0]_i_44/CO[3]
                         net (fo=1, routed)           0.000     1.012    r4_uart_state_reg[0]_i_44_n_0
    SLICE_X40Y33         CARRY4 (Prop_carry4_CI_CO[3])
                                                      0.114     1.126 r  r4_uart_state_reg[0]_i_30/CO[3]
                         net (fo=1, routed)           0.000     1.126    r4_uart_state_reg[0]_i_30_n_0
    SLICE_X40Y34         CARRY4 (Prop_carry4_CI_CO[3])
                                                      0.114     1.240 r  r4_uart_state_reg[0]_i_15/CO[3]
                         net (fo=1, routed)           0.000     1.240    r4_uart_state_reg[0]_i_15_n_0
    SLICE_X40Y35         CARRY4 (Prop_carry4_CI_CO[3])
                                                      0.114     1.354 r  r4_uart_state_reg[0]_i_6/CO[3]
                         net (fo=1, routed)           0.000     1.354    r4_uart_state_reg[0]_i_6_n_0
    SLICE_X40Y36         CARRY4 (Prop_carry4_CI_CO[1])
                                                      0.157     1.511 f  r4_uart_state_reg[0]_i_2/CO[1]
                         net (fo=8, routed)           0.852     2.363    r_phy_cmd_en24_in
    SLICE_X43Y30         LUT6 (Prop_lut6_I2_O)        0.329     2.692 f  app_addr[26]_i_11/O
                         net (fo=1, routed)           0.793     3.486    app_addr[26]_i_11_n_0
    SLICE_X41Y35         LUT6 (Prop_lut6_I1_O)        0.124     3.610 r  app_addr[26]_i_5/O
                         net (fo=1, routed)           0.154     3.764    ddr3_arbiter_inst/phy_instance/app_addr_reg[0]_0
    SLICE_X41Y35         LUT6 (Prop_lut6_I5_O)        0.124     3.888 r  ddr3_arbiter_inst/phy_instance/app_addr[26]_i_1/O
                         net (fo=27, routed)          0.664     4.552    ddr3_arbiter_inst_n_164
    SLICE_X41Y35         FDRE                                         r  app_addr_reg[3]/CE
  -------------------------------------------------------------------    -------------------

                         (clock clk_out4_div_clk_wiz_1 rise edge)
                                                      5.000     5.000 r  
    N15                                               0.000     5.000 r  DDR3_CLK100 (IN)
                         net (fo=0)                   0.000     5.000    ddr3_arbiter_inst/clkgen_ddr3ctrl_instance/inst/clk_in1
    N15                  IBUF (Prop_ibuf_I_O)         1.370     6.370 r  ddr3_arbiter_inst/clkgen_ddr3ctrl_instance/inst/clkin1_ibufg/O
                         net (fo=1, routed)           1.162     7.532    ddr3_arbiter_inst/clkgen_ddr3ctrl_instance/inst/clk_in1_clk_wiz_1
    MMCME2_ADV_X0Y0      MMCME2_ADV (Prop_mmcme2_adv_CLKIN1_CLKOUT4)
                                                     -7.221     0.311 r  ddr3_arbiter_inst/clkgen_ddr3ctrl_instance/inst/mmcm_adv_inst/CLKOUT4
                         net (fo=1, routed)           1.587     1.898    ddr3_arbiter_inst/clkgen_ddr3ctrl_instance/inst/clk_out4_div_clk_wiz_1
    BUFGCTRL_X0Y0        BUFG (Prop_bufg_I_O)         0.091     1.989 r  ddr3_arbiter_inst/clkgen_ddr3ctrl_instance/inst/clkout5_buf/O
                         net (fo=1800, routed)        1.442     3.431    w_uart_clk
    SLICE_X41Y35         FDRE                                         r  app_addr_reg[3]/C
                         clock pessimism              0.576     4.007    
                         clock uncertainty           -0.072     3.935    
    SLICE_X41Y35         FDRE (Setup_fdre_C_CE)      -0.205     3.730    app_addr_reg[3]
  -------------------------------------------------------------------
                         required time                          3.730    
                         arrival time                          -4.552    
  -------------------------------------------------------------------
                         slack                                 -0.822    

Slack (VIOLATED) :        -0.810ns  (required time - arrival time)
  Source:                 r128_dram_wrbuf_reg[70]/C
                            (rising edge-triggered cell FDRE clocked by clk_out4_div_clk_wiz_1  {rise@0.000ns fall@2.500ns period=5.000ns})
  Destination:            app_addr_reg[10]/CE
                            (rising edge-triggered cell FDRE clocked by clk_out4_div_clk_wiz_1  {rise@0.000ns fall@2.500ns period=5.000ns})
  Path Group:             clk_out4_div_clk_wiz_1
  Path Type:              Setup (Max at Slow Process Corner)
  Requirement:            5.000ns  (clk_out4_div_clk_wiz_1 rise@5.000ns - clk_out4_div_clk_wiz_1 rise@0.000ns)
  Data Path Delay:        5.534ns  (logic 2.168ns (39.177%)  route 3.366ns (60.823%))
  Logic Levels:           10  (CARRY4=6 LUT3=1 LUT6=3)
  Clock Path Skew:        -0.035ns (DCD - SCD + CPR)
    Destination Clock Delay (DCD):    -1.571ns = ( 3.429 - 5.000 ) 
    Source Clock Delay      (SCD):    -0.974ns
    Clock Pessimism Removal (CPR):    0.562ns
  Clock Uncertainty:      0.072ns  ((TSJ^2 + DJ^2)^1/2) / 2 + PE
    Total System Jitter     (TSJ):    0.071ns
    Discrete Jitter          (DJ):    0.126ns
    Phase Error              (PE):    0.000ns

    Location             Delay type                Incr(ns)  Path(ns)    Netlist Resource(s)
  -------------------------------------------------------------------    -------------------
                         (clock clk_out4_div_clk_wiz_1 rise edge)
                                                      0.000     0.000 r  
    N15                                               0.000     0.000 r  DDR3_CLK100 (IN)
                         net (fo=0)                   0.000     0.000    ddr3_arbiter_inst/clkgen_ddr3ctrl_instance/inst/clk_in1
    N15                  IBUF (Prop_ibuf_I_O)         1.440     1.440 r  ddr3_arbiter_inst/clkgen_ddr3ctrl_instance/inst/clkin1_ibufg/O
                         net (fo=1, routed)           1.233     2.673    ddr3_arbiter_inst/clkgen_ddr3ctrl_instance/inst/clk_in1_clk_wiz_1
    MMCME2_ADV_X0Y0      MMCME2_ADV (Prop_mmcme2_adv_CLKIN1_CLKOUT4)
                                                     -6.965    -4.291 r  ddr3_arbiter_inst/clkgen_ddr3ctrl_instance/inst/mmcm_adv_inst/CLKOUT4
                         net (fo=1, routed)           1.666    -2.625    ddr3_arbiter_inst/clkgen_ddr3ctrl_instance/inst/clk_out4_div_clk_wiz_1
    BUFGCTRL_X0Y0        BUFG (Prop_bufg_I_O)         0.096    -2.529 r  ddr3_arbiter_inst/clkgen_ddr3ctrl_instance/inst/clkout5_buf/O
                         net (fo=1800, routed)        1.555    -0.974    w_uart_clk
    SLICE_X41Y31         FDRE                                         r  r128_dram_wrbuf_reg[70]/C
  -------------------------------------------------------------------    -------------------
    SLICE_X41Y31         FDRE (Prop_fdre_C_Q)         0.456    -0.518 r  r128_dram_wrbuf_reg[70]/Q
                         net (fo=7, routed)           0.894     0.376    r128_dram_wrbuf_reg_n_0_[70]
    SLICE_X40Y31         LUT3 (Prop_lut3_I0_O)        0.124     0.500 r  r4_uart_state[0]_i_65/O
                         net (fo=1, routed)           0.000     0.500    r4_uart_state[0]_i_65_n_0
    SLICE_X40Y31         CARRY4 (Prop_carry4_S[2]_CO[3])
                                                      0.398     0.898 r  r4_uart_state_reg[0]_i_54/CO[3]
                         net (fo=1, routed)           0.000     0.898    r4_uart_state_reg[0]_i_54_n_0
    SLICE_X40Y32         CARRY4 (Prop_carry4_CI_CO[3])
                                                      0.114     1.012 r  r4_uart_state_reg[0]_i_44/CO[3]
                         net (fo=1, routed)           0.000     1.012    r4_uart_state_reg[0]_i_44_n_0
    SLICE_X40Y33         CARRY4 (Prop_carry4_CI_CO[3])
                                                      0.114     1.126 r  r4_uart_state_reg[0]_i_30/CO[3]
                         net (fo=1, routed)           0.000     1.126    r4_uart_state_reg[0]_i_30_n_0
    SLICE_X40Y34         CARRY4 (Prop_carry4_CI_CO[3])
                                                      0.114     1.240 r  r4_uart_state_reg[0]_i_15/CO[3]
                         net (fo=1, routed)           0.000     1.240    r4_uart_state_reg[0]_i_15_n_0
    SLICE_X40Y35         CARRY4 (Prop_carry4_CI_CO[3])
                                                      0.114     1.354 r  r4_uart_state_reg[0]_i_6/CO[3]
                         net (fo=1, routed)           0.000     1.354    r4_uart_state_reg[0]_i_6_n_0
    SLICE_X40Y36         CARRY4 (Prop_carry4_CI_CO[1])
                                                      0.157     1.511 f  r4_uart_state_reg[0]_i_2/CO[1]
                         net (fo=8, routed)           0.852     2.363    r_phy_cmd_en24_in
    SLICE_X43Y30         LUT6 (Prop_lut6_I2_O)        0.329     2.692 f  app_addr[26]_i_11/O
                         net (fo=1, routed)           0.793     3.486    app_addr[26]_i_11_n_0
    SLICE_X41Y35         LUT6 (Prop_lut6_I1_O)        0.124     3.610 r  app_addr[26]_i_5/O
                         net (fo=1, routed)           0.154     3.764    ddr3_arbiter_inst/phy_instance/app_addr_reg[0]_0
    SLICE_X41Y35         LUT6 (Prop_lut6_I5_O)        0.124     3.888 r  ddr3_arbiter_inst/phy_instance/app_addr[26]_i_1/O
                         net (fo=27, routed)          0.672     4.560    ddr3_arbiter_inst_n_164
    SLICE_X38Y36         FDRE                                         r  app_addr_reg[10]/CE
  -------------------------------------------------------------------    -------------------

                         (clock clk_out4_div_clk_wiz_1 rise edge)
                                                      5.000     5.000 r  
    N15                                               0.000     5.000 r  DDR3_CLK100 (IN)
                         net (fo=0)                   0.000     5.000    ddr3_arbiter_inst/clkgen_ddr3ctrl_instance/inst/clk_in1
    N15                  IBUF (Prop_ibuf_I_O)         1.370     6.370 r  ddr3_arbiter_inst/clkgen_ddr3ctrl_instance/inst/clkin1_ibufg/O
                         net (fo=1, routed)           1.162     7.532    ddr3_arbiter_inst/clkgen_ddr3ctrl_instance/inst/clk_in1_clk_wiz_1
    MMCME2_ADV_X0Y0      MMCME2_ADV (Prop_mmcme2_adv_CLKIN1_CLKOUT4)
                                                     -7.221     0.311 r  ddr3_arbiter_inst/clkgen_ddr3ctrl_instance/inst/mmcm_adv_inst/CLKOUT4
                         net (fo=1, routed)           1.587     1.898    ddr3_arbiter_inst/clkgen_ddr3ctrl_instance/inst/clk_out4_div_clk_wiz_1
    BUFGCTRL_X0Y0        BUFG (Prop_bufg_I_O)         0.091     1.989 r  ddr3_arbiter_inst/clkgen_ddr3ctrl_instance/inst/clkout5_buf/O
                         net (fo=1800, routed)        1.440     3.429    w_uart_clk
    SLICE_X38Y36         FDRE                                         r  app_addr_reg[10]/C
                         clock pessimism              0.562     3.991    
                         clock uncertainty           -0.072     3.919    
    SLICE_X38Y36         FDRE (Setup_fdre_C_CE)      -0.169     3.750    app_addr_reg[10]
  -------------------------------------------------------------------
                         required time                          3.750    
                         arrival time                          -4.560    
  -------------------------------------------------------------------
                         slack                                 -0.810    

Slack (VIOLATED) :        -0.810ns  (required time - arrival time)
  Source:                 r128_dram_wrbuf_reg[70]/C
                            (rising edge-triggered cell FDRE clocked by clk_out4_div_clk_wiz_1  {rise@0.000ns fall@2.500ns period=5.000ns})
  Destination:            app_addr_reg[13]/CE
                            (rising edge-triggered cell FDRE clocked by clk_out4_div_clk_wiz_1  {rise@0.000ns fall@2.500ns period=5.000ns})
  Path Group:             clk_out4_div_clk_wiz_1
  Path Type:              Setup (Max at Slow Process Corner)
  Requirement:            5.000ns  (clk_out4_div_clk_wiz_1 rise@5.000ns - clk_out4_div_clk_wiz_1 rise@0.000ns)
  Data Path Delay:        5.534ns  (logic 2.168ns (39.177%)  route 3.366ns (60.823%))
  Logic Levels:           10  (CARRY4=6 LUT3=1 LUT6=3)
  Clock Path Skew:        -0.035ns (DCD - SCD + CPR)
    Destination Clock Delay (DCD):    -1.571ns = ( 3.429 - 5.000 ) 
    Source Clock Delay      (SCD):    -0.974ns
    Clock Pessimism Removal (CPR):    0.562ns
  Clock Uncertainty:      0.072ns  ((TSJ^2 + DJ^2)^1/2) / 2 + PE
    Total System Jitter     (TSJ):    0.071ns
    Discrete Jitter          (DJ):    0.126ns
    Phase Error              (PE):    0.000ns

    Location             Delay type                Incr(ns)  Path(ns)    Netlist Resource(s)
  -------------------------------------------------------------------    -------------------
                         (clock clk_out4_div_clk_wiz_1 rise edge)
                                                      0.000     0.000 r  
    N15                                               0.000     0.000 r  DDR3_CLK100 (IN)
                         net (fo=0)                   0.000     0.000    ddr3_arbiter_inst/clkgen_ddr3ctrl_instance/inst/clk_in1
    N15                  IBUF (Prop_ibuf_I_O)         1.440     1.440 r  ddr3_arbiter_inst/clkgen_ddr3ctrl_instance/inst/clkin1_ibufg/O
                         net (fo=1, routed)           1.233     2.673    ddr3_arbiter_inst/clkgen_ddr3ctrl_instance/inst/clk_in1_clk_wiz_1
    MMCME2_ADV_X0Y0      MMCME2_ADV (Prop_mmcme2_adv_CLKIN1_CLKOUT4)
                                                     -6.965    -4.291 r  ddr3_arbiter_inst/clkgen_ddr3ctrl_instance/inst/mmcm_adv_inst/CLKOUT4
                         net (fo=1, routed)           1.666    -2.625    ddr3_arbiter_inst/clkgen_ddr3ctrl_instance/inst/clk_out4_div_clk_wiz_1
    BUFGCTRL_X0Y0        BUFG (Prop_bufg_I_O)         0.096    -2.529 r  ddr3_arbiter_inst/clkgen_ddr3ctrl_instance/inst/clkout5_buf/O
                         net (fo=1800, routed)        1.555    -0.974    w_uart_clk
    SLICE_X41Y31         FDRE                                         r  r128_dram_wrbuf_reg[70]/C
  -------------------------------------------------------------------    -------------------
    SLICE_X41Y31         FDRE (Prop_fdre_C_Q)         0.456    -0.518 r  r128_dram_wrbuf_reg[70]/Q
                         net (fo=7, routed)           0.894     0.376    r128_dram_wrbuf_reg_n_0_[70]
    SLICE_X40Y31         LUT3 (Prop_lut3_I0_O)        0.124     0.500 r  r4_uart_state[0]_i_65/O
                         net (fo=1, routed)           0.000     0.500    r4_uart_state[0]_i_65_n_0
    SLICE_X40Y31         CARRY4 (Prop_carry4_S[2]_CO[3])
                                                      0.398     0.898 r  r4_uart_state_reg[0]_i_54/CO[3]
                         net (fo=1, routed)           0.000     0.898    r4_uart_state_reg[0]_i_54_n_0
    SLICE_X40Y32         CARRY4 (Prop_carry4_CI_CO[3])
                                                      0.114     1.012 r  r4_uart_state_reg[0]_i_44/CO[3]
                         net (fo=1, routed)           0.000     1.012    r4_uart_state_reg[0]_i_44_n_0
    SLICE_X40Y33         CARRY4 (Prop_carry4_CI_CO[3])
                                                      0.114     1.126 r  r4_uart_state_reg[0]_i_30/CO[3]
                         net (fo=1, routed)           0.000     1.126    r4_uart_state_reg[0]_i_30_n_0
    SLICE_X40Y34         CARRY4 (Prop_carry4_CI_CO[3])
                                                      0.114     1.240 r  r4_uart_state_reg[0]_i_15/CO[3]
                         net (fo=1, routed)           0.000     1.240    r4_uart_state_reg[0]_i_15_n_0
    SLICE_X40Y35         CARRY4 (Prop_carry4_CI_CO[3])
                                                      0.114     1.354 r  r4_uart_state_reg[0]_i_6/CO[3]
                         net (fo=1, routed)           0.000     1.354    r4_uart_state_reg[0]_i_6_n_0
    SLICE_X40Y36         CARRY4 (Prop_carry4_CI_CO[1])
                                                      0.157     1.511 f  r4_uart_state_reg[0]_i_2/CO[1]
                         net (fo=8, routed)           0.852     2.363    r_phy_cmd_en24_in
    SLICE_X43Y30         LUT6 (Prop_lut6_I2_O)        0.329     2.692 f  app_addr[26]_i_11/O
                         net (fo=1, routed)           0.793     3.486    app_addr[26]_i_11_n_0
    SLICE_X41Y35         LUT6 (Prop_lut6_I1_O)        0.124     3.610 r  app_addr[26]_i_5/O
                         net (fo=1, routed)           0.154     3.764    ddr3_arbiter_inst/phy_instance/app_addr_reg[0]_0
    SLICE_X41Y35         LUT6 (Prop_lut6_I5_O)        0.124     3.888 r  ddr3_arbiter_inst/phy_instance/app_addr[26]_i_1/O
                         net (fo=27, routed)          0.672     4.560    ddr3_arbiter_inst_n_164
    SLICE_X38Y36         FDRE                                         r  app_addr_reg[13]/CE
  -------------------------------------------------------------------    -------------------

                         (clock clk_out4_div_clk_wiz_1 rise edge)
                                                      5.000     5.000 r  
    N15                                               0.000     5.000 r  DDR3_CLK100 (IN)
                         net (fo=0)                   0.000     5.000    ddr3_arbiter_inst/clkgen_ddr3ctrl_instance/inst/clk_in1
    N15                  IBUF (Prop_ibuf_I_O)         1.370     6.370 r  ddr3_arbiter_inst/clkgen_ddr3ctrl_instance/inst/clkin1_ibufg/O
                         net (fo=1, routed)           1.162     7.532    ddr3_arbiter_inst/clkgen_ddr3ctrl_instance/inst/clk_in1_clk_wiz_1
    MMCME2_ADV_X0Y0      MMCME2_ADV (Prop_mmcme2_adv_CLKIN1_CLKOUT4)
                                                     -7.221     0.311 r  ddr3_arbiter_inst/clkgen_ddr3ctrl_instance/inst/mmcm_adv_inst/CLKOUT4
                         net (fo=1, routed)           1.587     1.898    ddr3_arbiter_inst/clkgen_ddr3ctrl_instance/inst/clk_out4_div_clk_wiz_1
    BUFGCTRL_X0Y0        BUFG (Prop_bufg_I_O)         0.091     1.989 r  ddr3_arbiter_inst/clkgen_ddr3ctrl_instance/inst/clkout5_buf/O
                         net (fo=1800, routed)        1.440     3.429    w_uart_clk
    SLICE_X38Y36         FDRE                                         r  app_addr_reg[13]/C
                         clock pessimism              0.562     3.991    
                         clock uncertainty           -0.072     3.919    
    SLICE_X38Y36         FDRE (Setup_fdre_C_CE)      -0.169     3.750    app_addr_reg[13]
  -------------------------------------------------------------------
                         required time                          3.750    
                         arrival time                          -4.560    
  -------------------------------------------------------------------
                         slack                                 -0.810    

Slack (VIOLATED) :        -0.810ns  (required time - arrival time)
  Source:                 r128_dram_wrbuf_reg[70]/C
                            (rising edge-triggered cell FDRE clocked by clk_out4_div_clk_wiz_1  {rise@0.000ns fall@2.500ns period=5.000ns})
  Destination:            app_addr_reg[15]/CE
                            (rising edge-triggered cell FDRE clocked by clk_out4_div_clk_wiz_1  {rise@0.000ns fall@2.500ns period=5.000ns})
  Path Group:             clk_out4_div_clk_wiz_1
  Path Type:              Setup (Max at Slow Process Corner)
  Requirement:            5.000ns  (clk_out4_div_clk_wiz_1 rise@5.000ns - clk_out4_div_clk_wiz_1 rise@0.000ns)
  Data Path Delay:        5.534ns  (logic 2.168ns (39.177%)  route 3.366ns (60.823%))
  Logic Levels:           10  (CARRY4=6 LUT3=1 LUT6=3)
  Clock Path Skew:        -0.035ns (DCD - SCD + CPR)
    Destination Clock Delay (DCD):    -1.571ns = ( 3.429 - 5.000 ) 
    Source Clock Delay      (SCD):    -0.974ns
    Clock Pessimism Removal (CPR):    0.562ns
  Clock Uncertainty:      0.072ns  ((TSJ^2 + DJ^2)^1/2) / 2 + PE
    Total System Jitter     (TSJ):    0.071ns
    Discrete Jitter          (DJ):    0.126ns
    Phase Error              (PE):    0.000ns

    Location             Delay type                Incr(ns)  Path(ns)    Netlist Resource(s)
  -------------------------------------------------------------------    -------------------
                         (clock clk_out4_div_clk_wiz_1 rise edge)
                                                      0.000     0.000 r  
    N15                                               0.000     0.000 r  DDR3_CLK100 (IN)
                         net (fo=0)                   0.000     0.000    ddr3_arbiter_inst/clkgen_ddr3ctrl_instance/inst/clk_in1
    N15                  IBUF (Prop_ibuf_I_O)         1.440     1.440 r  ddr3_arbiter_inst/clkgen_ddr3ctrl_instance/inst/clkin1_ibufg/O
                         net (fo=1, routed)           1.233     2.673    ddr3_arbiter_inst/clkgen_ddr3ctrl_instance/inst/clk_in1_clk_wiz_1
    MMCME2_ADV_X0Y0      MMCME2_ADV (Prop_mmcme2_adv_CLKIN1_CLKOUT4)
                                                     -6.965    -4.291 r  ddr3_arbiter_inst/clkgen_ddr3ctrl_instance/inst/mmcm_adv_inst/CLKOUT4
                         net (fo=1, routed)           1.666    -2.625    ddr3_arbiter_inst/clkgen_ddr3ctrl_instance/inst/clk_out4_div_clk_wiz_1
    BUFGCTRL_X0Y0        BUFG (Prop_bufg_I_O)         0.096    -2.529 r  ddr3_arbiter_inst/clkgen_ddr3ctrl_instance/inst/clkout5_buf/O
                         net (fo=1800, routed)        1.555    -0.974    w_uart_clk
    SLICE_X41Y31         FDRE                                         r  r128_dram_wrbuf_reg[70]/C
  -------------------------------------------------------------------    -------------------
    SLICE_X41Y31         FDRE (Prop_fdre_C_Q)         0.456    -0.518 r  r128_dram_wrbuf_reg[70]/Q
                         net (fo=7, routed)           0.894     0.376    r128_dram_wrbuf_reg_n_0_[70]
    SLICE_X40Y31         LUT3 (Prop_lut3_I0_O)        0.124     0.500 r  r4_uart_state[0]_i_65/O
                         net (fo=1, routed)           0.000     0.500    r4_uart_state[0]_i_65_n_0
    SLICE_X40Y31         CARRY4 (Prop_carry4_S[2]_CO[3])
                                                      0.398     0.898 r  r4_uart_state_reg[0]_i_54/CO[3]
                         net (fo=1, routed)           0.000     0.898    r4_uart_state_reg[0]_i_54_n_0
    SLICE_X40Y32         CARRY4 (Prop_carry4_CI_CO[3])
                                                      0.114     1.012 r  r4_uart_state_reg[0]_i_44/CO[3]
                         net (fo=1, routed)           0.000     1.012    r4_uart_state_reg[0]_i_44_n_0
    SLICE_X40Y33         CARRY4 (Prop_carry4_CI_CO[3])
                                                      0.114     1.126 r  r4_uart_state_reg[0]_i_30/CO[3]
                         net (fo=1, routed)           0.000     1.126    r4_uart_state_reg[0]_i_30_n_0
    SLICE_X40Y34         CARRY4 (Prop_carry4_CI_CO[3])
                                                      0.114     1.240 r  r4_uart_state_reg[0]_i_15/CO[3]
                         net (fo=1, routed)           0.000     1.240    r4_uart_state_reg[0]_i_15_n_0
    SLICE_X40Y35         CARRY4 (Prop_carry4_CI_CO[3])
                                                      0.114     1.354 r  r4_uart_state_reg[0]_i_6/CO[3]
                         net (fo=1, routed)           0.000     1.354    r4_uart_state_reg[0]_i_6_n_0
    SLICE_X40Y36         CARRY4 (Prop_carry4_CI_CO[1])
                                                      0.157     1.511 f  r4_uart_state_reg[0]_i_2/CO[1]
                         net (fo=8, routed)           0.852     2.363    r_phy_cmd_en24_in
    SLICE_X43Y30         LUT6 (Prop_lut6_I2_O)        0.329     2.692 f  app_addr[26]_i_11/O
                         net (fo=1, routed)           0.793     3.486    app_addr[26]_i_11_n_0
    SLICE_X41Y35         LUT6 (Prop_lut6_I1_O)        0.124     3.610 r  app_addr[26]_i_5/O
                         net (fo=1, routed)           0.154     3.764    ddr3_arbiter_inst/phy_instance/app_addr_reg[0]_0
    SLICE_X41Y35         LUT6 (Prop_lut6_I5_O)        0.124     3.888 r  ddr3_arbiter_inst/phy_instance/app_addr[26]_i_1/O
                         net (fo=27, routed)          0.672     4.560    ddr3_arbiter_inst_n_164
    SLICE_X38Y36         FDRE                                         r  app_addr_reg[15]/CE
  -------------------------------------------------------------------    -------------------

                         (clock clk_out4_div_clk_wiz_1 rise edge)
                                                      5.000     5.000 r  
    N15                                               0.000     5.000 r  DDR3_CLK100 (IN)
                         net (fo=0)                   0.000     5.000    ddr3_arbiter_inst/clkgen_ddr3ctrl_instance/inst/clk_in1
    N15                  IBUF (Prop_ibuf_I_O)         1.370     6.370 r  ddr3_arbiter_inst/clkgen_ddr3ctrl_instance/inst/clkin1_ibufg/O
                         net (fo=1, routed)           1.162     7.532    ddr3_arbiter_inst/clkgen_ddr3ctrl_instance/inst/clk_in1_clk_wiz_1
    MMCME2_ADV_X0Y0      MMCME2_ADV (Prop_mmcme2_adv_CLKIN1_CLKOUT4)
                                                     -7.221     0.311 r  ddr3_arbiter_inst/clkgen_ddr3ctrl_instance/inst/mmcm_adv_inst/CLKOUT4
                         net (fo=1, routed)           1.587     1.898    ddr3_arbiter_inst/clkgen_ddr3ctrl_instance/inst/clk_out4_div_clk_wiz_1
    BUFGCTRL_X0Y0        BUFG (Prop_bufg_I_O)         0.091     1.989 r  ddr3_arbiter_inst/clkgen_ddr3ctrl_instance/inst/clkout5_buf/O
                         net (fo=1800, routed)        1.440     3.429    w_uart_clk
    SLICE_X38Y36         FDRE                                         r  app_addr_reg[15]/C
                         clock pessimism              0.562     3.991    
                         clock uncertainty           -0.072     3.919    
    SLICE_X38Y36         FDRE (Setup_fdre_C_CE)      -0.169     3.750    app_addr_reg[15]
  -------------------------------------------------------------------
                         required time                          3.750    
                         arrival time                          -4.560    
  -------------------------------------------------------------------
                         slack                                 -0.810    

Slack (VIOLATED) :        -0.810ns  (required time - arrival time)
  Source:                 r128_dram_wrbuf_reg[70]/C
                            (rising edge-triggered cell FDRE clocked by clk_out4_div_clk_wiz_1  {rise@0.000ns fall@2.500ns period=5.000ns})
  Destination:            app_addr_reg[18]/CE
                            (rising edge-triggered cell FDRE clocked by clk_out4_div_clk_wiz_1  {rise@0.000ns fall@2.500ns period=5.000ns})
  Path Group:             clk_out4_div_clk_wiz_1
  Path Type:              Setup (Max at Slow Process Corner)
  Requirement:            5.000ns  (clk_out4_div_clk_wiz_1 rise@5.000ns - clk_out4_div_clk_wiz_1 rise@0.000ns)
  Data Path Delay:        5.534ns  (logic 2.168ns (39.177%)  route 3.366ns (60.823%))
  Logic Levels:           10  (CARRY4=6 LUT3=1 LUT6=3)
  Clock Path Skew:        -0.035ns (DCD - SCD + CPR)
    Destination Clock Delay (DCD):    -1.571ns = ( 3.429 - 5.000 ) 
    Source Clock Delay      (SCD):    -0.974ns
    Clock Pessimism Removal (CPR):    0.562ns
  Clock Uncertainty:      0.072ns  ((TSJ^2 + DJ^2)^1/2) / 2 + PE
    Total System Jitter     (TSJ):    0.071ns
    Discrete Jitter          (DJ):    0.126ns
    Phase Error              (PE):    0.000ns

    Location             Delay type                Incr(ns)  Path(ns)    Netlist Resource(s)
  -------------------------------------------------------------------    -------------------
                         (clock clk_out4_div_clk_wiz_1 rise edge)
                                                      0.000     0.000 r  
    N15                                               0.000     0.000 r  DDR3_CLK100 (IN)
                         net (fo=0)                   0.000     0.000    ddr3_arbiter_inst/clkgen_ddr3ctrl_instance/inst/clk_in1
    N15                  IBUF (Prop_ibuf_I_O)         1.440     1.440 r  ddr3_arbiter_inst/clkgen_ddr3ctrl_instance/inst/clkin1_ibufg/O
                         net (fo=1, routed)           1.233     2.673    ddr3_arbiter_inst/clkgen_ddr3ctrl_instance/inst/clk_in1_clk_wiz_1
    MMCME2_ADV_X0Y0      MMCME2_ADV (Prop_mmcme2_adv_CLKIN1_CLKOUT4)
                                                     -6.965    -4.291 r  ddr3_arbiter_inst/clkgen_ddr3ctrl_instance/inst/mmcm_adv_inst/CLKOUT4
                         net (fo=1, routed)           1.666    -2.625    ddr3_arbiter_inst/clkgen_ddr3ctrl_instance/inst/clk_out4_div_clk_wiz_1
    BUFGCTRL_X0Y0        BUFG (Prop_bufg_I_O)         0.096    -2.529 r  ddr3_arbiter_inst/clkgen_ddr3ctrl_instance/inst/clkout5_buf/O
                         net (fo=1800, routed)        1.555    -0.974    w_uart_clk
    SLICE_X41Y31         FDRE                                         r  r128_dram_wrbuf_reg[70]/C
  -------------------------------------------------------------------    -------------------
    SLICE_X41Y31         FDRE (Prop_fdre_C_Q)         0.456    -0.518 r  r128_dram_wrbuf_reg[70]/Q
                         net (fo=7, routed)           0.894     0.376    r128_dram_wrbuf_reg_n_0_[70]
    SLICE_X40Y31         LUT3 (Prop_lut3_I0_O)        0.124     0.500 r  r4_uart_state[0]_i_65/O
                         net (fo=1, routed)           0.000     0.500    r4_uart_state[0]_i_65_n_0
    SLICE_X40Y31         CARRY4 (Prop_carry4_S[2]_CO[3])
                                                      0.398     0.898 r  r4_uart_state_reg[0]_i_54/CO[3]
                         net (fo=1, routed)           0.000     0.898    r4_uart_state_reg[0]_i_54_n_0
    SLICE_X40Y32         CARRY4 (Prop_carry4_CI_CO[3])
                                                      0.114     1.012 r  r4_uart_state_reg[0]_i_44/CO[3]
                         net (fo=1, routed)           0.000     1.012    r4_uart_state_reg[0]_i_44_n_0
    SLICE_X40Y33         CARRY4 (Prop_carry4_CI_CO[3])
                                                      0.114     1.126 r  r4_uart_state_reg[0]_i_30/CO[3]
                         net (fo=1, routed)           0.000     1.126    r4_uart_state_reg[0]_i_30_n_0
    SLICE_X40Y34         CARRY4 (Prop_carry4_CI_CO[3])
                                                      0.114     1.240 r  r4_uart_state_reg[0]_i_15/CO[3]
                         net (fo=1, routed)           0.000     1.240    r4_uart_state_reg[0]_i_15_n_0
    SLICE_X40Y35         CARRY4 (Prop_carry4_CI_CO[3])
                                                      0.114     1.354 r  r4_uart_state_reg[0]_i_6/CO[3]
                         net (fo=1, routed)           0.000     1.354    r4_uart_state_reg[0]_i_6_n_0
    SLICE_X40Y36         CARRY4 (Prop_carry4_CI_CO[1])
                                                      0.157     1.511 f  r4_uart_state_reg[0]_i_2/CO[1]
                         net (fo=8, routed)           0.852     2.363    r_phy_cmd_en24_in
    SLICE_X43Y30         LUT6 (Prop_lut6_I2_O)        0.329     2.692 f  app_addr[26]_i_11/O
                         net (fo=1, routed)           0.793     3.486    app_addr[26]_i_11_n_0
    SLICE_X41Y35         LUT6 (Prop_lut6_I1_O)        0.124     3.610 r  app_addr[26]_i_5/O
                         net (fo=1, routed)           0.154     3.764    ddr3_arbiter_inst/phy_instance/app_addr_reg[0]_0
    SLICE_X41Y35         LUT6 (Prop_lut6_I5_O)        0.124     3.888 r  ddr3_arbiter_inst/phy_instance/app_addr[26]_i_1/O
                         net (fo=27, routed)          0.672     4.560    ddr3_arbiter_inst_n_164
    SLICE_X38Y36         FDRE                                         r  app_addr_reg[18]/CE
  -------------------------------------------------------------------    -------------------

                         (clock clk_out4_div_clk_wiz_1 rise edge)
                                                      5.000     5.000 r  
    N15                                               0.000     5.000 r  DDR3_CLK100 (IN)
                         net (fo=0)                   0.000     5.000    ddr3_arbiter_inst/clkgen_ddr3ctrl_instance/inst/clk_in1
    N15                  IBUF (Prop_ibuf_I_O)         1.370     6.370 r  ddr3_arbiter_inst/clkgen_ddr3ctrl_instance/inst/clkin1_ibufg/O
                         net (fo=1, routed)           1.162     7.532    ddr3_arbiter_inst/clkgen_ddr3ctrl_instance/inst/clk_in1_clk_wiz_1
    MMCME2_ADV_X0Y0      MMCME2_ADV (Prop_mmcme2_adv_CLKIN1_CLKOUT4)
                                                     -7.221     0.311 r  ddr3_arbiter_inst/clkgen_ddr3ctrl_instance/inst/mmcm_adv_inst/CLKOUT4
                         net (fo=1, routed)           1.587     1.898    ddr3_arbiter_inst/clkgen_ddr3ctrl_instance/inst/clk_out4_div_clk_wiz_1
    BUFGCTRL_X0Y0        BUFG (Prop_bufg_I_O)         0.091     1.989 r  ddr3_arbiter_inst/clkgen_ddr3ctrl_instance/inst/clkout5_buf/O
                         net (fo=1800, routed)        1.440     3.429    w_uart_clk
    SLICE_X38Y36         FDRE                                         r  app_addr_reg[18]/C
                         clock pessimism              0.562     3.991    
                         clock uncertainty           -0.072     3.919    
    SLICE_X38Y36         FDRE (Setup_fdre_C_CE)      -0.169     3.750    app_addr_reg[18]
  -------------------------------------------------------------------
                         required time                          3.750    
                         arrival time                          -4.560    
  -------------------------------------------------------------------
                         slack                                 -0.810    





Min Delay Paths
--------------------------------------------------------------------------------------
Slack (MET) :             0.029ns  (arrival time - required time)
  Source:                 r8_16_rx_buff_reg[11][3]/C
                            (rising edge-triggered cell FDRE clocked by clk_out4_div_clk_wiz_1  {rise@0.000ns fall@2.500ns period=5.000ns})
  Destination:            r128_dram_wrbuf_reg[91]/D
                            (rising edge-triggered cell FDRE clocked by clk_out4_div_clk_wiz_1  {rise@0.000ns fall@2.500ns period=5.000ns})
  Path Group:             clk_out4_div_clk_wiz_1
  Path Type:              Hold (Min at Fast Process Corner)
  Requirement:            0.000ns  (clk_out4_div_clk_wiz_1 rise@0.000ns - clk_out4_div_clk_wiz_1 rise@0.000ns)
  Data Path Delay:        0.365ns  (logic 0.141ns (38.591%)  route 0.224ns (61.409%))
  Logic Levels:           0  
  Clock Path Skew:        0.266ns (DCD - SCD - CPR)
    Destination Clock Delay (DCD):    -0.881ns
    Source Clock Delay      (SCD):    -0.644ns
    Clock Pessimism Removal (CPR):    -0.503ns

    Location             Delay type                Incr(ns)  Path(ns)    Netlist Resource(s)
  -------------------------------------------------------------------    -------------------
                         (clock clk_out4_div_clk_wiz_1 rise edge)
                                                      0.000     0.000 r  
    N15                                               0.000     0.000 r  DDR3_CLK100 (IN)
                         net (fo=0)                   0.000     0.000    ddr3_arbiter_inst/clkgen_ddr3ctrl_instance/inst/clk_in1
    N15                  IBUF (Prop_ibuf_I_O)         0.209     0.209 r  ddr3_arbiter_inst/clkgen_ddr3ctrl_instance/inst/clkin1_ibufg/O
                         net (fo=1, routed)           0.440     0.649    ddr3_arbiter_inst/clkgen_ddr3ctrl_instance/inst/clk_in1_clk_wiz_1
    MMCME2_ADV_X0Y0      MMCME2_ADV (Prop_mmcme2_adv_CLKIN1_CLKOUT4)
                                                     -2.362    -1.714 r  ddr3_arbiter_inst/clkgen_ddr3ctrl_instance/inst/mmcm_adv_inst/CLKOUT4
                         net (fo=1, routed)           0.489    -1.225    ddr3_arbiter_inst/clkgen_ddr3ctrl_instance/inst/clk_out4_div_clk_wiz_1
    BUFGCTRL_X0Y0        BUFG (Prop_bufg_I_O)         0.026    -1.199 r  ddr3_arbiter_inst/clkgen_ddr3ctrl_instance/inst/clkout5_buf/O
                         net (fo=1800, routed)        0.555    -0.644    w_uart_clk
    SLICE_X35Y31         FDRE                                         r  r8_16_rx_buff_reg[11][3]/C
  -------------------------------------------------------------------    -------------------
    SLICE_X35Y31         FDRE (Prop_fdre_C_Q)         0.141    -0.503 r  r8_16_rx_buff_reg[11][3]/Q
                         net (fo=1, routed)           0.224    -0.279    p_0_in[91]
    SLICE_X41Y33         FDRE                                         r  r128_dram_wrbuf_reg[91]/D
  -------------------------------------------------------------------    -------------------

                         (clock clk_out4_div_clk_wiz_1 rise edge)
                                                      0.000     0.000 r  
    N15                                               0.000     0.000 r  DDR3_CLK100 (IN)
                         net (fo=0)                   0.000     0.000    ddr3_arbiter_inst/clkgen_ddr3ctrl_instance/inst/clk_in1
    N15                  IBUF (Prop_ibuf_I_O)         0.396     0.396 r  ddr3_arbiter_inst/clkgen_ddr3ctrl_instance/inst/clkin1_ibufg/O
                         net (fo=1, routed)           0.480     0.876    ddr3_arbiter_inst/clkgen_ddr3ctrl_instance/inst/clk_in1_clk_wiz_1
    MMCME2_ADV_X0Y0      MMCME2_ADV (Prop_mmcme2_adv_CLKIN1_CLKOUT4)
                                                     -3.145    -2.269 r  ddr3_arbiter_inst/clkgen_ddr3ctrl_instance/inst/mmcm_adv_inst/CLKOUT4
                         net (fo=1, routed)           0.534    -1.735    ddr3_arbiter_inst/clkgen_ddr3ctrl_instance/inst/clk_out4_div_clk_wiz_1
    BUFGCTRL_X0Y0        BUFG (Prop_bufg_I_O)         0.029    -1.706 r  ddr3_arbiter_inst/clkgen_ddr3ctrl_instance/inst/clkout5_buf/O
                         net (fo=1800, routed)        0.826    -0.881    w_uart_clk
    SLICE_X41Y33         FDRE                                         r  r128_dram_wrbuf_reg[91]/C
                         clock pessimism              0.503    -0.378    
    SLICE_X41Y33         FDRE (Hold_fdre_C_D)         0.070    -0.308    r128_dram_wrbuf_reg[91]
  -------------------------------------------------------------------
                         required time                          0.308    
                         arrival time                          -0.279    
  -------------------------------------------------------------------
                         slack                                  0.029    

Slack (MET) :             0.040ns  (arrival time - required time)
  Source:                 r8_uart_tx_data_reg[1]/C
                            (rising edge-triggered cell FDSE clocked by clk_out4_div_clk_wiz_1  {rise@0.000ns fall@2.500ns period=5.000ns})
  Destination:            uart_tx_instance/r10_txdata_reg[2]/D
                            (rising edge-triggered cell FDRE clocked by clk_out4_div_clk_wiz_1  {rise@0.000ns fall@2.500ns period=5.000ns})
  Path Group:             clk_out4_div_clk_wiz_1
  Path Type:              Hold (Min at Fast Process Corner)
  Requirement:            0.000ns  (clk_out4_div_clk_wiz_1 rise@0.000ns - clk_out4_div_clk_wiz_1 rise@0.000ns)
  Data Path Delay:        0.370ns  (logic 0.141ns (38.148%)  route 0.229ns (61.852%))
  Logic Levels:           0  
  Clock Path Skew:        0.260ns (DCD - SCD - CPR)
    Destination Clock Delay (DCD):    -0.882ns
    Source Clock Delay      (SCD):    -0.639ns
    Clock Pessimism Removal (CPR):    -0.503ns

    Location             Delay type                Incr(ns)  Path(ns)    Netlist Resource(s)
  -------------------------------------------------------------------    -------------------
                         (clock clk_out4_div_clk_wiz_1 rise edge)
                                                      0.000     0.000 r  
    N15                                               0.000     0.000 r  DDR3_CLK100 (IN)
                         net (fo=0)                   0.000     0.000    ddr3_arbiter_inst/clkgen_ddr3ctrl_instance/inst/clk_in1
    N15                  IBUF (Prop_ibuf_I_O)         0.209     0.209 r  ddr3_arbiter_inst/clkgen_ddr3ctrl_instance/inst/clkin1_ibufg/O
                         net (fo=1, routed)           0.440     0.649    ddr3_arbiter_inst/clkgen_ddr3ctrl_instance/inst/clk_in1_clk_wiz_1
    MMCME2_ADV_X0Y0      MMCME2_ADV (Prop_mmcme2_adv_CLKIN1_CLKOUT4)
                                                     -2.362    -1.714 r  ddr3_arbiter_inst/clkgen_ddr3ctrl_instance/inst/mmcm_adv_inst/CLKOUT4
                         net (fo=1, routed)           0.489    -1.225    ddr3_arbiter_inst/clkgen_ddr3ctrl_instance/inst/clk_out4_div_clk_wiz_1
    BUFGCTRL_X0Y0        BUFG (Prop_bufg_I_O)         0.026    -1.199 r  ddr3_arbiter_inst/clkgen_ddr3ctrl_instance/inst/clkout5_buf/O
                         net (fo=1800, routed)        0.560    -0.639    w_uart_clk
    SLICE_X44Y35         FDSE                                         r  r8_uart_tx_data_reg[1]/C
  -------------------------------------------------------------------    -------------------
    SLICE_X44Y35         FDSE (Prop_fdse_C_Q)         0.141    -0.498 r  r8_uart_tx_data_reg[1]/Q
                         net (fo=1, routed)           0.229    -0.270    uart_tx_instance/r10_txdata_reg[8]_0[1]
    SLICE_X35Y34         FDRE                                         r  uart_tx_instance/r10_txdata_reg[2]/D
  -------------------------------------------------------------------    -------------------

                         (clock clk_out4_div_clk_wiz_1 rise edge)
                                                      0.000     0.000 r  
    N15                                               0.000     0.000 r  DDR3_CLK100 (IN)
                         net (fo=0)                   0.000     0.000    ddr3_arbiter_inst/clkgen_ddr3ctrl_instance/inst/clk_in1
    N15                  IBUF (Prop_ibuf_I_O)         0.396     0.396 r  ddr3_arbiter_inst/clkgen_ddr3ctrl_instance/inst/clkin1_ibufg/O
                         net (fo=1, routed)           0.480     0.876    ddr3_arbiter_inst/clkgen_ddr3ctrl_instance/inst/clk_in1_clk_wiz_1
    MMCME2_ADV_X0Y0      MMCME2_ADV (Prop_mmcme2_adv_CLKIN1_CLKOUT4)
                                                     -3.145    -2.269 r  ddr3_arbiter_inst/clkgen_ddr3ctrl_instance/inst/mmcm_adv_inst/CLKOUT4
                         net (fo=1, routed)           0.534    -1.735    ddr3_arbiter_inst/clkgen_ddr3ctrl_instance/inst/clk_out4_div_clk_wiz_1
    BUFGCTRL_X0Y0        BUFG (Prop_bufg_I_O)         0.029    -1.706 r  ddr3_arbiter_inst/clkgen_ddr3ctrl_instance/inst/clkout5_buf/O
                         net (fo=1800, routed)        0.825    -0.882    uart_tx_instance/clk_out4_div
    SLICE_X35Y34         FDRE                                         r  uart_tx_instance/r10_txdata_reg[2]/C
                         clock pessimism              0.503    -0.379    
    SLICE_X35Y34         FDRE (Hold_fdre_C_D)         0.070    -0.309    uart_tx_instance/r10_txdata_reg[2]
  -------------------------------------------------------------------
                         required time                          0.309    
                         arrival time                          -0.270    
  -------------------------------------------------------------------
                         slack                                  0.040    

Slack (MET) :             0.050ns  (arrival time - required time)
  Source:                 ddr3_arbiter_inst/phy_instance/rn_rddata_reg[74]/C
                            (rising edge-triggered cell FDRE clocked by clk_out4_div_clk_wiz_1  {rise@0.000ns fall@2.500ns period=5.000ns})
  Destination:            rn_ram_reg_1/DIADI[2]
                            (rising edge-triggered cell RAMB36E1 clocked by clk_out4_div_clk_wiz_1  {rise@0.000ns fall@2.500ns period=5.000ns})
  Path Group:             clk_out4_div_clk_wiz_1
  Path Type:              Hold (Min at Fast Process Corner)
  Requirement:            0.000ns  (clk_out4_div_clk_wiz_1 rise@0.000ns - clk_out4_div_clk_wiz_1 rise@0.000ns)
  Data Path Delay:        0.261ns  (logic 0.141ns (53.936%)  route 0.120ns (46.064%))
  Logic Levels:           0  
  Clock Path Skew:        0.056ns (DCD - SCD - CPR)
    Destination Clock Delay (DCD):    -0.837ns
    Source Clock Delay      (SCD):    -0.640ns
    Clock Pessimism Removal (CPR):    -0.254ns

    Location             Delay type                Incr(ns)  Path(ns)    Netlist Resource(s)
  -------------------------------------------------------------------    -------------------
                         (clock clk_out4_div_clk_wiz_1 rise edge)
                                                      0.000     0.000 r  
    N15                                               0.000     0.000 r  DDR3_CLK100 (IN)
                         net (fo=0)                   0.000     0.000    ddr3_arbiter_inst/clkgen_ddr3ctrl_instance/inst/clk_in1
    N15                  IBUF (Prop_ibuf_I_O)         0.209     0.209 r  ddr3_arbiter_inst/clkgen_ddr3ctrl_instance/inst/clkin1_ibufg/O
                         net (fo=1, routed)           0.440     0.649    ddr3_arbiter_inst/clkgen_ddr3ctrl_instance/inst/clk_in1_clk_wiz_1
    MMCME2_ADV_X0Y0      MMCME2_ADV (Prop_mmcme2_adv_CLKIN1_CLKOUT4)
                                                     -2.362    -1.714 r  ddr3_arbiter_inst/clkgen_ddr3ctrl_instance/inst/mmcm_adv_inst/CLKOUT4
                         net (fo=1, routed)           0.489    -1.225    ddr3_arbiter_inst/clkgen_ddr3ctrl_instance/inst/clk_out4_div_clk_wiz_1
    BUFGCTRL_X0Y0        BUFG (Prop_bufg_I_O)         0.026    -1.199 r  ddr3_arbiter_inst/clkgen_ddr3ctrl_instance/inst/clkout5_buf/O
                         net (fo=1800, routed)        0.559    -0.640    ddr3_arbiter_inst/phy_instance/CLK
    SLICE_X49Y31         FDRE                                         r  ddr3_arbiter_inst/phy_instance/rn_rddata_reg[74]/C
  -------------------------------------------------------------------    -------------------
    SLICE_X49Y31         FDRE (Prop_fdre_C_Q)         0.141    -0.499 r  ddr3_arbiter_inst/phy_instance/rn_rddata_reg[74]/Q
                         net (fo=3, routed)           0.120    -0.379    w128_phy_rddata[74]
    RAMB36_X1Y6          RAMB36E1                                     r  rn_ram_reg_1/DIADI[2]
  -------------------------------------------------------------------    -------------------

                         (clock clk_out4_div_clk_wiz_1 rise edge)
                                                      0.000     0.000 r  
    N15                                               0.000     0.000 r  DDR3_CLK100 (IN)
                         net (fo=0)                   0.000     0.000    ddr3_arbiter_inst/clkgen_ddr3ctrl_instance/inst/clk_in1
    N15                  IBUF (Prop_ibuf_I_O)         0.396     0.396 r  ddr3_arbiter_inst/clkgen_ddr3ctrl_instance/inst/clkin1_ibufg/O
                         net (fo=1, routed)           0.480     0.876    ddr3_arbiter_inst/clkgen_ddr3ctrl_instance/inst/clk_in1_clk_wiz_1
    MMCME2_ADV_X0Y0      MMCME2_ADV (Prop_mmcme2_adv_CLKIN1_CLKOUT4)
                                                     -3.145    -2.269 r  ddr3_arbiter_inst/clkgen_ddr3ctrl_instance/inst/mmcm_adv_inst/CLKOUT4
                         net (fo=1, routed)           0.534    -1.735    ddr3_arbiter_inst/clkgen_ddr3ctrl_instance/inst/clk_out4_div_clk_wiz_1
    BUFGCTRL_X0Y0        BUFG (Prop_bufg_I_O)         0.029    -1.706 r  ddr3_arbiter_inst/clkgen_ddr3ctrl_instance/inst/clkout5_buf/O
                         net (fo=1800, routed)        0.869    -0.837    w_uart_clk
    RAMB36_X1Y6          RAMB36E1                                     r  rn_ram_reg_1/CLKBWRCLK
                         clock pessimism              0.254    -0.584    
    RAMB36_X1Y6          RAMB36E1 (Hold_ramb36e1_CLKBWRCLK_DIADI[2])
                                                      0.155    -0.429    rn_ram_reg_1
  -------------------------------------------------------------------
                         required time                          0.429    
                         arrival time                          -0.379    
  -------------------------------------------------------------------
                         slack                                  0.050    

Slack (MET) :             0.051ns  (arrival time - required time)
  Source:                 r8_uart_tx_data_reg[6]/C
                            (rising edge-triggered cell FDRE clocked by clk_out4_div_clk_wiz_1  {rise@0.000ns fall@2.500ns period=5.000ns})
  Destination:            uart_tx_instance/r10_txdata_reg[7]/D
                            (rising edge-triggered cell FDRE clocked by clk_out4_div_clk_wiz_1  {rise@0.000ns fall@2.500ns period=5.000ns})
  Path Group:             clk_out4_div_clk_wiz_1
  Path Type:              Hold (Min at Fast Process Corner)
  Requirement:            0.000ns  (clk_out4_div_clk_wiz_1 rise@0.000ns - clk_out4_div_clk_wiz_1 rise@0.000ns)
  Data Path Delay:        0.376ns  (logic 0.141ns (37.472%)  route 0.235ns (62.528%))
  Logic Levels:           0  
  Clock Path Skew:        0.261ns (DCD - SCD - CPR)
    Destination Clock Delay (DCD):    -0.881ns
    Source Clock Delay      (SCD):    -0.639ns
    Clock Pessimism Removal (CPR):    -0.503ns

    Location             Delay type                Incr(ns)  Path(ns)    Netlist Resource(s)
  -------------------------------------------------------------------    -------------------
                         (clock clk_out4_div_clk_wiz_1 rise edge)
                                                      0.000     0.000 r  
    N15                                               0.000     0.000 r  DDR3_CLK100 (IN)
                         net (fo=0)                   0.000     0.000    ddr3_arbiter_inst/clkgen_ddr3ctrl_instance/inst/clk_in1
    N15                  IBUF (Prop_ibuf_I_O)         0.209     0.209 r  ddr3_arbiter_inst/clkgen_ddr3ctrl_instance/inst/clkin1_ibufg/O
                         net (fo=1, routed)           0.440     0.649    ddr3_arbiter_inst/clkgen_ddr3ctrl_instance/inst/clk_in1_clk_wiz_1
    MMCME2_ADV_X0Y0      MMCME2_ADV (Prop_mmcme2_adv_CLKIN1_CLKOUT4)
                                                     -2.362    -1.714 r  ddr3_arbiter_inst/clkgen_ddr3ctrl_instance/inst/mmcm_adv_inst/CLKOUT4
                         net (fo=1, routed)           0.489    -1.225    ddr3_arbiter_inst/clkgen_ddr3ctrl_instance/inst/clk_out4_div_clk_wiz_1
    BUFGCTRL_X0Y0        BUFG (Prop_bufg_I_O)         0.026    -1.199 r  ddr3_arbiter_inst/clkgen_ddr3ctrl_instance/inst/clkout5_buf/O
                         net (fo=1800, routed)        0.560    -0.639    w_uart_clk
    SLICE_X45Y35         FDRE                                         r  r8_uart_tx_data_reg[6]/C
  -------------------------------------------------------------------    -------------------
    SLICE_X45Y35         FDRE (Prop_fdre_C_Q)         0.141    -0.498 r  r8_uart_tx_data_reg[6]/Q
                         net (fo=1, routed)           0.235    -0.263    uart_tx_instance/r10_txdata_reg[8]_0[6]
    SLICE_X34Y35         FDRE                                         r  uart_tx_instance/r10_txdata_reg[7]/D
  -------------------------------------------------------------------    -------------------

                         (clock clk_out4_div_clk_wiz_1 rise edge)
                                                      0.000     0.000 r  
    N15                                               0.000     0.000 r  DDR3_CLK100 (IN)
                         net (fo=0)                   0.000     0.000    ddr3_arbiter_inst/clkgen_ddr3ctrl_instance/inst/clk_in1
    N15                  IBUF (Prop_ibuf_I_O)         0.396     0.396 r  ddr3_arbiter_inst/clkgen_ddr3ctrl_instance/inst/clkin1_ibufg/O
                         net (fo=1, routed)           0.480     0.876    ddr3_arbiter_inst/clkgen_ddr3ctrl_instance/inst/clk_in1_clk_wiz_1
    MMCME2_ADV_X0Y0      MMCME2_ADV (Prop_mmcme2_adv_CLKIN1_CLKOUT4)
                                                     -3.145    -2.269 r  ddr3_arbiter_inst/clkgen_ddr3ctrl_instance/inst/mmcm_adv_inst/CLKOUT4
                         net (fo=1, routed)           0.534    -1.735    ddr3_arbiter_inst/clkgen_ddr3ctrl_instance/inst/clk_out4_div_clk_wiz_1
    BUFGCTRL_X0Y0        BUFG (Prop_bufg_I_O)         0.029    -1.706 r  ddr3_arbiter_inst/clkgen_ddr3ctrl_instance/inst/clkout5_buf/O
                         net (fo=1800, routed)        0.826    -0.881    uart_tx_instance/clk_out4_div
    SLICE_X34Y35         FDRE                                         r  uart_tx_instance/r10_txdata_reg[7]/C
                         clock pessimism              0.503    -0.378    
    SLICE_X34Y35         FDRE (Hold_fdre_C_D)         0.064    -0.314    uart_tx_instance/r10_txdata_reg[7]
  -------------------------------------------------------------------
                         required time                          0.314    
                         arrival time                          -0.263    
  -------------------------------------------------------------------
                         slack                                  0.051    

Slack (MET) :             0.057ns  (arrival time - required time)
  Source:                 r8_16_rx_buff_reg[13][0]/C
                            (rising edge-triggered cell FDRE clocked by clk_out4_div_clk_wiz_1  {rise@0.000ns fall@2.500ns period=5.000ns})
  Destination:            r128_dram_wrbuf_reg[104]/D
                            (rising edge-triggered cell FDRE clocked by clk_out4_div_clk_wiz_1  {rise@0.000ns fall@2.500ns period=5.000ns})
  Path Group:             clk_out4_div_clk_wiz_1
  Path Type:              Hold (Min at Fast Process Corner)
  Requirement:            0.000ns  (clk_out4_div_clk_wiz_1 rise@0.000ns - clk_out4_div_clk_wiz_1 rise@0.000ns)
  Data Path Delay:        0.388ns  (logic 0.164ns (42.250%)  route 0.224ns (57.750%))
  Logic Levels:           0  
  Clock Path Skew:        0.265ns (DCD - SCD - CPR)
    Destination Clock Delay (DCD):    -0.880ns
    Source Clock Delay      (SCD):    -0.642ns
    Clock Pessimism Removal (CPR):    -0.503ns

    Location             Delay type                Incr(ns)  Path(ns)    Netlist Resource(s)
  -------------------------------------------------------------------    -------------------
                         (clock clk_out4_div_clk_wiz_1 rise edge)
                                                      0.000     0.000 r  
    N15                                               0.000     0.000 r  DDR3_CLK100 (IN)
                         net (fo=0)                   0.000     0.000    ddr3_arbiter_inst/clkgen_ddr3ctrl_instance/inst/clk_in1
    N15                  IBUF (Prop_ibuf_I_O)         0.209     0.209 r  ddr3_arbiter_inst/clkgen_ddr3ctrl_instance/inst/clkin1_ibufg/O
                         net (fo=1, routed)           0.440     0.649    ddr3_arbiter_inst/clkgen_ddr3ctrl_instance/inst/clk_in1_clk_wiz_1
    MMCME2_ADV_X0Y0      MMCME2_ADV (Prop_mmcme2_adv_CLKIN1_CLKOUT4)
                                                     -2.362    -1.714 r  ddr3_arbiter_inst/clkgen_ddr3ctrl_instance/inst/mmcm_adv_inst/CLKOUT4
                         net (fo=1, routed)           0.489    -1.225    ddr3_arbiter_inst/clkgen_ddr3ctrl_instance/inst/clk_out4_div_clk_wiz_1
    BUFGCTRL_X0Y0        BUFG (Prop_bufg_I_O)         0.026    -1.199 r  ddr3_arbiter_inst/clkgen_ddr3ctrl_instance/inst/clkout5_buf/O
                         net (fo=1800, routed)        0.557    -0.642    w_uart_clk
    SLICE_X34Y33         FDRE                                         r  r8_16_rx_buff_reg[13][0]/C
  -------------------------------------------------------------------    -------------------
    SLICE_X34Y33         FDRE (Prop_fdre_C_Q)         0.164    -0.478 r  r8_16_rx_buff_reg[13][0]/Q
                         net (fo=1, routed)           0.224    -0.254    p_0_in[104]
    SLICE_X41Y34         FDRE                                         r  r128_dram_wrbuf_reg[104]/D
  -------------------------------------------------------------------    -------------------

                         (clock clk_out4_div_clk_wiz_1 rise edge)
                                                      0.000     0.000 r  
    N15                                               0.000     0.000 r  DDR3_CLK100 (IN)
                         net (fo=0)                   0.000     0.000    ddr3_arbiter_inst/clkgen_ddr3ctrl_instance/inst/clk_in1
    N15                  IBUF (Prop_ibuf_I_O)         0.396     0.396 r  ddr3_arbiter_inst/clkgen_ddr3ctrl_instance/inst/clkin1_ibufg/O
                         net (fo=1, routed)           0.480     0.876    ddr3_arbiter_inst/clkgen_ddr3ctrl_instance/inst/clk_in1_clk_wiz_1
    MMCME2_ADV_X0Y0      MMCME2_ADV (Prop_mmcme2_adv_CLKIN1_CLKOUT4)
                                                     -3.145    -2.269 r  ddr3_arbiter_inst/clkgen_ddr3ctrl_instance/inst/mmcm_adv_inst/CLKOUT4
                         net (fo=1, routed)           0.534    -1.735    ddr3_arbiter_inst/clkgen_ddr3ctrl_instance/inst/clk_out4_div_clk_wiz_1
    BUFGCTRL_X0Y0        BUFG (Prop_bufg_I_O)         0.029    -1.706 r  ddr3_arbiter_inst/clkgen_ddr3ctrl_instance/inst/clkout5_buf/O
                         net (fo=1800, routed)        0.827    -0.880    w_uart_clk
    SLICE_X41Y34         FDRE                                         r  r128_dram_wrbuf_reg[104]/C
                         clock pessimism              0.503    -0.377    
    SLICE_X41Y34         FDRE (Hold_fdre_C_D)         0.066    -0.311    r128_dram_wrbuf_reg[104]
  -------------------------------------------------------------------
                         required time                          0.311    
                         arrival time                          -0.254    
  -------------------------------------------------------------------
                         slack                                  0.057    

Slack (MET) :             0.085ns  (arrival time - required time)
  Source:                 r_uart_tx_send_en_reg/C
                            (rising edge-triggered cell FDRE clocked by clk_out4_div_clk_wiz_1  {rise@0.000ns fall@2.500ns period=5.000ns})
  Destination:            uart_tx_instance/r10_txdata_reg[0]/CE
                            (rising edge-triggered cell FDRE clocked by clk_out4_div_clk_wiz_1  {rise@0.000ns fall@2.500ns period=5.000ns})
  Path Group:             clk_out4_div_clk_wiz_1
  Path Type:              Hold (Min at Fast Process Corner)
  Requirement:            0.000ns  (clk_out4_div_clk_wiz_1 rise@0.000ns - clk_out4_div_clk_wiz_1 rise@0.000ns)
  Data Path Delay:        0.331ns  (logic 0.141ns (42.543%)  route 0.190ns (57.457%))
  Logic Levels:           0  
  Clock Path Skew:        0.262ns (DCD - SCD - CPR)
    Destination Clock Delay (DCD):    -0.881ns
    Source Clock Delay      (SCD):    -0.640ns
    Clock Pessimism Removal (CPR):    -0.503ns

    Location             Delay type                Incr(ns)  Path(ns)    Netlist Resource(s)
  -------------------------------------------------------------------    -------------------
                         (clock clk_out4_div_clk_wiz_1 rise edge)
                                                      0.000     0.000 r  
    N15                                               0.000     0.000 r  DDR3_CLK100 (IN)
                         net (fo=0)                   0.000     0.000    ddr3_arbiter_inst/clkgen_ddr3ctrl_instance/inst/clk_in1
    N15                  IBUF (Prop_ibuf_I_O)         0.209     0.209 r  ddr3_arbiter_inst/clkgen_ddr3ctrl_instance/inst/clkin1_ibufg/O
                         net (fo=1, routed)           0.440     0.649    ddr3_arbiter_inst/clkgen_ddr3ctrl_instance/inst/clk_in1_clk_wiz_1
    MMCME2_ADV_X0Y0      MMCME2_ADV (Prop_mmcme2_adv_CLKIN1_CLKOUT4)
                                                     -2.362    -1.714 r  ddr3_arbiter_inst/clkgen_ddr3ctrl_instance/inst/mmcm_adv_inst/CLKOUT4
                         net (fo=1, routed)           0.489    -1.225    ddr3_arbiter_inst/clkgen_ddr3ctrl_instance/inst/clk_out4_div_clk_wiz_1
    BUFGCTRL_X0Y0        BUFG (Prop_bufg_I_O)         0.026    -1.199 r  ddr3_arbiter_inst/clkgen_ddr3ctrl_instance/inst/clkout5_buf/O
                         net (fo=1800, routed)        0.559    -0.640    w_uart_clk
    SLICE_X36Y35         FDRE                                         r  r_uart_tx_send_en_reg/C
  -------------------------------------------------------------------    -------------------
    SLICE_X36Y35         FDRE (Prop_fdre_C_Q)         0.141    -0.499 r  r_uart_tx_send_en_reg/Q
                         net (fo=14, routed)          0.190    -0.309    uart_tx_instance/r10_txdata_reg[0]_0
    SLICE_X34Y35         FDRE                                         r  uart_tx_instance/r10_txdata_reg[0]/CE
  -------------------------------------------------------------------    -------------------

                         (clock clk_out4_div_clk_wiz_1 rise edge)
                                                      0.000     0.000 r  
    N15                                               0.000     0.000 r  DDR3_CLK100 (IN)
                         net (fo=0)                   0.000     0.000    ddr3_arbiter_inst/clkgen_ddr3ctrl_instance/inst/clk_in1
    N15                  IBUF (Prop_ibuf_I_O)         0.396     0.396 r  ddr3_arbiter_inst/clkgen_ddr3ctrl_instance/inst/clkin1_ibufg/O
                         net (fo=1, routed)           0.480     0.876    ddr3_arbiter_inst/clkgen_ddr3ctrl_instance/inst/clk_in1_clk_wiz_1
    MMCME2_ADV_X0Y0      MMCME2_ADV (Prop_mmcme2_adv_CLKIN1_CLKOUT4)
                                                     -3.145    -2.269 r  ddr3_arbiter_inst/clkgen_ddr3ctrl_instance/inst/mmcm_adv_inst/CLKOUT4
                         net (fo=1, routed)           0.534    -1.735    ddr3_arbiter_inst/clkgen_ddr3ctrl_instance/inst/clk_out4_div_clk_wiz_1
    BUFGCTRL_X0Y0        BUFG (Prop_bufg_I_O)         0.029    -1.706 r  ddr3_arbiter_inst/clkgen_ddr3ctrl_instance/inst/clkout5_buf/O
                         net (fo=1800, routed)        0.826    -0.881    uart_tx_instance/clk_out4_div
    SLICE_X34Y35         FDRE                                         r  uart_tx_instance/r10_txdata_reg[0]/C
                         clock pessimism              0.503    -0.378    
    SLICE_X34Y35         FDRE (Hold_fdre_C_CE)       -0.016    -0.394    uart_tx_instance/r10_txdata_reg[0]
  -------------------------------------------------------------------
                         required time                          0.394    
                         arrival time                          -0.309    
  -------------------------------------------------------------------
                         slack                                  0.085    

Slack (MET) :             0.085ns  (arrival time - required time)
  Source:                 r_uart_tx_send_en_reg/C
                            (rising edge-triggered cell FDRE clocked by clk_out4_div_clk_wiz_1  {rise@0.000ns fall@2.500ns period=5.000ns})
  Destination:            uart_tx_instance/r10_txdata_reg[1]/CE
                            (rising edge-triggered cell FDRE clocked by clk_out4_div_clk_wiz_1  {rise@0.000ns fall@2.500ns period=5.000ns})
  Path Group:             clk_out4_div_clk_wiz_1
  Path Type:              Hold (Min at Fast Process Corner)
  Requirement:            0.000ns  (clk_out4_div_clk_wiz_1 rise@0.000ns - clk_out4_div_clk_wiz_1 rise@0.000ns)
  Data Path Delay:        0.331ns  (logic 0.141ns (42.543%)  route 0.190ns (57.457%))
  Logic Levels:           0  
  Clock Path Skew:        0.262ns (DCD - SCD - CPR)
    Destination Clock Delay (DCD):    -0.881ns
    Source Clock Delay      (SCD):    -0.640ns
    Clock Pessimism Removal (CPR):    -0.503ns

    Location             Delay type                Incr(ns)  Path(ns)    Netlist Resource(s)
  -------------------------------------------------------------------    -------------------
                         (clock clk_out4_div_clk_wiz_1 rise edge)
                                                      0.000     0.000 r  
    N15                                               0.000     0.000 r  DDR3_CLK100 (IN)
                         net (fo=0)                   0.000     0.000    ddr3_arbiter_inst/clkgen_ddr3ctrl_instance/inst/clk_in1
    N15                  IBUF (Prop_ibuf_I_O)         0.209     0.209 r  ddr3_arbiter_inst/clkgen_ddr3ctrl_instance/inst/clkin1_ibufg/O
                         net (fo=1, routed)           0.440     0.649    ddr3_arbiter_inst/clkgen_ddr3ctrl_instance/inst/clk_in1_clk_wiz_1
    MMCME2_ADV_X0Y0      MMCME2_ADV (Prop_mmcme2_adv_CLKIN1_CLKOUT4)
                                                     -2.362    -1.714 r  ddr3_arbiter_inst/clkgen_ddr3ctrl_instance/inst/mmcm_adv_inst/CLKOUT4
                         net (fo=1, routed)           0.489    -1.225    ddr3_arbiter_inst/clkgen_ddr3ctrl_instance/inst/clk_out4_div_clk_wiz_1
    BUFGCTRL_X0Y0        BUFG (Prop_bufg_I_O)         0.026    -1.199 r  ddr3_arbiter_inst/clkgen_ddr3ctrl_instance/inst/clkout5_buf/O
                         net (fo=1800, routed)        0.559    -0.640    w_uart_clk
    SLICE_X36Y35         FDRE                                         r  r_uart_tx_send_en_reg/C
  -------------------------------------------------------------------    -------------------
    SLICE_X36Y35         FDRE (Prop_fdre_C_Q)         0.141    -0.499 r  r_uart_tx_send_en_reg/Q
                         net (fo=14, routed)          0.190    -0.309    uart_tx_instance/r10_txdata_reg[0]_0
    SLICE_X34Y35         FDRE                                         r  uart_tx_instance/r10_txdata_reg[1]/CE
  -------------------------------------------------------------------    -------------------

                         (clock clk_out4_div_clk_wiz_1 rise edge)
                                                      0.000     0.000 r  
    N15                                               0.000     0.000 r  DDR3_CLK100 (IN)
                         net (fo=0)                   0.000     0.000    ddr3_arbiter_inst/clkgen_ddr3ctrl_instance/inst/clk_in1
    N15                  IBUF (Prop_ibuf_I_O)         0.396     0.396 r  ddr3_arbiter_inst/clkgen_ddr3ctrl_instance/inst/clkin1_ibufg/O
                         net (fo=1, routed)           0.480     0.876    ddr3_arbiter_inst/clkgen_ddr3ctrl_instance/inst/clk_in1_clk_wiz_1
    MMCME2_ADV_X0Y0      MMCME2_ADV (Prop_mmcme2_adv_CLKIN1_CLKOUT4)
                                                     -3.145    -2.269 r  ddr3_arbiter_inst/clkgen_ddr3ctrl_instance/inst/mmcm_adv_inst/CLKOUT4
                         net (fo=1, routed)           0.534    -1.735    ddr3_arbiter_inst/clkgen_ddr3ctrl_instance/inst/clk_out4_div_clk_wiz_1
    BUFGCTRL_X0Y0        BUFG (Prop_bufg_I_O)         0.029    -1.706 r  ddr3_arbiter_inst/clkgen_ddr3ctrl_instance/inst/clkout5_buf/O
                         net (fo=1800, routed)        0.826    -0.881    uart_tx_instance/clk_out4_div
    SLICE_X34Y35         FDRE                                         r  uart_tx_instance/r10_txdata_reg[1]/C
                         clock pessimism              0.503    -0.378    
    SLICE_X34Y35         FDRE (Hold_fdre_C_CE)       -0.016    -0.394    uart_tx_instance/r10_txdata_reg[1]
  -------------------------------------------------------------------
                         required time                          0.394    
                         arrival time                          -0.309    
  -------------------------------------------------------------------
                         slack                                  0.085    

Slack (MET) :             0.085ns  (arrival time - required time)
  Source:                 r_uart_tx_send_en_reg/C
                            (rising edge-triggered cell FDRE clocked by clk_out4_div_clk_wiz_1  {rise@0.000ns fall@2.500ns period=5.000ns})
  Destination:            uart_tx_instance/r10_txdata_reg[3]/CE
                            (rising edge-triggered cell FDRE clocked by clk_out4_div_clk_wiz_1  {rise@0.000ns fall@2.500ns period=5.000ns})
  Path Group:             clk_out4_div_clk_wiz_1
  Path Type:              Hold (Min at Fast Process Corner)
  Requirement:            0.000ns  (clk_out4_div_clk_wiz_1 rise@0.000ns - clk_out4_div_clk_wiz_1 rise@0.000ns)
  Data Path Delay:        0.331ns  (logic 0.141ns (42.543%)  route 0.190ns (57.457%))
  Logic Levels:           0  
  Clock Path Skew:        0.262ns (DCD - SCD - CPR)
    Destination Clock Delay (DCD):    -0.881ns
    Source Clock Delay      (SCD):    -0.640ns
    Clock Pessimism Removal (CPR):    -0.503ns

    Location             Delay type                Incr(ns)  Path(ns)    Netlist Resource(s)
  -------------------------------------------------------------------    -------------------
                         (clock clk_out4_div_clk_wiz_1 rise edge)
                                                      0.000     0.000 r  
    N15                                               0.000     0.000 r  DDR3_CLK100 (IN)
                         net (fo=0)                   0.000     0.000    ddr3_arbiter_inst/clkgen_ddr3ctrl_instance/inst/clk_in1
    N15                  IBUF (Prop_ibuf_I_O)         0.209     0.209 r  ddr3_arbiter_inst/clkgen_ddr3ctrl_instance/inst/clkin1_ibufg/O
                         net (fo=1, routed)           0.440     0.649    ddr3_arbiter_inst/clkgen_ddr3ctrl_instance/inst/clk_in1_clk_wiz_1
    MMCME2_ADV_X0Y0      MMCME2_ADV (Prop_mmcme2_adv_CLKIN1_CLKOUT4)
                                                     -2.362    -1.714 r  ddr3_arbiter_inst/clkgen_ddr3ctrl_instance/inst/mmcm_adv_inst/CLKOUT4
                         net (fo=1, routed)           0.489    -1.225    ddr3_arbiter_inst/clkgen_ddr3ctrl_instance/inst/clk_out4_div_clk_wiz_1
    BUFGCTRL_X0Y0        BUFG (Prop_bufg_I_O)         0.026    -1.199 r  ddr3_arbiter_inst/clkgen_ddr3ctrl_instance/inst/clkout5_buf/O
                         net (fo=1800, routed)        0.559    -0.640    w_uart_clk
    SLICE_X36Y35         FDRE                                         r  r_uart_tx_send_en_reg/C
  -------------------------------------------------------------------    -------------------
    SLICE_X36Y35         FDRE (Prop_fdre_C_Q)         0.141    -0.499 r  r_uart_tx_send_en_reg/Q
                         net (fo=14, routed)          0.190    -0.309    uart_tx_instance/r10_txdata_reg[0]_0
    SLICE_X34Y35         FDRE                                         r  uart_tx_instance/r10_txdata_reg[3]/CE
  -------------------------------------------------------------------    -------------------

                         (clock clk_out4_div_clk_wiz_1 rise edge)
                                                      0.000     0.000 r  
    N15                                               0.000     0.000 r  DDR3_CLK100 (IN)
                         net (fo=0)                   0.000     0.000    ddr3_arbiter_inst/clkgen_ddr3ctrl_instance/inst/clk_in1
    N15                  IBUF (Prop_ibuf_I_O)         0.396     0.396 r  ddr3_arbiter_inst/clkgen_ddr3ctrl_instance/inst/clkin1_ibufg/O
                         net (fo=1, routed)           0.480     0.876    ddr3_arbiter_inst/clkgen_ddr3ctrl_instance/inst/clk_in1_clk_wiz_1
    MMCME2_ADV_X0Y0      MMCME2_ADV (Prop_mmcme2_adv_CLKIN1_CLKOUT4)
                                                     -3.145    -2.269 r  ddr3_arbiter_inst/clkgen_ddr3ctrl_instance/inst/mmcm_adv_inst/CLKOUT4
                         net (fo=1, routed)           0.534    -1.735    ddr3_arbiter_inst/clkgen_ddr3ctrl_instance/inst/clk_out4_div_clk_wiz_1
    BUFGCTRL_X0Y0        BUFG (Prop_bufg_I_O)         0.029    -1.706 r  ddr3_arbiter_inst/clkgen_ddr3ctrl_instance/inst/clkout5_buf/O
                         net (fo=1800, routed)        0.826    -0.881    uart_tx_instance/clk_out4_div
    SLICE_X34Y35         FDRE                                         r  uart_tx_instance/r10_txdata_reg[3]/C
                         clock pessimism              0.503    -0.378    
    SLICE_X34Y35         FDRE (Hold_fdre_C_CE)       -0.016    -0.394    uart_tx_instance/r10_txdata_reg[3]
  -------------------------------------------------------------------
                         required time                          0.394    
                         arrival time                          -0.309    
  -------------------------------------------------------------------
                         slack                                  0.085    

Slack (MET) :             0.085ns  (arrival time - required time)
  Source:                 r_uart_tx_send_en_reg/C
                            (rising edge-triggered cell FDRE clocked by clk_out4_div_clk_wiz_1  {rise@0.000ns fall@2.500ns period=5.000ns})
  Destination:            uart_tx_instance/r10_txdata_reg[5]/CE
                            (rising edge-triggered cell FDRE clocked by clk_out4_div_clk_wiz_1  {rise@0.000ns fall@2.500ns period=5.000ns})
  Path Group:             clk_out4_div_clk_wiz_1
  Path Type:              Hold (Min at Fast Process Corner)
  Requirement:            0.000ns  (clk_out4_div_clk_wiz_1 rise@0.000ns - clk_out4_div_clk_wiz_1 rise@0.000ns)
  Data Path Delay:        0.331ns  (logic 0.141ns (42.543%)  route 0.190ns (57.457%))
  Logic Levels:           0  
  Clock Path Skew:        0.262ns (DCD - SCD - CPR)
    Destination Clock Delay (DCD):    -0.881ns
    Source Clock Delay      (SCD):    -0.640ns
    Clock Pessimism Removal (CPR):    -0.503ns

    Location             Delay type                Incr(ns)  Path(ns)    Netlist Resource(s)
  -------------------------------------------------------------------    -------------------
                         (clock clk_out4_div_clk_wiz_1 rise edge)
                                                      0.000     0.000 r  
    N15                                               0.000     0.000 r  DDR3_CLK100 (IN)
                         net (fo=0)                   0.000     0.000    ddr3_arbiter_inst/clkgen_ddr3ctrl_instance/inst/clk_in1
    N15                  IBUF (Prop_ibuf_I_O)         0.209     0.209 r  ddr3_arbiter_inst/clkgen_ddr3ctrl_instance/inst/clkin1_ibufg/O
                         net (fo=1, routed)           0.440     0.649    ddr3_arbiter_inst/clkgen_ddr3ctrl_instance/inst/clk_in1_clk_wiz_1
    MMCME2_ADV_X0Y0      MMCME2_ADV (Prop_mmcme2_adv_CLKIN1_CLKOUT4)
                                                     -2.362    -1.714 r  ddr3_arbiter_inst/clkgen_ddr3ctrl_instance/inst/mmcm_adv_inst/CLKOUT4
                         net (fo=1, routed)           0.489    -1.225    ddr3_arbiter_inst/clkgen_ddr3ctrl_instance/inst/clk_out4_div_clk_wiz_1
    BUFGCTRL_X0Y0        BUFG (Prop_bufg_I_O)         0.026    -1.199 r  ddr3_arbiter_inst/clkgen_ddr3ctrl_instance/inst/clkout5_buf/O
                         net (fo=1800, routed)        0.559    -0.640    w_uart_clk
    SLICE_X36Y35         FDRE                                         r  r_uart_tx_send_en_reg/C
  -------------------------------------------------------------------    -------------------
    SLICE_X36Y35         FDRE (Prop_fdre_C_Q)         0.141    -0.499 r  r_uart_tx_send_en_reg/Q
                         net (fo=14, routed)          0.190    -0.309    uart_tx_instance/r10_txdata_reg[0]_0
    SLICE_X34Y35         FDRE                                         r  uart_tx_instance/r10_txdata_reg[5]/CE
  -------------------------------------------------------------------    -------------------

                         (clock clk_out4_div_clk_wiz_1 rise edge)
                                                      0.000     0.000 r  
    N15                                               0.000     0.000 r  DDR3_CLK100 (IN)
                         net (fo=0)                   0.000     0.000    ddr3_arbiter_inst/clkgen_ddr3ctrl_instance/inst/clk_in1
    N15                  IBUF (Prop_ibuf_I_O)         0.396     0.396 r  ddr3_arbiter_inst/clkgen_ddr3ctrl_instance/inst/clkin1_ibufg/O
                         net (fo=1, routed)           0.480     0.876    ddr3_arbiter_inst/clkgen_ddr3ctrl_instance/inst/clk_in1_clk_wiz_1
    MMCME2_ADV_X0Y0      MMCME2_ADV (Prop_mmcme2_adv_CLKIN1_CLKOUT4)
                                                     -3.145    -2.269 r  ddr3_arbiter_inst/clkgen_ddr3ctrl_instance/inst/mmcm_adv_inst/CLKOUT4
                         net (fo=1, routed)           0.534    -1.735    ddr3_arbiter_inst/clkgen_ddr3ctrl_instance/inst/clk_out4_div_clk_wiz_1
    BUFGCTRL_X0Y0        BUFG (Prop_bufg_I_O)         0.029    -1.706 r  ddr3_arbiter_inst/clkgen_ddr3ctrl_instance/inst/clkout5_buf/O
                         net (fo=1800, routed)        0.826    -0.881    uart_tx_instance/clk_out4_div
    SLICE_X34Y35         FDRE                                         r  uart_tx_instance/r10_txdata_reg[5]/C
                         clock pessimism              0.503    -0.378    
    SLICE_X34Y35         FDRE (Hold_fdre_C_CE)       -0.016    -0.394    uart_tx_instance/r10_txdata_reg[5]
  -------------------------------------------------------------------
                         required time                          0.394    
                         arrival time                          -0.309    
  -------------------------------------------------------------------
                         slack                                  0.085    

Slack (MET) :             0.085ns  (arrival time - required time)
  Source:                 r_uart_tx_send_en_reg/C
                            (rising edge-triggered cell FDRE clocked by clk_out4_div_clk_wiz_1  {rise@0.000ns fall@2.500ns period=5.000ns})
  Destination:            uart_tx_instance/r10_txdata_reg[7]/CE
                            (rising edge-triggered cell FDRE clocked by clk_out4_div_clk_wiz_1  {rise@0.000ns fall@2.500ns period=5.000ns})
  Path Group:             clk_out4_div_clk_wiz_1
  Path Type:              Hold (Min at Fast Process Corner)
  Requirement:            0.000ns  (clk_out4_div_clk_wiz_1 rise@0.000ns - clk_out4_div_clk_wiz_1 rise@0.000ns)
  Data Path Delay:        0.331ns  (logic 0.141ns (42.543%)  route 0.190ns (57.457%))
  Logic Levels:           0  
  Clock Path Skew:        0.262ns (DCD - SCD - CPR)
    Destination Clock Delay (DCD):    -0.881ns
    Source Clock Delay      (SCD):    -0.640ns
    Clock Pessimism Removal (CPR):    -0.503ns

    Location             Delay type                Incr(ns)  Path(ns)    Netlist Resource(s)
  -------------------------------------------------------------------    -------------------
                         (clock clk_out4_div_clk_wiz_1 rise edge)
                                                      0.000     0.000 r  
    N15                                               0.000     0.000 r  DDR3_CLK100 (IN)
                         net (fo=0)                   0.000     0.000    ddr3_arbiter_inst/clkgen_ddr3ctrl_instance/inst/clk_in1
    N15                  IBUF (Prop_ibuf_I_O)         0.209     0.209 r  ddr3_arbiter_inst/clkgen_ddr3ctrl_instance/inst/clkin1_ibufg/O
                         net (fo=1, routed)           0.440     0.649    ddr3_arbiter_inst/clkgen_ddr3ctrl_instance/inst/clk_in1_clk_wiz_1
    MMCME2_ADV_X0Y0      MMCME2_ADV (Prop_mmcme2_adv_CLKIN1_CLKOUT4)
                                                     -2.362    -1.714 r  ddr3_arbiter_inst/clkgen_ddr3ctrl_instance/inst/mmcm_adv_inst/CLKOUT4
                         net (fo=1, routed)           0.489    -1.225    ddr3_arbiter_inst/clkgen_ddr3ctrl_instance/inst/clk_out4_div_clk_wiz_1
    BUFGCTRL_X0Y0        BUFG (Prop_bufg_I_O)         0.026    -1.199 r  ddr3_arbiter_inst/clkgen_ddr3ctrl_instance/inst/clkout5_buf/O
                         net (fo=1800, routed)        0.559    -0.640    w_uart_clk
    SLICE_X36Y35         FDRE                                         r  r_uart_tx_send_en_reg/C
  -------------------------------------------------------------------    -------------------
    SLICE_X36Y35         FDRE (Prop_fdre_C_Q)         0.141    -0.499 r  r_uart_tx_send_en_reg/Q
                         net (fo=14, routed)          0.190    -0.309    uart_tx_instance/r10_txdata_reg[0]_0
    SLICE_X34Y35         FDRE                                         r  uart_tx_instance/r10_txdata_reg[7]/CE
  -------------------------------------------------------------------    -------------------

                         (clock clk_out4_div_clk_wiz_1 rise edge)
                                                      0.000     0.000 r  
    N15                                               0.000     0.000 r  DDR3_CLK100 (IN)
                         net (fo=0)                   0.000     0.000    ddr3_arbiter_inst/clkgen_ddr3ctrl_instance/inst/clk_in1
    N15                  IBUF (Prop_ibuf_I_O)         0.396     0.396 r  ddr3_arbiter_inst/clkgen_ddr3ctrl_instance/inst/clkin1_ibufg/O
                         net (fo=1, routed)           0.480     0.876    ddr3_arbiter_inst/clkgen_ddr3ctrl_instance/inst/clk_in1_clk_wiz_1
    MMCME2_ADV_X0Y0      MMCME2_ADV (Prop_mmcme2_adv_CLKIN1_CLKOUT4)
                                                     -3.145    -2.269 r  ddr3_arbiter_inst/clkgen_ddr3ctrl_instance/inst/mmcm_adv_inst/CLKOUT4
                         net (fo=1, routed)           0.534    -1.735    ddr3_arbiter_inst/clkgen_ddr3ctrl_instance/inst/clk_out4_div_clk_wiz_1
    BUFGCTRL_X0Y0        BUFG (Prop_bufg_I_O)         0.029    -1.706 r  ddr3_arbiter_inst/clkgen_ddr3ctrl_instance/inst/clkout5_buf/O
                         net (fo=1800, routed)        0.826    -0.881    uart_tx_instance/clk_out4_div
    SLICE_X34Y35         FDRE                                         r  uart_tx_instance/r10_txdata_reg[7]/C
                         clock pessimism              0.503    -0.378    
    SLICE_X34Y35         FDRE (Hold_fdre_C_CE)       -0.016    -0.394    uart_tx_instance/r10_txdata_reg[7]
  -------------------------------------------------------------------
                         required time                          0.394    
                         arrival time                          -0.309    
  -------------------------------------------------------------------
                         slack                                  0.085    





Pulse Width Checks
--------------------------------------------------------------------------------------
Clock Name:         clk_out4_div_clk_wiz_1
Waveform(ns):       { 0.000 2.500 }
Period(ns):         5.000
Sources:            { ddr3_arbiter_inst/clkgen_ddr3ctrl_instance/inst/mmcm_adv_inst/CLKOUT4 }

Check Type        Corner  Lib Pin             Reference Pin  Required(ns)  Actual(ns)  Slack(ns)  Location         Pin
Min Period        n/a     RAMB36E1/CLKARDCLK  n/a            2.944         5.000       2.056      RAMB36_X1Y5      rn_ram_reg_0/CLKARDCLK
Min Period        n/a     RAMB36E1/CLKBWRCLK  n/a            2.944         5.000       2.056      RAMB36_X1Y5      rn_ram_reg_0/CLKBWRCLK
Min Period        n/a     RAMB36E1/CLKARDCLK  n/a            2.944         5.000       2.056      RAMB36_X1Y6      rn_ram_reg_1/CLKARDCLK
Min Period        n/a     RAMB36E1/CLKBWRCLK  n/a            2.944         5.000       2.056      RAMB36_X1Y6      rn_ram_reg_1/CLKBWRCLK
Min Period        n/a     RAMB18E1/CLKARDCLK  n/a            2.944         5.000       2.056      RAMB18_X2Y10     ddr3_arbiter_inst/phy_instance/cmdfifo_inst/U0/inst_fifo_gen/gconvfifo.rf/grf.rf/gntv_or_sync_fifo.mem/gbm.gbmg.gbmga.ngecc.bmg/inst_blk_mem_gen/gnbram.gnativebmg.native_blk_mem_gen/valid.cstr/ramloop[0].ram.r/prim_noinit.ram/DEVICE_7SERIES.NO_BMM_INFO.SDP.WIDE_PRIM18.ram/CLKARDCLK
Min Period        n/a     RAMB18E1/CLKBWRCLK  n/a            2.944         5.000       2.056      RAMB18_X2Y10     ddr3_arbiter_inst/phy_instance/cmdfifo_inst/U0/inst_fifo_gen/gconvfifo.rf/grf.rf/gntv_or_sync_fifo.mem/gbm.gbmg.gbmga.ngecc.bmg/inst_blk_mem_gen/gnbram.gnativebmg.native_blk_mem_gen/valid.cstr/ramloop[0].ram.r/prim_noinit.ram/DEVICE_7SERIES.NO_BMM_INFO.SDP.WIDE_PRIM18.ram/CLKBWRCLK
Min Period        n/a     RAMB36E1/CLKARDCLK  n/a            2.944         5.000       2.056      RAMB36_X2Y6      ddr3_arbiter_inst/phy_instance/cmdfifo_inst/U0/inst_fifo_gen/gconvfifo.rf/grf.rf/gntv_or_sync_fifo.mem/gbm.gbmg.gbmga.ngecc.bmg/inst_blk_mem_gen/gnbram.gnativebmg.native_blk_mem_gen/valid.cstr/ramloop[1].ram.r/prim_noinit.ram/DEVICE_7SERIES.NO_BMM_INFO.SDP.WIDE_PRIM36_NO_ECC.ram/CLKARDCLK
Min Period        n/a     RAMB36E1/CLKBWRCLK  n/a            2.944         5.000       2.056      RAMB36_X2Y6      ddr3_arbiter_inst/phy_instance/cmdfifo_inst/U0/inst_fifo_gen/gconvfifo.rf/grf.rf/gntv_or_sync_fifo.mem/gbm.gbmg.gbmga.ngecc.bmg/inst_blk_mem_gen/gnbram.gnativebmg.native_blk_mem_gen/valid.cstr/ramloop[1].ram.r/prim_noinit.ram/DEVICE_7SERIES.NO_BMM_INFO.SDP.WIDE_PRIM36_NO_ECC.ram/CLKBWRCLK
Min Period        n/a     RAMB36E1/CLKARDCLK  n/a            2.944         5.000       2.056      RAMB36_X2Y4      ddr3_arbiter_inst/phy_instance/cmdfifo_inst/U0/inst_fifo_gen/gconvfifo.rf/grf.rf/gntv_or_sync_fifo.mem/gbm.gbmg.gbmga.ngecc.bmg/inst_blk_mem_gen/gnbram.gnativebmg.native_blk_mem_gen/valid.cstr/ramloop[2].ram.r/prim_noinit.ram/DEVICE_7SERIES.NO_BMM_INFO.SDP.WIDE_PRIM36_NO_ECC.ram/CLKARDCLK
Min Period        n/a     RAMB36E1/CLKBWRCLK  n/a            2.944         5.000       2.056      RAMB36_X2Y4      ddr3_arbiter_inst/phy_instance/cmdfifo_inst/U0/inst_fifo_gen/gconvfifo.rf/grf.rf/gntv_or_sync_fifo.mem/gbm.gbmg.gbmga.ngecc.bmg/inst_blk_mem_gen/gnbram.gnativebmg.native_blk_mem_gen/valid.cstr/ramloop[2].ram.r/prim_noinit.ram/DEVICE_7SERIES.NO_BMM_INFO.SDP.WIDE_PRIM36_NO_ECC.ram/CLKBWRCLK
Max Period        n/a     MMCME2_ADV/CLKOUT4  n/a            213.360       5.000       208.360    MMCME2_ADV_X0Y0  ddr3_arbiter_inst/clkgen_ddr3ctrl_instance/inst/mmcm_adv_inst/CLKOUT4
Low Pulse Width   Slow    SRL16E/CLK          n/a            0.980         2.500       1.520      SLICE_X60Y32     ddr3_arbiter_inst/phy_instance/r8_wrm_pipe_reg[0][0]_srl3/CLK
Low Pulse Width   Fast    SRL16E/CLK          n/a            0.980         2.500       1.520      SLICE_X60Y32     ddr3_arbiter_inst/phy_instance/r8_wrm_pipe_reg[0][0]_srl3/CLK
Low Pulse Width   Slow    SRL16E/CLK          n/a            0.980         2.500       1.520      SLICE_X60Y32     ddr3_arbiter_inst/phy_instance/r8_wrm_pipe_reg[0][1]_srl3/CLK
Low Pulse Width   Fast    SRL16E/CLK          n/a            0.980         2.500       1.520      SLICE_X60Y32     ddr3_arbiter_inst/phy_instance/r8_wrm_pipe_reg[0][1]_srl3/CLK
Low Pulse Width   Slow    SRL16E/CLK          n/a            0.980         2.500       1.520      SLICE_X60Y32     ddr3_arbiter_inst/phy_instance/r8_wrm_pipe_reg[0][2]_srl3/CLK
Low Pulse Width   Fast    SRL16E/CLK          n/a            0.980         2.500       1.520      SLICE_X60Y32     ddr3_arbiter_inst/phy_instance/r8_wrm_pipe_reg[0][2]_srl3/CLK
Low Pulse Width   Slow    SRL16E/CLK          n/a            0.980         2.500       1.520      SLICE_X60Y32     ddr3_arbiter_inst/phy_instance/r8_wrm_pipe_reg[0][3]_srl3/CLK
Low Pulse Width   Fast    SRL16E/CLK          n/a            0.980         2.500       1.520      SLICE_X60Y32     ddr3_arbiter_inst/phy_instance/r8_wrm_pipe_reg[0][3]_srl3/CLK
Low Pulse Width   Slow    SRL16E/CLK          n/a            0.980         2.500       1.520      SLICE_X60Y32     ddr3_arbiter_inst/phy_instance/r8_wrm_pipe_reg[0][4]_srl3/CLK
Low Pulse Width   Fast    SRL16E/CLK          n/a            0.980         2.500       1.520      SLICE_X60Y32     ddr3_arbiter_inst/phy_instance/r8_wrm_pipe_reg[0][4]_srl3/CLK
High Pulse Width  Slow    SRL16E/CLK          n/a            0.980         2.500       1.520      SLICE_X60Y32     ddr3_arbiter_inst/phy_instance/r8_wrm_pipe_reg[0][0]_srl3/CLK
High Pulse Width  Fast    SRL16E/CLK          n/a            0.980         2.500       1.520      SLICE_X60Y32     ddr3_arbiter_inst/phy_instance/r8_wrm_pipe_reg[0][0]_srl3/CLK
High Pulse Width  Slow    SRL16E/CLK          n/a            0.980         2.500       1.520      SLICE_X60Y32     ddr3_arbiter_inst/phy_instance/r8_wrm_pipe_reg[0][1]_srl3/CLK
High Pulse Width  Fast    SRL16E/CLK          n/a            0.980         2.500       1.520      SLICE_X60Y32     ddr3_arbiter_inst/phy_instance/r8_wrm_pipe_reg[0][1]_srl3/CLK
High Pulse Width  Slow    SRL16E/CLK          n/a            0.980         2.500       1.520      SLICE_X60Y32     ddr3_arbiter_inst/phy_instance/r8_wrm_pipe_reg[0][2]_srl3/CLK
High Pulse Width  Fast    SRL16E/CLK          n/a            0.980         2.500       1.520      SLICE_X60Y32     ddr3_arbiter_inst/phy_instance/r8_wrm_pipe_reg[0][2]_srl3/CLK
High Pulse Width  Slow    SRL16E/CLK          n/a            0.980         2.500       1.520      SLICE_X60Y32     ddr3_arbiter_inst/phy_instance/r8_wrm_pipe_reg[0][3]_srl3/CLK
High Pulse Width  Fast    SRL16E/CLK          n/a            0.980         2.500       1.520      SLICE_X60Y32     ddr3_arbiter_inst/phy_instance/r8_wrm_pipe_reg[0][3]_srl3/CLK
High Pulse Width  Slow    SRL16E/CLK          n/a            0.980         2.500       1.520      SLICE_X60Y32     ddr3_arbiter_inst/phy_instance/r8_wrm_pipe_reg[0][4]_srl3/CLK
High Pulse Width  Fast    SRL16E/CLK          n/a            0.980         2.500       1.520      SLICE_X60Y32     ddr3_arbiter_inst/phy_instance/r8_wrm_pipe_reg[0][4]_srl3/CLK



---------------------------------------------------------------------------------------------------
From Clock:  clkfbout_clk_wiz_1
  To Clock:  clkfbout_clk_wiz_1

Setup :           NA  Failing Endpoints,  Worst Slack           NA  ,  Total Violation           NA
Hold  :           NA  Failing Endpoints,  Worst Slack           NA  ,  Total Violation           NA
PW    :            0  Failing Endpoints,  Worst Slack        7.845ns,  Total Violation        0.000ns
---------------------------------------------------------------------------------------------------


Pulse Width Checks
--------------------------------------------------------------------------------------
Clock Name:         clkfbout_clk_wiz_1
Waveform(ns):       { 0.000 5.000 }
Period(ns):         10.000
Sources:            { ddr3_arbiter_inst/clkgen_ddr3ctrl_instance/inst/mmcm_adv_inst/CLKFBOUT }

Check Type  Corner  Lib Pin              Reference Pin  Required(ns)  Actual(ns)  Slack(ns)  Location         Pin
Min Period  n/a     BUFG/I               n/a            2.155         10.000      7.845      BUFGCTRL_X0Y4    ddr3_arbiter_inst/clkgen_ddr3ctrl_instance/inst/clkf_buf/I
Min Period  n/a     MMCME2_ADV/CLKFBOUT  n/a            1.249         10.000      8.751      MMCME2_ADV_X0Y0  ddr3_arbiter_inst/clkgen_ddr3ctrl_instance/inst/mmcm_adv_inst/CLKFBOUT
Min Period  n/a     MMCME2_ADV/CLKFBIN   n/a            1.249         10.000      8.751      MMCME2_ADV_X0Y0  ddr3_arbiter_inst/clkgen_ddr3ctrl_instance/inst/mmcm_adv_inst/CLKFBIN
Max Period  n/a     MMCME2_ADV/CLKFBIN   n/a            100.000       10.000      90.000     MMCME2_ADV_X0Y0  ddr3_arbiter_inst/clkgen_ddr3ctrl_instance/inst/mmcm_adv_inst/CLKFBIN
Max Period  n/a     MMCME2_ADV/CLKFBOUT  n/a            213.360       10.000      203.360    MMCME2_ADV_X0Y0  ddr3_arbiter_inst/clkgen_ddr3ctrl_instance/inst/mmcm_adv_inst/CLKFBOUT



--------------------------------------------------------------------------------------
Path Group:  (none)
From Clock:  
  To Clock:  

Max Delay            18 Endpoints
Min Delay            18 Endpoints
--------------------------------------------------------------------------------------


Max Delay Paths
--------------------------------------------------------------------------------------
Slack:                    inf
  Source:                 RGBLED0_2[0]/G
                            (positive level-sensitive latch)
  Destination:            RGBLED0[2]
                            (output port)
  Path Group:             (none)
  Path Type:              Max at Slow Process Corner
  Data Path Delay:        8.597ns  (logic 4.101ns (47.707%)  route 4.496ns (52.293%))
  Logic Levels:           2  (LDCE=1 OBUF=1)

    Location             Delay type                Incr(ns)  Path(ns)    Netlist Resource(s)
  -------------------------------------------------------------------    -------------------
    SLICE_X32Y40         LDCE                         0.000     0.000 r  RGBLED0_2[0]/G
    SLICE_X32Y40         LDCE (EnToQ_ldce_G_Q)        0.559     0.559 r  RGBLED0_2[0]/Q
                         net (fo=2, routed)           4.496     5.055    RGBLED0_OBUF[2]
    A10                  OBUF (Prop_obuf_I_O)         3.542     8.597 r  RGBLED0_OBUF[2]_inst/O
                         net (fo=0)                   0.000     8.597    RGBLED0[2]
    A10                                                               r  RGBLED0[2] (OUT)
  -------------------------------------------------------------------    -------------------

Slack:                    inf
  Source:                 ddr3_dq[15]
                            (input port)
  Destination:            ddr3_arbiter_inst/phy_instance/genblk11[15].iserdes_dq_inst/DDLY
  Path Group:             (none)
  Path Type:              Max at Slow Process Corner
  Data Path Delay:        1.688ns  (logic 1.688ns (100.000%)  route 0.000ns (0.000%))
  Logic Levels:           2  (IBUF=1 IDELAYE2=1)

    Location             Delay type                Incr(ns)  Path(ns)    Netlist Resource(s)
  -------------------------------------------------------------------    -------------------
    M2                                                0.000     0.000 r  ddr3_dq[15] (INOUT)
                         net (fo=1, unset)            0.000     0.000    ddr3_arbiter_inst/phy_instance/genblk9[15].iobuf_dq_inst/IO
    M2                   IBUF (Prop_ibuf_I_O)         0.873     0.873 r  ddr3_arbiter_inst/phy_instance/genblk9[15].iobuf_dq_inst/IBUF/O
                         net (fo=1, routed)           0.000     0.873    ddr3_arbiter_inst/phy_instance/wn_dq_rd_15
    IDELAY_X1Y35         IDELAYE2 (Prop_idelaye2_IDATAIN_DATAOUT)
                                                      0.815     1.688 r  ddr3_arbiter_inst/phy_instance/genblk10[15].idelay_dq_inst/DATAOUT
                         net (fo=1, routed)           0.000     1.688    ddr3_arbiter_inst/phy_instance/wn_dq_rd_delayed_15
    ILOGIC_X1Y35         ISERDESE2                                    r  ddr3_arbiter_inst/phy_instance/genblk11[15].iserdes_dq_inst/DDLY
  -------------------------------------------------------------------    -------------------

Slack:                    inf
  Source:                 ddr3_dq[10]
                            (input port)
  Destination:            ddr3_arbiter_inst/phy_instance/genblk11[10].iserdes_dq_inst/DDLY
  Path Group:             (none)
  Path Type:              Max at Slow Process Corner
  Data Path Delay:        1.685ns  (logic 1.685ns (100.000%)  route 0.000ns (0.000%))
  Logic Levels:           2  (IBUF=1 IDELAYE2=1)

    Location             Delay type                Incr(ns)  Path(ns)    Netlist Resource(s)
  -------------------------------------------------------------------    -------------------
    P1                                                0.000     0.000 r  ddr3_dq[10] (INOUT)
                         net (fo=1, unset)            0.000     0.000    ddr3_arbiter_inst/phy_instance/genblk9[10].iobuf_dq_inst/IO
    P1                   IBUF (Prop_ibuf_I_O)         0.870     0.870 r  ddr3_arbiter_inst/phy_instance/genblk9[10].iobuf_dq_inst/IBUF/O
                         net (fo=1, routed)           0.000     0.870    ddr3_arbiter_inst/phy_instance/wn_dq_rd_10
    IDELAY_X1Y27         IDELAYE2 (Prop_idelaye2_IDATAIN_DATAOUT)
                                                      0.815     1.685 r  ddr3_arbiter_inst/phy_instance/genblk10[10].idelay_dq_inst/DATAOUT
                         net (fo=1, routed)           0.000     1.685    ddr3_arbiter_inst/phy_instance/wn_dq_rd_delayed_10
    ILOGIC_X1Y27         ISERDESE2                                    r  ddr3_arbiter_inst/phy_instance/genblk11[10].iserdes_dq_inst/DDLY
  -------------------------------------------------------------------    -------------------

Slack:                    inf
  Source:                 ddr3_dq[2]
                            (input port)
  Destination:            ddr3_arbiter_inst/phy_instance/genblk11[2].iserdes_dq_inst/DDLY
  Path Group:             (none)
  Path Type:              Max at Slow Process Corner
  Data Path Delay:        1.682ns  (logic 1.682ns (100.000%)  route 0.000ns (0.000%))
  Logic Levels:           2  (IBUF=1 IDELAYE2=1)

    Location             Delay type                Incr(ns)  Path(ns)    Netlist Resource(s)
  -------------------------------------------------------------------    -------------------
    K3                                                0.000     0.000 r  ddr3_dq[2] (INOUT)
                         net (fo=1, unset)            0.000     0.000    ddr3_arbiter_inst/phy_instance/genblk9[2].iobuf_dq_inst/IO
    K3                   IBUF (Prop_ibuf_I_O)         0.867     0.867 r  ddr3_arbiter_inst/phy_instance/genblk9[2].iobuf_dq_inst/IBUF/O
                         net (fo=1, routed)           0.000     0.867    ddr3_arbiter_inst/phy_instance/wn_dq_rd_2
    IDELAY_X1Y46         IDELAYE2 (Prop_idelaye2_IDATAIN_DATAOUT)
                                                      0.815     1.682 r  ddr3_arbiter_inst/phy_instance/genblk10[2].idelay_dq_inst/DATAOUT
                         net (fo=1, routed)           0.000     1.682    ddr3_arbiter_inst/phy_instance/wn_dq_rd_delayed_2
    ILOGIC_X1Y46         ISERDESE2                                    r  ddr3_arbiter_inst/phy_instance/genblk11[2].iserdes_dq_inst/DDLY
  -------------------------------------------------------------------    -------------------

Slack:                    inf
  Source:                 ddr3_dq[7]
                            (input port)
  Destination:            ddr3_arbiter_inst/phy_instance/genblk11[7].iserdes_dq_inst/DDLY
  Path Group:             (none)
  Path Type:              Max at Slow Process Corner
  Data Path Delay:        1.680ns  (logic 1.680ns (100.000%)  route 0.000ns (0.000%))
  Logic Levels:           2  (IBUF=1 IDELAYE2=1)

    Location             Delay type                Incr(ns)  Path(ns)    Netlist Resource(s)
  -------------------------------------------------------------------    -------------------
    K6                                                0.000     0.000 r  ddr3_dq[7] (INOUT)
                         net (fo=1, unset)            0.000     0.000    ddr3_arbiter_inst/phy_instance/genblk9[7].iobuf_dq_inst/IO
    K6                   IBUF (Prop_ibuf_I_O)         0.865     0.865 r  ddr3_arbiter_inst/phy_instance/genblk9[7].iobuf_dq_inst/IBUF/O
                         net (fo=1, routed)           0.000     0.865    ddr3_arbiter_inst/phy_instance/wn_dq_rd_7
    IDELAY_X1Y42         IDELAYE2 (Prop_idelaye2_IDATAIN_DATAOUT)
                                                      0.815     1.680 r  ddr3_arbiter_inst/phy_instance/genblk10[7].idelay_dq_inst/DATAOUT
                         net (fo=1, routed)           0.000     1.680    ddr3_arbiter_inst/phy_instance/wn_dq_rd_delayed_7
    ILOGIC_X1Y42         ISERDESE2                                    r  ddr3_arbiter_inst/phy_instance/genblk11[7].iserdes_dq_inst/DDLY
  -------------------------------------------------------------------    -------------------

Slack:                    inf
  Source:                 ddr3_dq[0]
                            (input port)
  Destination:            ddr3_arbiter_inst/phy_instance/genblk11[0].iserdes_dq_inst/DDLY
  Path Group:             (none)
  Path Type:              Max at Slow Process Corner
  Data Path Delay:        1.679ns  (logic 1.679ns (100.000%)  route 0.000ns (0.000%))
  Logic Levels:           2  (IBUF=1 IDELAYE2=1)

    Location             Delay type                Incr(ns)  Path(ns)    Netlist Resource(s)
  -------------------------------------------------------------------    -------------------
    K2                                                0.000     0.000 r  ddr3_dq[0] (INOUT)
                         net (fo=1, unset)            0.000     0.000    ddr3_arbiter_inst/phy_instance/genblk9[0].iobuf_dq_inst/IO
    K2                   IBUF (Prop_ibuf_I_O)         0.864     0.864 r  ddr3_arbiter_inst/phy_instance/genblk9[0].iobuf_dq_inst/IBUF/O
                         net (fo=1, routed)           0.000     0.864    ddr3_arbiter_inst/phy_instance/wn_dq_rd_0
    IDELAY_X1Y45         IDELAYE2 (Prop_idelaye2_IDATAIN_DATAOUT)
                                                      0.815     1.679 r  ddr3_arbiter_inst/phy_instance/genblk10[0].idelay_dq_inst/DATAOUT
                         net (fo=1, routed)           0.000     1.679    ddr3_arbiter_inst/phy_instance/wn_dq_rd_delayed_0
    ILOGIC_X1Y45         ISERDESE2                                    r  ddr3_arbiter_inst/phy_instance/genblk11[0].iserdes_dq_inst/DDLY
  -------------------------------------------------------------------    -------------------

Slack:                    inf
  Source:                 ddr3_dq[14]
                            (input port)
  Destination:            ddr3_arbiter_inst/phy_instance/genblk11[14].iserdes_dq_inst/DDLY
  Path Group:             (none)
  Path Type:              Max at Slow Process Corner
  Data Path Delay:        1.679ns  (logic 1.679ns (100.000%)  route 0.000ns (0.000%))
  Logic Levels:           2  (IBUF=1 IDELAYE2=1)

    Location             Delay type                Incr(ns)  Path(ns)    Netlist Resource(s)
  -------------------------------------------------------------------    -------------------
    P2                                                0.000     0.000 r  ddr3_dq[14] (INOUT)
                         net (fo=1, unset)            0.000     0.000    ddr3_arbiter_inst/phy_instance/genblk9[14].iobuf_dq_inst/IO
    P2                   IBUF (Prop_ibuf_I_O)         0.864     0.864 r  ddr3_arbiter_inst/phy_instance/genblk9[14].iobuf_dq_inst/IBUF/O
                         net (fo=1, routed)           0.000     0.864    ddr3_arbiter_inst/phy_instance/wn_dq_rd_14
    IDELAY_X1Y28         IDELAYE2 (Prop_idelaye2_IDATAIN_DATAOUT)
                                                      0.815     1.679 r  ddr3_arbiter_inst/phy_instance/genblk10[14].idelay_dq_inst/DATAOUT
                         net (fo=1, routed)           0.000     1.679    ddr3_arbiter_inst/phy_instance/wn_dq_rd_delayed_14
    ILOGIC_X1Y28         ISERDESE2                                    r  ddr3_arbiter_inst/phy_instance/genblk11[14].iserdes_dq_inst/DDLY
  -------------------------------------------------------------------    -------------------

Slack:                    inf
  Source:                 ddr3_dq[4]
                            (input port)
  Destination:            ddr3_arbiter_inst/phy_instance/genblk11[4].iserdes_dq_inst/DDLY
  Path Group:             (none)
  Path Type:              Max at Slow Process Corner
  Data Path Delay:        1.678ns  (logic 1.678ns (100.000%)  route 0.000ns (0.000%))
  Logic Levels:           2  (IBUF=1 IDELAYE2=1)

    Location             Delay type                Incr(ns)  Path(ns)    Netlist Resource(s)
  -------------------------------------------------------------------    -------------------
    L6                                                0.000     0.000 r  ddr3_dq[4] (INOUT)
                         net (fo=1, unset)            0.000     0.000    ddr3_arbiter_inst/phy_instance/genblk9[4].iobuf_dq_inst/IO
    L6                   IBUF (Prop_ibuf_I_O)         0.863     0.863 r  ddr3_arbiter_inst/phy_instance/genblk9[4].iobuf_dq_inst/IBUF/O
                         net (fo=1, routed)           0.000     0.863    ddr3_arbiter_inst/phy_instance/wn_dq_rd_4
    IDELAY_X1Y41         IDELAYE2 (Prop_idelaye2_IDATAIN_DATAOUT)
                                                      0.815     1.678 r  ddr3_arbiter_inst/phy_instance/genblk10[4].idelay_dq_inst/DATAOUT
                         net (fo=1, routed)           0.000     1.678    ddr3_arbiter_inst/phy_instance/wn_dq_rd_delayed_4
    ILOGIC_X1Y41         ISERDESE2                                    r  ddr3_arbiter_inst/phy_instance/genblk11[4].iserdes_dq_inst/DDLY
  -------------------------------------------------------------------    -------------------

Slack:                    inf
  Source:                 ddr3_dq[11]
                            (input port)
  Destination:            ddr3_arbiter_inst/phy_instance/genblk11[11].iserdes_dq_inst/DDLY
  Path Group:             (none)
  Path Type:              Max at Slow Process Corner
  Data Path Delay:        1.674ns  (logic 1.674ns (100.000%)  route 0.000ns (0.000%))
  Logic Levels:           2  (IBUF=1 IDELAYE2=1)

    Location             Delay type                Incr(ns)  Path(ns)    Netlist Resource(s)
  -------------------------------------------------------------------    -------------------
    N1                                                0.000     0.000 r  ddr3_dq[11] (INOUT)
                         net (fo=1, unset)            0.000     0.000    ddr3_arbiter_inst/phy_instance/genblk9[11].iobuf_dq_inst/IO
    N1                   IBUF (Prop_ibuf_I_O)         0.859     0.859 r  ddr3_arbiter_inst/phy_instance/genblk9[11].iobuf_dq_inst/IBUF/O
                         net (fo=1, routed)           0.000     0.859    ddr3_arbiter_inst/phy_instance/wn_dq_rd_11
    IDELAY_X1Y33         IDELAYE2 (Prop_idelaye2_IDATAIN_DATAOUT)
                                                      0.815     1.674 r  ddr3_arbiter_inst/phy_instance/genblk10[11].idelay_dq_inst/DATAOUT
                         net (fo=1, routed)           0.000     1.674    ddr3_arbiter_inst/phy_instance/wn_dq_rd_delayed_11
    ILOGIC_X1Y33         ISERDESE2                                    r  ddr3_arbiter_inst/phy_instance/genblk11[11].iserdes_dq_inst/DDLY
  -------------------------------------------------------------------    -------------------

Slack:                    inf
  Source:                 ddr3_dq[9]
                            (input port)
  Destination:            ddr3_arbiter_inst/phy_instance/genblk11[9].iserdes_dq_inst/DDLY
  Path Group:             (none)
  Path Type:              Max at Slow Process Corner
  Data Path Delay:        1.672ns  (logic 1.672ns (100.000%)  route 0.000ns (0.000%))
  Logic Levels:           2  (IBUF=1 IDELAYE2=1)

    Location             Delay type                Incr(ns)  Path(ns)    Netlist Resource(s)
  -------------------------------------------------------------------    -------------------
    M1                                                0.000     0.000 r  ddr3_dq[9] (INOUT)
                         net (fo=1, unset)            0.000     0.000    ddr3_arbiter_inst/phy_instance/genblk9[9].iobuf_dq_inst/IO
    M1                   IBUF (Prop_ibuf_I_O)         0.857     0.857 r  ddr3_arbiter_inst/phy_instance/genblk9[9].iobuf_dq_inst/IBUF/O
                         net (fo=1, routed)           0.000     0.857    ddr3_arbiter_inst/phy_instance/wn_dq_rd_9
    IDELAY_X1Y34         IDELAYE2 (Prop_idelaye2_IDATAIN_DATAOUT)
                                                      0.815     1.672 r  ddr3_arbiter_inst/phy_instance/genblk10[9].idelay_dq_inst/DATAOUT
                         net (fo=1, routed)           0.000     1.672    ddr3_arbiter_inst/phy_instance/wn_dq_rd_delayed_9
    ILOGIC_X1Y34         ISERDESE2                                    r  ddr3_arbiter_inst/phy_instance/genblk11[9].iserdes_dq_inst/DDLY
  -------------------------------------------------------------------    -------------------





Min Delay Paths
--------------------------------------------------------------------------------------
Slack:                    inf
  Source:                 RGBLED0_2[0]/G
                            (positive level-sensitive latch)
  Destination:            RGBLED0_2[0]/D
  Path Group:             (none)
  Path Type:              Min at Fast Process Corner
  Data Path Delay:        0.390ns  (logic 0.203ns (52.056%)  route 0.187ns (47.944%))
  Logic Levels:           2  (LDCE=1 LUT1=1)

    Location             Delay type                Incr(ns)  Path(ns)    Netlist Resource(s)
  -------------------------------------------------------------------    -------------------
    SLICE_X32Y40         LDCE                         0.000     0.000 r  RGBLED0_2[0]/G
    SLICE_X32Y40         LDCE (EnToQ_ldce_G_Q)        0.158     0.158 f  RGBLED0_2[0]/Q
                         net (fo=2, routed)           0.187     0.345    RGBLED0_OBUF[2]
    SLICE_X32Y40         LUT1 (Prop_lut1_I0_O)        0.045     0.390 r  RGBLED0_2[0]_i_1/O
                         net (fo=1, routed)           0.000     0.390    RGBLED0_2[0]_i_1_n_0
    SLICE_X32Y40         LDCE                                         r  RGBLED0_2[0]/D
  -------------------------------------------------------------------    -------------------

Slack:                    inf
  Source:                 ddr3_dq[3]
                            (input port)
  Destination:            ddr3_arbiter_inst/phy_instance/genblk11[3].iserdes_dq_inst/DDLY
  Path Group:             (none)
  Path Type:              Min at Fast Process Corner
  Data Path Delay:        0.544ns  (logic 0.544ns (100.000%)  route 0.000ns (0.000%))
  Logic Levels:           2  (IBUF=1 IDELAYE2=1)

    Location             Delay type                Incr(ns)  Path(ns)    Netlist Resource(s)
  -------------------------------------------------------------------    -------------------
    L5                                                0.000     0.000 r  ddr3_dq[3] (INOUT)
                         net (fo=1, unset)            0.000     0.000    ddr3_arbiter_inst/phy_instance/genblk9[3].iobuf_dq_inst/IO
    L5                   IBUF (Prop_ibuf_I_O)         0.301     0.301 r  ddr3_arbiter_inst/phy_instance/genblk9[3].iobuf_dq_inst/IBUF/O
                         net (fo=1, routed)           0.000     0.301    ddr3_arbiter_inst/phy_instance/wn_dq_rd_3
    IDELAY_X1Y40         IDELAYE2 (Prop_idelaye2_IDATAIN_DATAOUT)
                                                      0.243     0.544 r  ddr3_arbiter_inst/phy_instance/genblk10[3].idelay_dq_inst/DATAOUT
                         net (fo=1, routed)           0.000     0.544    ddr3_arbiter_inst/phy_instance/wn_dq_rd_delayed_3
    ILOGIC_X1Y40         ISERDESE2                                    r  ddr3_arbiter_inst/phy_instance/genblk11[3].iserdes_dq_inst/DDLY
  -------------------------------------------------------------------    -------------------

Slack:                    inf
  Source:                 ddr3_dq[1]
                            (input port)
  Destination:            ddr3_arbiter_inst/phy_instance/genblk11[1].iserdes_dq_inst/DDLY
  Path Group:             (none)
  Path Type:              Min at Fast Process Corner
  Data Path Delay:        0.544ns  (logic 0.544ns (100.000%)  route 0.000ns (0.000%))
  Logic Levels:           2  (IBUF=1 IDELAYE2=1)

    Location             Delay type                Incr(ns)  Path(ns)    Netlist Resource(s)
  -------------------------------------------------------------------    -------------------
    M4                                                0.000     0.000 r  ddr3_dq[1] (INOUT)
                         net (fo=1, unset)            0.000     0.000    ddr3_arbiter_inst/phy_instance/genblk9[1].iobuf_dq_inst/IO
    M4                   IBUF (Prop_ibuf_I_O)         0.301     0.301 r  ddr3_arbiter_inst/phy_instance/genblk9[1].iobuf_dq_inst/IBUF/O
                         net (fo=1, routed)           0.000     0.301    ddr3_arbiter_inst/phy_instance/wn_dq_rd_1
    IDELAY_X1Y39         IDELAYE2 (Prop_idelaye2_IDATAIN_DATAOUT)
                                                      0.243     0.544 r  ddr3_arbiter_inst/phy_instance/genblk10[1].idelay_dq_inst/DATAOUT
                         net (fo=1, routed)           0.000     0.544    ddr3_arbiter_inst/phy_instance/wn_dq_rd_delayed_1
    ILOGIC_X1Y39         ISERDESE2                                    r  ddr3_arbiter_inst/phy_instance/genblk11[1].iserdes_dq_inst/DDLY
  -------------------------------------------------------------------    -------------------

Slack:                    inf
  Source:                 ddr3_dq[13]
                            (input port)
  Destination:            ddr3_arbiter_inst/phy_instance/genblk11[13].iserdes_dq_inst/DDLY
  Path Group:             (none)
  Path Type:              Min at Fast Process Corner
  Data Path Delay:        0.561ns  (logic 0.561ns (100.000%)  route 0.000ns (0.000%))
  Logic Levels:           2  (IBUF=1 IDELAYE2=1)

    Location             Delay type                Incr(ns)  Path(ns)    Netlist Resource(s)
  -------------------------------------------------------------------    -------------------
    N4                                                0.000     0.000 r  ddr3_dq[13] (INOUT)
                         net (fo=1, unset)            0.000     0.000    ddr3_arbiter_inst/phy_instance/genblk9[13].iobuf_dq_inst/IO
    N4                   IBUF (Prop_ibuf_I_O)         0.318     0.318 r  ddr3_arbiter_inst/phy_instance/genblk9[13].iobuf_dq_inst/IBUF/O
                         net (fo=1, routed)           0.000     0.318    ddr3_arbiter_inst/phy_instance/wn_dq_rd_13
    IDELAY_X1Y29         IDELAYE2 (Prop_idelaye2_IDATAIN_DATAOUT)
                                                      0.243     0.561 r  ddr3_arbiter_inst/phy_instance/genblk10[13].idelay_dq_inst/DATAOUT
                         net (fo=1, routed)           0.000     0.561    ddr3_arbiter_inst/phy_instance/wn_dq_rd_delayed_13
    ILOGIC_X1Y29         ISERDESE2                                    r  ddr3_arbiter_inst/phy_instance/genblk11[13].iserdes_dq_inst/DDLY
  -------------------------------------------------------------------    -------------------

Slack:                    inf
  Source:                 ddr3_dq[5]
                            (input port)
  Destination:            ddr3_arbiter_inst/phy_instance/genblk11[5].iserdes_dq_inst/DDLY
  Path Group:             (none)
  Path Type:              Min at Fast Process Corner
  Data Path Delay:        0.561ns  (logic 0.561ns (100.000%)  route 0.000ns (0.000%))
  Logic Levels:           2  (IBUF=1 IDELAYE2=1)

    Location             Delay type                Incr(ns)  Path(ns)    Netlist Resource(s)
  -------------------------------------------------------------------    -------------------
    M6                                                0.000     0.000 r  ddr3_dq[5] (INOUT)
                         net (fo=1, unset)            0.000     0.000    ddr3_arbiter_inst/phy_instance/genblk9[5].iobuf_dq_inst/IO
    M6                   IBUF (Prop_ibuf_I_O)         0.318     0.318 r  ddr3_arbiter_inst/phy_instance/genblk9[5].iobuf_dq_inst/IBUF/O
                         net (fo=1, routed)           0.000     0.318    ddr3_arbiter_inst/phy_instance/wn_dq_rd_5
    IDELAY_X1Y38         IDELAYE2 (Prop_idelaye2_IDATAIN_DATAOUT)
                                                      0.243     0.561 r  ddr3_arbiter_inst/phy_instance/genblk10[5].idelay_dq_inst/DATAOUT
                         net (fo=1, routed)           0.000     0.561    ddr3_arbiter_inst/phy_instance/wn_dq_rd_delayed_5
    ILOGIC_X1Y38         ISERDESE2                                    r  ddr3_arbiter_inst/phy_instance/genblk11[5].iserdes_dq_inst/DDLY
  -------------------------------------------------------------------    -------------------

Slack:                    inf
  Source:                 ddr3_dq[12]
                            (input port)
  Destination:            ddr3_arbiter_inst/phy_instance/genblk11[12].iserdes_dq_inst/DDLY
  Path Group:             (none)
  Path Type:              Min at Fast Process Corner
  Data Path Delay:        0.563ns  (logic 0.563ns (100.000%)  route 0.000ns (0.000%))
  Logic Levels:           2  (IBUF=1 IDELAYE2=1)

    Location             Delay type                Incr(ns)  Path(ns)    Netlist Resource(s)
  -------------------------------------------------------------------    -------------------
    R2                                                0.000     0.000 r  ddr3_dq[12] (INOUT)
                         net (fo=1, unset)            0.000     0.000    ddr3_arbiter_inst/phy_instance/genblk9[12].iobuf_dq_inst/IO
    R2                   IBUF (Prop_ibuf_I_O)         0.320     0.320 r  ddr3_arbiter_inst/phy_instance/genblk9[12].iobuf_dq_inst/IBUF/O
                         net (fo=1, routed)           0.000     0.320    ddr3_arbiter_inst/phy_instance/wn_dq_rd_12
    IDELAY_X1Y26         IDELAYE2 (Prop_idelaye2_IDATAIN_DATAOUT)
                                                      0.243     0.563 r  ddr3_arbiter_inst/phy_instance/genblk10[12].idelay_dq_inst/DATAOUT
                         net (fo=1, routed)           0.000     0.563    ddr3_arbiter_inst/phy_instance/wn_dq_rd_delayed_12
    ILOGIC_X1Y26         ISERDESE2                                    r  ddr3_arbiter_inst/phy_instance/genblk11[12].iserdes_dq_inst/DDLY
  -------------------------------------------------------------------    -------------------

Slack:                    inf
  Source:                 ddr3_dq[6]
                            (input port)
  Destination:            ddr3_arbiter_inst/phy_instance/genblk11[6].iserdes_dq_inst/DDLY
  Path Group:             (none)
  Path Type:              Min at Fast Process Corner
  Data Path Delay:        0.563ns  (logic 0.563ns (100.000%)  route 0.000ns (0.000%))
  Logic Levels:           2  (IBUF=1 IDELAYE2=1)

    Location             Delay type                Incr(ns)  Path(ns)    Netlist Resource(s)
  -------------------------------------------------------------------    -------------------
    L4                                                0.000     0.000 r  ddr3_dq[6] (INOUT)
                         net (fo=1, unset)            0.000     0.000    ddr3_arbiter_inst/phy_instance/genblk9[6].iobuf_dq_inst/IO
    L4                   IBUF (Prop_ibuf_I_O)         0.320     0.320 r  ddr3_arbiter_inst/phy_instance/genblk9[6].iobuf_dq_inst/IBUF/O
                         net (fo=1, routed)           0.000     0.320    ddr3_arbiter_inst/phy_instance/wn_dq_rd_6
    IDELAY_X1Y47         IDELAYE2 (Prop_idelaye2_IDATAIN_DATAOUT)
                                                      0.243     0.563 r  ddr3_arbiter_inst/phy_instance/genblk10[6].idelay_dq_inst/DATAOUT
                         net (fo=1, routed)           0.000     0.563    ddr3_arbiter_inst/phy_instance/wn_dq_rd_delayed_6
    ILOGIC_X1Y47         ISERDESE2                                    r  ddr3_arbiter_inst/phy_instance/genblk11[6].iserdes_dq_inst/DDLY
  -------------------------------------------------------------------    -------------------

Slack:                    inf
  Source:                 ddr3_dq[8]
                            (input port)
  Destination:            ddr3_arbiter_inst/phy_instance/genblk11[8].iserdes_dq_inst/DDLY
  Path Group:             (none)
  Path Type:              Min at Fast Process Corner
  Data Path Delay:        0.563ns  (logic 0.563ns (100.000%)  route 0.000ns (0.000%))
  Logic Levels:           2  (IBUF=1 IDELAYE2=1)

    Location             Delay type                Incr(ns)  Path(ns)    Netlist Resource(s)
  -------------------------------------------------------------------    -------------------
    N5                                                0.000     0.000 r  ddr3_dq[8] (INOUT)
                         net (fo=1, unset)            0.000     0.000    ddr3_arbiter_inst/phy_instance/genblk9[8].iobuf_dq_inst/IO
    N5                   IBUF (Prop_ibuf_I_O)         0.320     0.320 r  ddr3_arbiter_inst/phy_instance/genblk9[8].iobuf_dq_inst/IBUF/O
                         net (fo=1, routed)           0.000     0.320    ddr3_arbiter_inst/phy_instance/wn_dq_rd_8
    IDELAY_X1Y30         IDELAYE2 (Prop_idelaye2_IDATAIN_DATAOUT)
                                                      0.243     0.563 r  ddr3_arbiter_inst/phy_instance/genblk10[8].idelay_dq_inst/DATAOUT
                         net (fo=1, routed)           0.000     0.563    ddr3_arbiter_inst/phy_instance/wn_dq_rd_delayed_8
    ILOGIC_X1Y30         ISERDESE2                                    r  ddr3_arbiter_inst/phy_instance/genblk11[8].iserdes_dq_inst/DDLY
  -------------------------------------------------------------------    -------------------

Slack:                    inf
  Source:                 ddr3_dq[9]
                            (input port)
  Destination:            ddr3_arbiter_inst/phy_instance/genblk11[9].iserdes_dq_inst/DDLY
  Path Group:             (none)
  Path Type:              Min at Fast Process Corner
  Data Path Delay:        0.565ns  (logic 0.565ns (100.000%)  route 0.000ns (0.000%))
  Logic Levels:           2  (IBUF=1 IDELAYE2=1)

    Location             Delay type                Incr(ns)  Path(ns)    Netlist Resource(s)
  -------------------------------------------------------------------    -------------------
    M1                                                0.000     0.000 r  ddr3_dq[9] (INOUT)
                         net (fo=1, unset)            0.000     0.000    ddr3_arbiter_inst/phy_instance/genblk9[9].iobuf_dq_inst/IO
    M1                   IBUF (Prop_ibuf_I_O)         0.322     0.322 r  ddr3_arbiter_inst/phy_instance/genblk9[9].iobuf_dq_inst/IBUF/O
                         net (fo=1, routed)           0.000     0.322    ddr3_arbiter_inst/phy_instance/wn_dq_rd_9
    IDELAY_X1Y34         IDELAYE2 (Prop_idelaye2_IDATAIN_DATAOUT)
                                                      0.243     0.565 r  ddr3_arbiter_inst/phy_instance/genblk10[9].idelay_dq_inst/DATAOUT
                         net (fo=1, routed)           0.000     0.565    ddr3_arbiter_inst/phy_instance/wn_dq_rd_delayed_9
    ILOGIC_X1Y34         ISERDESE2                                    r  ddr3_arbiter_inst/phy_instance/genblk11[9].iserdes_dq_inst/DDLY
  -------------------------------------------------------------------    -------------------

Slack:                    inf
  Source:                 ddr3_dq[11]
                            (input port)
  Destination:            ddr3_arbiter_inst/phy_instance/genblk11[11].iserdes_dq_inst/DDLY
  Path Group:             (none)
  Path Type:              Min at Fast Process Corner
  Data Path Delay:        0.567ns  (logic 0.567ns (100.000%)  route 0.000ns (0.000%))
  Logic Levels:           2  (IBUF=1 IDELAYE2=1)

    Location             Delay type                Incr(ns)  Path(ns)    Netlist Resource(s)
  -------------------------------------------------------------------    -------------------
    N1                                                0.000     0.000 r  ddr3_dq[11] (INOUT)
                         net (fo=1, unset)            0.000     0.000    ddr3_arbiter_inst/phy_instance/genblk9[11].iobuf_dq_inst/IO
    N1                   IBUF (Prop_ibuf_I_O)         0.324     0.324 r  ddr3_arbiter_inst/phy_instance/genblk9[11].iobuf_dq_inst/IBUF/O
                         net (fo=1, routed)           0.000     0.324    ddr3_arbiter_inst/phy_instance/wn_dq_rd_11
    IDELAY_X1Y33         IDELAYE2 (Prop_idelaye2_IDATAIN_DATAOUT)
                                                      0.243     0.567 r  ddr3_arbiter_inst/phy_instance/genblk10[11].idelay_dq_inst/DATAOUT
                         net (fo=1, routed)           0.000     0.567    ddr3_arbiter_inst/phy_instance/wn_dq_rd_delayed_11
    ILOGIC_X1Y33         ISERDESE2                                    r  ddr3_arbiter_inst/phy_instance/genblk11[11].iserdes_dq_inst/DDLY
  -------------------------------------------------------------------    -------------------





--------------------------------------------------------------------------------------
Path Group:  (none)
From Clock:  clk_out1_ddr_clk_wiz_1
  To Clock:  

Max Delay            26 Endpoints
Min Delay            26 Endpoints
--------------------------------------------------------------------------------------


Max Delay Paths
--------------------------------------------------------------------------------------
Slack:                    inf
  Source:                 ddr3_arbiter_inst/phy_instance/genblk8[0].oserdes_dqs_inst/CLK
                            (rising edge-triggered cell OSERDESE2 clocked by clk_out1_ddr_clk_wiz_1  {rise@0.000ns fall@1.250ns period=2.500ns})
  Destination:            ddr3_dqs_p[0]
                            (output port)
  Path Group:             (none)
  Path Type:              Max at Slow Process Corner
  Data Path Delay:        2.916ns  (logic 2.915ns (99.966%)  route 0.001ns (0.034%))
  Logic Levels:           1  (OBUFTDS=1)
  Clock Uncertainty:      0.175ns  ((TSJ^2 + DJ^2)^1/2) / 2 + PE
    Total System Jitter     (TSJ):    0.050ns
    Discrete Jitter          (DJ):    0.111ns
    Phase Error              (PE):    0.114ns

    Location             Delay type                Incr(ns)  Path(ns)    Netlist Resource(s)
  -------------------------------------------------------------------    -------------------
                         (clock clk_out1_ddr_clk_wiz_1 rise edge)
                                                      0.000     0.000 r  
    N15                                               0.000     0.000 r  DDR3_CLK100 (IN)
                         net (fo=0)                   0.000     0.000    ddr3_arbiter_inst/clkgen_ddr3ctrl_instance/inst/clk_in1
    N15                  IBUF (Prop_ibuf_I_O)         1.440     1.440 r  ddr3_arbiter_inst/clkgen_ddr3ctrl_instance/inst/clkin1_ibufg/O
                         net (fo=1, routed)           1.233     2.673    ddr3_arbiter_inst/clkgen_ddr3ctrl_instance/inst/clk_in1_clk_wiz_1
    MMCME2_ADV_X0Y0      MMCME2_ADV (Prop_mmcme2_adv_CLKIN1_CLKOUT0)
                                                     -6.965    -4.291 r  ddr3_arbiter_inst/clkgen_ddr3ctrl_instance/inst/mmcm_adv_inst/CLKOUT0
                         net (fo=1, routed)           1.666    -2.625    ddr3_arbiter_inst/clkgen_ddr3ctrl_instance/inst/clk_out1_ddr_clk_wiz_1
    BUFGCTRL_X0Y2        BUFG (Prop_bufg_I_O)         0.096    -2.529 r  ddr3_arbiter_inst/clkgen_ddr3ctrl_instance/inst/clkout1_buf/O
                         net (fo=23, routed)          1.679    -0.850    ddr3_arbiter_inst/phy_instance/clk_out1_ddr
    OLOGIC_X1Y44         OSERDESE2                                    r  ddr3_arbiter_inst/phy_instance/genblk8[0].oserdes_dqs_inst/CLK
  -------------------------------------------------------------------    -------------------
    OLOGIC_X1Y44         OSERDESE2 (Prop_oserdese2_CLK_TQ)
                                                      0.552    -0.298 r  ddr3_arbiter_inst/phy_instance/genblk8[0].oserdes_dqs_inst/TQ
                         net (fo=2, routed)           0.001    -0.297    ddr3_arbiter_inst/phy_instance/genblk6[0].iobufds_dqs_inst/OBUFTDS/T
    K1                   OBUFTDS (TriStatD_obuftds_T_O)
                                                      2.363     2.066 r  ddr3_arbiter_inst/phy_instance/genblk6[0].iobufds_dqs_inst/OBUFTDS/P/O
                         net (fo=1, unset)            0.000     2.066    ddr3_dqs_p[0]
    K1                                                                r  ddr3_dqs_p[0] (INOUT)
  -------------------------------------------------------------------    -------------------

Slack:                    inf
  Source:                 ddr3_arbiter_inst/phy_instance/genblk8[0].oserdes_dqs_inst/CLK
                            (rising edge-triggered cell OSERDESE2 clocked by clk_out1_ddr_clk_wiz_1  {rise@0.000ns fall@1.250ns period=2.500ns})
  Destination:            ddr3_dqs_n[0]
                            (output port)
  Path Group:             (none)
  Path Type:              Max at Slow Process Corner
  Data Path Delay:        2.915ns  (logic 2.914ns (99.966%)  route 0.001ns (0.034%))
  Logic Levels:           1  (OBUFTDS=1)
  Clock Uncertainty:      0.175ns  ((TSJ^2 + DJ^2)^1/2) / 2 + PE
    Total System Jitter     (TSJ):    0.050ns
    Discrete Jitter          (DJ):    0.111ns
    Phase Error              (PE):    0.114ns

    Location             Delay type                Incr(ns)  Path(ns)    Netlist Resource(s)
  -------------------------------------------------------------------    -------------------
                         (clock clk_out1_ddr_clk_wiz_1 rise edge)
                                                      0.000     0.000 r  
    N15                                               0.000     0.000 r  DDR3_CLK100 (IN)
                         net (fo=0)                   0.000     0.000    ddr3_arbiter_inst/clkgen_ddr3ctrl_instance/inst/clk_in1
    N15                  IBUF (Prop_ibuf_I_O)         1.440     1.440 r  ddr3_arbiter_inst/clkgen_ddr3ctrl_instance/inst/clkin1_ibufg/O
                         net (fo=1, routed)           1.233     2.673    ddr3_arbiter_inst/clkgen_ddr3ctrl_instance/inst/clk_in1_clk_wiz_1
    MMCME2_ADV_X0Y0      MMCME2_ADV (Prop_mmcme2_adv_CLKIN1_CLKOUT0)
                                                     -6.965    -4.291 r  ddr3_arbiter_inst/clkgen_ddr3ctrl_instance/inst/mmcm_adv_inst/CLKOUT0
                         net (fo=1, routed)           1.666    -2.625    ddr3_arbiter_inst/clkgen_ddr3ctrl_instance/inst/clk_out1_ddr_clk_wiz_1
    BUFGCTRL_X0Y2        BUFG (Prop_bufg_I_O)         0.096    -2.529 r  ddr3_arbiter_inst/clkgen_ddr3ctrl_instance/inst/clkout1_buf/O
                         net (fo=23, routed)          1.679    -0.850    ddr3_arbiter_inst/phy_instance/clk_out1_ddr
    OLOGIC_X1Y44         OSERDESE2                                    r  ddr3_arbiter_inst/phy_instance/genblk8[0].oserdes_dqs_inst/CLK
  -------------------------------------------------------------------    -------------------
    OLOGIC_X1Y44         OSERDESE2 (Prop_oserdese2_CLK_TQ)
                                                      0.552    -0.298 r  ddr3_arbiter_inst/phy_instance/genblk8[0].oserdes_dqs_inst/TQ
                         net (fo=2, routed)           0.001    -0.297    ddr3_arbiter_inst/phy_instance/genblk6[0].iobufds_dqs_inst/OBUFTDS/T
    L1                   OBUFTDS (TriStatD_obuftds_T_O)
                                                      2.362     2.065 r  ddr3_arbiter_inst/phy_instance/genblk6[0].iobufds_dqs_inst/OBUFTDS/N/O
                         net (fo=1, unset)            0.000     2.065    ddr3_dqs_n[0]
    L1                                                                r  ddr3_dqs_n[0] (INOUT)
  -------------------------------------------------------------------    -------------------

Slack:                    inf
  Source:                 ddr3_arbiter_inst/phy_instance/genblk8[1].oserdes_dqs_inst/CLK
                            (rising edge-triggered cell OSERDESE2 clocked by clk_out1_ddr_clk_wiz_1  {rise@0.000ns fall@1.250ns period=2.500ns})
  Destination:            ddr3_dqs_p[1]
                            (output port)
  Path Group:             (none)
  Path Type:              Max at Slow Process Corner
  Data Path Delay:        2.916ns  (logic 2.915ns (99.966%)  route 0.001ns (0.034%))
  Logic Levels:           1  (OBUFTDS=1)
  Clock Uncertainty:      0.175ns  ((TSJ^2 + DJ^2)^1/2) / 2 + PE
    Total System Jitter     (TSJ):    0.050ns
    Discrete Jitter          (DJ):    0.111ns
    Phase Error              (PE):    0.114ns

    Location             Delay type                Incr(ns)  Path(ns)    Netlist Resource(s)
  -------------------------------------------------------------------    -------------------
                         (clock clk_out1_ddr_clk_wiz_1 rise edge)
                                                      0.000     0.000 r  
    N15                                               0.000     0.000 r  DDR3_CLK100 (IN)
                         net (fo=0)                   0.000     0.000    ddr3_arbiter_inst/clkgen_ddr3ctrl_instance/inst/clk_in1
    N15                  IBUF (Prop_ibuf_I_O)         1.440     1.440 r  ddr3_arbiter_inst/clkgen_ddr3ctrl_instance/inst/clkin1_ibufg/O
                         net (fo=1, routed)           1.233     2.673    ddr3_arbiter_inst/clkgen_ddr3ctrl_instance/inst/clk_in1_clk_wiz_1
    MMCME2_ADV_X0Y0      MMCME2_ADV (Prop_mmcme2_adv_CLKIN1_CLKOUT0)
                                                     -6.965    -4.291 r  ddr3_arbiter_inst/clkgen_ddr3ctrl_instance/inst/mmcm_adv_inst/CLKOUT0
                         net (fo=1, routed)           1.666    -2.625    ddr3_arbiter_inst/clkgen_ddr3ctrl_instance/inst/clk_out1_ddr_clk_wiz_1
    BUFGCTRL_X0Y2        BUFG (Prop_bufg_I_O)         0.096    -2.529 r  ddr3_arbiter_inst/clkgen_ddr3ctrl_instance/inst/clkout1_buf/O
                         net (fo=23, routed)          1.672    -0.857    ddr3_arbiter_inst/phy_instance/clk_out1_ddr
    OLOGIC_X1Y32         OSERDESE2                                    r  ddr3_arbiter_inst/phy_instance/genblk8[1].oserdes_dqs_inst/CLK
  -------------------------------------------------------------------    -------------------
    OLOGIC_X1Y32         OSERDESE2 (Prop_oserdese2_CLK_TQ)
                                                      0.552    -0.305 r  ddr3_arbiter_inst/phy_instance/genblk8[1].oserdes_dqs_inst/TQ
                         net (fo=2, routed)           0.001    -0.304    ddr3_arbiter_inst/phy_instance/genblk6[1].iobufds_dqs_inst/OBUFTDS/T
    N3                   OBUFTDS (TriStatD_obuftds_T_O)
                                                      2.363     2.059 r  ddr3_arbiter_inst/phy_instance/genblk6[1].iobufds_dqs_inst/OBUFTDS/P/O
                         net (fo=1, unset)            0.000     2.059    ddr3_dqs_p[1]
    N3                                                                r  ddr3_dqs_p[1] (INOUT)
  -------------------------------------------------------------------    -------------------

Slack:                    inf
  Source:                 ddr3_arbiter_inst/phy_instance/genblk8[1].oserdes_dqs_inst/CLK
                            (rising edge-triggered cell OSERDESE2 clocked by clk_out1_ddr_clk_wiz_1  {rise@0.000ns fall@1.250ns period=2.500ns})
  Destination:            ddr3_dqs_n[1]
                            (output port)
  Path Group:             (none)
  Path Type:              Max at Slow Process Corner
  Data Path Delay:        2.915ns  (logic 2.914ns (99.966%)  route 0.001ns (0.034%))
  Logic Levels:           1  (OBUFTDS=1)
  Clock Uncertainty:      0.175ns  ((TSJ^2 + DJ^2)^1/2) / 2 + PE
    Total System Jitter     (TSJ):    0.050ns
    Discrete Jitter          (DJ):    0.111ns
    Phase Error              (PE):    0.114ns

    Location             Delay type                Incr(ns)  Path(ns)    Netlist Resource(s)
  -------------------------------------------------------------------    -------------------
                         (clock clk_out1_ddr_clk_wiz_1 rise edge)
                                                      0.000     0.000 r  
    N15                                               0.000     0.000 r  DDR3_CLK100 (IN)
                         net (fo=0)                   0.000     0.000    ddr3_arbiter_inst/clkgen_ddr3ctrl_instance/inst/clk_in1
    N15                  IBUF (Prop_ibuf_I_O)         1.440     1.440 r  ddr3_arbiter_inst/clkgen_ddr3ctrl_instance/inst/clkin1_ibufg/O
                         net (fo=1, routed)           1.233     2.673    ddr3_arbiter_inst/clkgen_ddr3ctrl_instance/inst/clk_in1_clk_wiz_1
    MMCME2_ADV_X0Y0      MMCME2_ADV (Prop_mmcme2_adv_CLKIN1_CLKOUT0)
                                                     -6.965    -4.291 r  ddr3_arbiter_inst/clkgen_ddr3ctrl_instance/inst/mmcm_adv_inst/CLKOUT0
                         net (fo=1, routed)           1.666    -2.625    ddr3_arbiter_inst/clkgen_ddr3ctrl_instance/inst/clk_out1_ddr_clk_wiz_1
    BUFGCTRL_X0Y2        BUFG (Prop_bufg_I_O)         0.096    -2.529 r  ddr3_arbiter_inst/clkgen_ddr3ctrl_instance/inst/clkout1_buf/O
                         net (fo=23, routed)          1.672    -0.857    ddr3_arbiter_inst/phy_instance/clk_out1_ddr
    OLOGIC_X1Y32         OSERDESE2                                    r  ddr3_arbiter_inst/phy_instance/genblk8[1].oserdes_dqs_inst/CLK
  -------------------------------------------------------------------    -------------------
    OLOGIC_X1Y32         OSERDESE2 (Prop_oserdese2_CLK_TQ)
                                                      0.552    -0.305 r  ddr3_arbiter_inst/phy_instance/genblk8[1].oserdes_dqs_inst/TQ
                         net (fo=2, routed)           0.001    -0.304    ddr3_arbiter_inst/phy_instance/genblk6[1].iobufds_dqs_inst/OBUFTDS/T
    N2                   OBUFTDS (TriStatD_obuftds_T_O)
                                                      2.362     2.058 r  ddr3_arbiter_inst/phy_instance/genblk6[1].iobufds_dqs_inst/OBUFTDS/N/O
                         net (fo=1, unset)            0.000     2.058    ddr3_dqs_n[1]
    N2                                                                r  ddr3_dqs_n[1] (INOUT)
  -------------------------------------------------------------------    -------------------

Slack:                    inf
  Source:                 ddr3_arbiter_inst/phy_instance/oserdes_clk_inst/CLK
                            (rising edge-triggered cell OSERDESE2 clocked by clk_out1_ddr_clk_wiz_1  {rise@0.000ns fall@1.250ns period=2.500ns})
  Destination:            ddr3_ck_p[0]
                            (output port)
  Path Group:             (none)
  Path Type:              Max at Slow Process Corner
  Data Path Delay:        2.075ns  (logic 2.074ns (99.952%)  route 0.001ns (0.048%))
  Logic Levels:           1  (OBUFDS=1)
  Clock Uncertainty:      0.175ns  ((TSJ^2 + DJ^2)^1/2) / 2 + PE
    Total System Jitter     (TSJ):    0.050ns
    Discrete Jitter          (DJ):    0.111ns
    Phase Error              (PE):    0.114ns

    Location             Delay type                Incr(ns)  Path(ns)    Netlist Resource(s)
  -------------------------------------------------------------------    -------------------
                         (clock clk_out1_ddr_clk_wiz_1 rise edge)
                                                      0.000     0.000 r  
    N15                                               0.000     0.000 r  DDR3_CLK100 (IN)
                         net (fo=0)                   0.000     0.000    ddr3_arbiter_inst/clkgen_ddr3ctrl_instance/inst/clk_in1
    N15                  IBUF (Prop_ibuf_I_O)         1.440     1.440 r  ddr3_arbiter_inst/clkgen_ddr3ctrl_instance/inst/clkin1_ibufg/O
                         net (fo=1, routed)           1.233     2.673    ddr3_arbiter_inst/clkgen_ddr3ctrl_instance/inst/clk_in1_clk_wiz_1
    MMCME2_ADV_X0Y0      MMCME2_ADV (Prop_mmcme2_adv_CLKIN1_CLKOUT0)
                                                     -6.965    -4.291 r  ddr3_arbiter_inst/clkgen_ddr3ctrl_instance/inst/mmcm_adv_inst/CLKOUT0
                         net (fo=1, routed)           1.666    -2.625    ddr3_arbiter_inst/clkgen_ddr3ctrl_instance/inst/clk_out1_ddr_clk_wiz_1
    BUFGCTRL_X0Y2        BUFG (Prop_bufg_I_O)         0.096    -2.529 r  ddr3_arbiter_inst/clkgen_ddr3ctrl_instance/inst/clkout1_buf/O
                         net (fo=23, routed)          1.679    -0.850    ddr3_arbiter_inst/phy_instance/clk_out1_ddr
    OLOGIC_X1Y8          OSERDESE2                                    r  ddr3_arbiter_inst/phy_instance/oserdes_clk_inst/CLK
  -------------------------------------------------------------------    -------------------
    OLOGIC_X1Y8          OSERDESE2 (Prop_oserdese2_CLK_OQ)
                                                      0.472    -0.378 r  ddr3_arbiter_inst/phy_instance/oserdes_clk_inst/OQ
                         net (fo=2, routed)           0.001    -0.377    ddr3_arbiter_inst/phy_instance/obufds_ck_inst/I
    R5                   OBUFDS (Prop_obufds_I_O)     1.602     1.225 r  ddr3_arbiter_inst/phy_instance/obufds_ck_inst/P/O
                         net (fo=0)                   0.000     1.225    ddr3_ck_p[0]
    R5                                                                r  ddr3_ck_p[0] (OUT)
  -------------------------------------------------------------------    -------------------

Slack:                    inf
  Source:                 ddr3_arbiter_inst/phy_instance/oserdes_clk_inst/CLK
                            (rising edge-triggered cell OSERDESE2 clocked by clk_out1_ddr_clk_wiz_1  {rise@0.000ns fall@1.250ns period=2.500ns})
  Destination:            ddr3_ck_n[0]
                            (output port)
  Path Group:             (none)
  Path Type:              Max at Slow Process Corner
  Data Path Delay:        2.070ns  (logic 2.068ns (99.903%)  route 0.002ns (0.097%))
  Logic Levels:           2  (INV=1 OBUFDS=1)
  Clock Uncertainty:      0.175ns  ((TSJ^2 + DJ^2)^1/2) / 2 + PE
    Total System Jitter     (TSJ):    0.050ns
    Discrete Jitter          (DJ):    0.111ns
    Phase Error              (PE):    0.114ns

    Location             Delay type                Incr(ns)  Path(ns)    Netlist Resource(s)
  -------------------------------------------------------------------    -------------------
                         (clock clk_out1_ddr_clk_wiz_1 rise edge)
                                                      0.000     0.000 r  
    N15                                               0.000     0.000 r  DDR3_CLK100 (IN)
                         net (fo=0)                   0.000     0.000    ddr3_arbiter_inst/clkgen_ddr3ctrl_instance/inst/clk_in1
    N15                  IBUF (Prop_ibuf_I_O)         1.440     1.440 r  ddr3_arbiter_inst/clkgen_ddr3ctrl_instance/inst/clkin1_ibufg/O
                         net (fo=1, routed)           1.233     2.673    ddr3_arbiter_inst/clkgen_ddr3ctrl_instance/inst/clk_in1_clk_wiz_1
    MMCME2_ADV_X0Y0      MMCME2_ADV (Prop_mmcme2_adv_CLKIN1_CLKOUT0)
                                                     -6.965    -4.291 r  ddr3_arbiter_inst/clkgen_ddr3ctrl_instance/inst/mmcm_adv_inst/CLKOUT0
                         net (fo=1, routed)           1.666    -2.625    ddr3_arbiter_inst/clkgen_ddr3ctrl_instance/inst/clk_out1_ddr_clk_wiz_1
    BUFGCTRL_X0Y2        BUFG (Prop_bufg_I_O)         0.096    -2.529 r  ddr3_arbiter_inst/clkgen_ddr3ctrl_instance/inst/clkout1_buf/O
                         net (fo=23, routed)          1.679    -0.850    ddr3_arbiter_inst/phy_instance/clk_out1_ddr
    OLOGIC_X1Y8          OSERDESE2                                    r  ddr3_arbiter_inst/phy_instance/oserdes_clk_inst/CLK
  -------------------------------------------------------------------    -------------------
    OLOGIC_X1Y8          OSERDESE2 (Prop_oserdese2_CLK_OQ)
                                                      0.472    -0.378 f  ddr3_arbiter_inst/phy_instance/oserdes_clk_inst/OQ
                         net (fo=2, routed)           0.002    -0.376    ddr3_arbiter_inst/phy_instance/obufds_ck_inst/I
    T4                   INV (Prop_inv_I_O)           0.001    -0.375 r  ddr3_arbiter_inst/phy_instance/obufds_ck_inst/INV/O
                         net (fo=1, routed)           0.000    -0.375    ddr3_arbiter_inst/phy_instance/obufds_ck_inst/I_B
    T4                   OBUFDS (Prop_obufds_I_O)     1.595     1.220 r  ddr3_arbiter_inst/phy_instance/obufds_ck_inst/N/O
                         net (fo=0)                   0.000     1.220    ddr3_ck_n[0]
    T4                                                                r  ddr3_ck_n[0] (OUT)
  -------------------------------------------------------------------    -------------------

Slack:                    inf
  Source:                 ddr3_arbiter_inst/phy_instance/genblk4[13].oserdes_addr_inst/CLK
                            (rising edge-triggered cell OSERDESE2 clocked by clk_out1_ddr_clk_wiz_1  {rise@0.000ns fall@1.250ns period=2.500ns})
  Destination:            ddr3_addr[13]
                            (output port)
  Path Group:             (none)
  Path Type:              Max at Slow Process Corner
  Data Path Delay:        2.026ns  (logic 2.025ns (99.951%)  route 0.001ns (0.049%))
  Logic Levels:           1  (OBUF=1)
  Clock Uncertainty:      0.175ns  ((TSJ^2 + DJ^2)^1/2) / 2 + PE
    Total System Jitter     (TSJ):    0.050ns
    Discrete Jitter          (DJ):    0.111ns
    Phase Error              (PE):    0.114ns

    Location             Delay type                Incr(ns)  Path(ns)    Netlist Resource(s)
  -------------------------------------------------------------------    -------------------
                         (clock clk_out1_ddr_clk_wiz_1 rise edge)
                                                      0.000     0.000 r  
    N15                                               0.000     0.000 r  DDR3_CLK100 (IN)
                         net (fo=0)                   0.000     0.000    ddr3_arbiter_inst/clkgen_ddr3ctrl_instance/inst/clk_in1
    N15                  IBUF (Prop_ibuf_I_O)         1.440     1.440 r  ddr3_arbiter_inst/clkgen_ddr3ctrl_instance/inst/clkin1_ibufg/O
                         net (fo=1, routed)           1.233     2.673    ddr3_arbiter_inst/clkgen_ddr3ctrl_instance/inst/clk_in1_clk_wiz_1
    MMCME2_ADV_X0Y0      MMCME2_ADV (Prop_mmcme2_adv_CLKIN1_CLKOUT0)
                                                     -6.965    -4.291 r  ddr3_arbiter_inst/clkgen_ddr3ctrl_instance/inst/mmcm_adv_inst/CLKOUT0
                         net (fo=1, routed)           1.666    -2.625    ddr3_arbiter_inst/clkgen_ddr3ctrl_instance/inst/clk_out1_ddr_clk_wiz_1
    BUFGCTRL_X0Y2        BUFG (Prop_bufg_I_O)         0.096    -2.529 r  ddr3_arbiter_inst/clkgen_ddr3ctrl_instance/inst/clkout1_buf/O
                         net (fo=23, routed)          1.678    -0.851    ddr3_arbiter_inst/phy_instance/clk_out1_ddr
    OLOGIC_X1Y10         OSERDESE2                                    r  ddr3_arbiter_inst/phy_instance/genblk4[13].oserdes_addr_inst/CLK
  -------------------------------------------------------------------    -------------------
    OLOGIC_X1Y10         OSERDESE2 (Prop_oserdese2_CLK_OQ)
                                                      0.472    -0.379 r  ddr3_arbiter_inst/phy_instance/genblk4[13].oserdes_addr_inst/OQ
                         net (fo=1, routed)           0.001    -0.378    ddr3_addr_OBUF[13]
    V7                   OBUF (Prop_obuf_I_O)         1.553     1.175 r  ddr3_addr_OBUF[13]_inst/O
                         net (fo=0)                   0.000     1.175    ddr3_addr[13]
    V7                                                                r  ddr3_addr[13] (OUT)
  -------------------------------------------------------------------    -------------------

Slack:                    inf
  Source:                 ddr3_arbiter_inst/phy_instance/genblk4[6].oserdes_addr_inst/CLK
                            (rising edge-triggered cell OSERDESE2 clocked by clk_out1_ddr_clk_wiz_1  {rise@0.000ns fall@1.250ns period=2.500ns})
  Destination:            ddr3_addr[6]
                            (output port)
  Path Group:             (none)
  Path Type:              Max at Slow Process Corner
  Data Path Delay:        2.027ns  (logic 2.026ns (99.951%)  route 0.001ns (0.049%))
  Logic Levels:           1  (OBUF=1)
  Clock Uncertainty:      0.175ns  ((TSJ^2 + DJ^2)^1/2) / 2 + PE
    Total System Jitter     (TSJ):    0.050ns
    Discrete Jitter          (DJ):    0.111ns
    Phase Error              (PE):    0.114ns

    Location             Delay type                Incr(ns)  Path(ns)    Netlist Resource(s)
  -------------------------------------------------------------------    -------------------
                         (clock clk_out1_ddr_clk_wiz_1 rise edge)
                                                      0.000     0.000 r  
    N15                                               0.000     0.000 r  DDR3_CLK100 (IN)
                         net (fo=0)                   0.000     0.000    ddr3_arbiter_inst/clkgen_ddr3ctrl_instance/inst/clk_in1
    N15                  IBUF (Prop_ibuf_I_O)         1.440     1.440 r  ddr3_arbiter_inst/clkgen_ddr3ctrl_instance/inst/clkin1_ibufg/O
                         net (fo=1, routed)           1.233     2.673    ddr3_arbiter_inst/clkgen_ddr3ctrl_instance/inst/clk_in1_clk_wiz_1
    MMCME2_ADV_X0Y0      MMCME2_ADV (Prop_mmcme2_adv_CLKIN1_CLKOUT0)
                                                     -6.965    -4.291 r  ddr3_arbiter_inst/clkgen_ddr3ctrl_instance/inst/mmcm_adv_inst/CLKOUT0
                         net (fo=1, routed)           1.666    -2.625    ddr3_arbiter_inst/clkgen_ddr3ctrl_instance/inst/clk_out1_ddr_clk_wiz_1
    BUFGCTRL_X0Y2        BUFG (Prop_bufg_I_O)         0.096    -2.529 r  ddr3_arbiter_inst/clkgen_ddr3ctrl_instance/inst/clkout1_buf/O
                         net (fo=23, routed)          1.674    -0.855    ddr3_arbiter_inst/phy_instance/clk_out1_ddr
    OLOGIC_X1Y16         OSERDESE2                                    r  ddr3_arbiter_inst/phy_instance/genblk4[6].oserdes_addr_inst/CLK
  -------------------------------------------------------------------    -------------------
    OLOGIC_X1Y16         OSERDESE2 (Prop_oserdese2_CLK_OQ)
                                                      0.472    -0.383 r  ddr3_arbiter_inst/phy_instance/genblk4[6].oserdes_addr_inst/OQ
                         net (fo=1, routed)           0.001    -0.382    ddr3_addr_OBUF[6]
    V5                   OBUF (Prop_obuf_I_O)         1.554     1.171 r  ddr3_addr_OBUF[6]_inst/O
                         net (fo=0)                   0.000     1.171    ddr3_addr[6]
    V5                                                                r  ddr3_addr[6] (OUT)
  -------------------------------------------------------------------    -------------------

Slack:                    inf
  Source:                 ddr3_arbiter_inst/phy_instance/genblk4[12].oserdes_addr_inst/CLK
                            (rising edge-triggered cell OSERDESE2 clocked by clk_out1_ddr_clk_wiz_1  {rise@0.000ns fall@1.250ns period=2.500ns})
  Destination:            ddr3_addr[12]
                            (output port)
  Path Group:             (none)
  Path Type:              Max at Slow Process Corner
  Data Path Delay:        2.021ns  (logic 2.020ns (99.951%)  route 0.001ns (0.049%))
  Logic Levels:           1  (OBUF=1)
  Clock Uncertainty:      0.175ns  ((TSJ^2 + DJ^2)^1/2) / 2 + PE
    Total System Jitter     (TSJ):    0.050ns
    Discrete Jitter          (DJ):    0.111ns
    Phase Error              (PE):    0.114ns

    Location             Delay type                Incr(ns)  Path(ns)    Netlist Resource(s)
  -------------------------------------------------------------------    -------------------
                         (clock clk_out1_ddr_clk_wiz_1 rise edge)
                                                      0.000     0.000 r  
    N15                                               0.000     0.000 r  DDR3_CLK100 (IN)
                         net (fo=0)                   0.000     0.000    ddr3_arbiter_inst/clkgen_ddr3ctrl_instance/inst/clk_in1
    N15                  IBUF (Prop_ibuf_I_O)         1.440     1.440 r  ddr3_arbiter_inst/clkgen_ddr3ctrl_instance/inst/clkin1_ibufg/O
                         net (fo=1, routed)           1.233     2.673    ddr3_arbiter_inst/clkgen_ddr3ctrl_instance/inst/clk_in1_clk_wiz_1
    MMCME2_ADV_X0Y0      MMCME2_ADV (Prop_mmcme2_adv_CLKIN1_CLKOUT0)
                                                     -6.965    -4.291 r  ddr3_arbiter_inst/clkgen_ddr3ctrl_instance/inst/mmcm_adv_inst/CLKOUT0
                         net (fo=1, routed)           1.666    -2.625    ddr3_arbiter_inst/clkgen_ddr3ctrl_instance/inst/clk_out1_ddr_clk_wiz_1
    BUFGCTRL_X0Y2        BUFG (Prop_bufg_I_O)         0.096    -2.529 r  ddr3_arbiter_inst/clkgen_ddr3ctrl_instance/inst/clkout1_buf/O
                         net (fo=23, routed)          1.678    -0.851    ddr3_arbiter_inst/phy_instance/clk_out1_ddr
    OLOGIC_X1Y9          OSERDESE2                                    r  ddr3_arbiter_inst/phy_instance/genblk4[12].oserdes_addr_inst/CLK
  -------------------------------------------------------------------    -------------------
    OLOGIC_X1Y9          OSERDESE2 (Prop_oserdese2_CLK_OQ)
                                                      0.472    -0.379 r  ddr3_arbiter_inst/phy_instance/genblk4[12].oserdes_addr_inst/OQ
                         net (fo=1, routed)           0.001    -0.378    ddr3_addr_OBUF[12]
    V6                   OBUF (Prop_obuf_I_O)         1.548     1.170 r  ddr3_addr_OBUF[12]_inst/O
                         net (fo=0)                   0.000     1.170    ddr3_addr[12]
    V6                                                                r  ddr3_addr[12] (OUT)
  -------------------------------------------------------------------    -------------------

Slack:                    inf
  Source:                 ddr3_arbiter_inst/phy_instance/genblk5[1].oserdes_ba_inst/CLK
                            (rising edge-triggered cell OSERDESE2 clocked by clk_out1_ddr_clk_wiz_1  {rise@0.000ns fall@1.250ns period=2.500ns})
  Destination:            ddr3_ba[1]
                            (output port)
  Path Group:             (none)
  Path Type:              Max at Slow Process Corner
  Data Path Delay:        2.023ns  (logic 2.022ns (99.951%)  route 0.001ns (0.049%))
  Logic Levels:           1  (OBUF=1)
  Clock Uncertainty:      0.175ns  ((TSJ^2 + DJ^2)^1/2) / 2 + PE
    Total System Jitter     (TSJ):    0.050ns
    Discrete Jitter          (DJ):    0.111ns
    Phase Error              (PE):    0.114ns

    Location             Delay type                Incr(ns)  Path(ns)    Netlist Resource(s)
  -------------------------------------------------------------------    -------------------
                         (clock clk_out1_ddr_clk_wiz_1 rise edge)
                                                      0.000     0.000 r  
    N15                                               0.000     0.000 r  DDR3_CLK100 (IN)
                         net (fo=0)                   0.000     0.000    ddr3_arbiter_inst/clkgen_ddr3ctrl_instance/inst/clk_in1
    N15                  IBUF (Prop_ibuf_I_O)         1.440     1.440 r  ddr3_arbiter_inst/clkgen_ddr3ctrl_instance/inst/clkin1_ibufg/O
                         net (fo=1, routed)           1.233     2.673    ddr3_arbiter_inst/clkgen_ddr3ctrl_instance/inst/clk_in1_clk_wiz_1
    MMCME2_ADV_X0Y0      MMCME2_ADV (Prop_mmcme2_adv_CLKIN1_CLKOUT0)
                                                     -6.965    -4.291 r  ddr3_arbiter_inst/clkgen_ddr3ctrl_instance/inst/mmcm_adv_inst/CLKOUT0
                         net (fo=1, routed)           1.666    -2.625    ddr3_arbiter_inst/clkgen_ddr3ctrl_instance/inst/clk_out1_ddr_clk_wiz_1
    BUFGCTRL_X0Y2        BUFG (Prop_bufg_I_O)         0.096    -2.529 r  ddr3_arbiter_inst/clkgen_ddr3ctrl_instance/inst/clkout1_buf/O
                         net (fo=23, routed)          1.674    -0.855    ddr3_arbiter_inst/phy_instance/clk_out1_ddr
    OLOGIC_X1Y15         OSERDESE2                                    r  ddr3_arbiter_inst/phy_instance/genblk5[1].oserdes_ba_inst/CLK
  -------------------------------------------------------------------    -------------------
    OLOGIC_X1Y15         OSERDESE2 (Prop_oserdese2_CLK_OQ)
                                                      0.472    -0.383 r  ddr3_arbiter_inst/phy_instance/genblk5[1].oserdes_ba_inst/OQ
                         net (fo=1, routed)           0.001    -0.382    ddr3_ba_OBUF[1]
    V4                   OBUF (Prop_obuf_I_O)         1.550     1.168 r  ddr3_ba_OBUF[1]_inst/O
                         net (fo=0)                   0.000     1.168    ddr3_ba[1]
    V4                                                                r  ddr3_ba[1] (OUT)
  -------------------------------------------------------------------    -------------------





Min Delay Paths
--------------------------------------------------------------------------------------
Slack:                    inf
  Source:                 ddr3_arbiter_inst/phy_instance/genblk8[0].oserdes_dqs_inst/CLK
                            (rising edge-triggered cell OSERDESE2 clocked by clk_out1_ddr_clk_wiz_1  {rise@0.000ns fall@1.250ns period=2.500ns})
  Destination:            ddr3_dqs_n[0]
                            (output port)
  Path Group:             (none)
  Path Type:              Min at Fast Process Corner
  Data Path Delay:        0.368ns  (logic 0.367ns (99.729%)  route 0.001ns (0.271%))
  Logic Levels:           1  (OBUFTDS=1)
  Clock Uncertainty:      0.175ns  ((TSJ^2 + DJ^2)^1/2) / 2 + PE
    Total System Jitter     (TSJ):    0.050ns
    Discrete Jitter          (DJ):    0.111ns
    Phase Error              (PE):    0.114ns

    Location             Delay type                Incr(ns)  Path(ns)    Netlist Resource(s)
  -------------------------------------------------------------------    -------------------
                         (clock clk_out1_ddr_clk_wiz_1 rise edge)
                                                      0.000     0.000 r  
    N15                                               0.000     0.000 r  DDR3_CLK100 (IN)
                         net (fo=0)                   0.000     0.000    ddr3_arbiter_inst/clkgen_ddr3ctrl_instance/inst/clk_in1
    N15                  IBUF (Prop_ibuf_I_O)         0.209     0.209 r  ddr3_arbiter_inst/clkgen_ddr3ctrl_instance/inst/clkin1_ibufg/O
                         net (fo=1, routed)           0.440     0.649    ddr3_arbiter_inst/clkgen_ddr3ctrl_instance/inst/clk_in1_clk_wiz_1
    MMCME2_ADV_X0Y0      MMCME2_ADV (Prop_mmcme2_adv_CLKIN1_CLKOUT0)
                                                     -2.362    -1.714 r  ddr3_arbiter_inst/clkgen_ddr3ctrl_instance/inst/mmcm_adv_inst/CLKOUT0
                         net (fo=1, routed)           0.489    -1.225    ddr3_arbiter_inst/clkgen_ddr3ctrl_instance/inst/clk_out1_ddr_clk_wiz_1
    BUFGCTRL_X0Y2        BUFG (Prop_bufg_I_O)         0.026    -1.199 r  ddr3_arbiter_inst/clkgen_ddr3ctrl_instance/inst/clkout1_buf/O
                         net (fo=23, routed)          0.587    -0.612    ddr3_arbiter_inst/phy_instance/clk_out1_ddr
    OLOGIC_X1Y44         OSERDESE2                                    r  ddr3_arbiter_inst/phy_instance/genblk8[0].oserdes_dqs_inst/CLK
  -------------------------------------------------------------------    -------------------
    OLOGIC_X1Y44         OSERDESE2 (Prop_oserdese2_CLK_TQ)
                                                      0.192    -0.420 f  ddr3_arbiter_inst/phy_instance/genblk8[0].oserdes_dqs_inst/TQ
                         net (fo=2, routed)           0.001    -0.419    ddr3_arbiter_inst/phy_instance/genblk6[0].iobufds_dqs_inst/OBUFTDS/T
    L1                   OBUFTDS (TriStatE_obuftds_T_O)
                                                      0.175    -0.244 r  ddr3_arbiter_inst/phy_instance/genblk6[0].iobufds_dqs_inst/OBUFTDS/N/O
                         net (fo=1, unset)            0.000    -0.244    ddr3_dqs_n[0]
    L1                                                                r  ddr3_dqs_n[0] (INOUT)
  -------------------------------------------------------------------    -------------------

Slack:                    inf
  Source:                 ddr3_arbiter_inst/phy_instance/genblk8[0].oserdes_dqs_inst/CLK
                            (rising edge-triggered cell OSERDESE2 clocked by clk_out1_ddr_clk_wiz_1  {rise@0.000ns fall@1.250ns period=2.500ns})
  Destination:            ddr3_dqs_p[0]
                            (output port)
  Path Group:             (none)
  Path Type:              Min at Fast Process Corner
  Data Path Delay:        0.371ns  (logic 0.370ns (99.730%)  route 0.001ns (0.270%))
  Logic Levels:           1  (OBUFTDS=1)
  Clock Uncertainty:      0.175ns  ((TSJ^2 + DJ^2)^1/2) / 2 + PE
    Total System Jitter     (TSJ):    0.050ns
    Discrete Jitter          (DJ):    0.111ns
    Phase Error              (PE):    0.114ns

    Location             Delay type                Incr(ns)  Path(ns)    Netlist Resource(s)
  -------------------------------------------------------------------    -------------------
                         (clock clk_out1_ddr_clk_wiz_1 rise edge)
                                                      0.000     0.000 r  
    N15                                               0.000     0.000 r  DDR3_CLK100 (IN)
                         net (fo=0)                   0.000     0.000    ddr3_arbiter_inst/clkgen_ddr3ctrl_instance/inst/clk_in1
    N15                  IBUF (Prop_ibuf_I_O)         0.209     0.209 r  ddr3_arbiter_inst/clkgen_ddr3ctrl_instance/inst/clkin1_ibufg/O
                         net (fo=1, routed)           0.440     0.649    ddr3_arbiter_inst/clkgen_ddr3ctrl_instance/inst/clk_in1_clk_wiz_1
    MMCME2_ADV_X0Y0      MMCME2_ADV (Prop_mmcme2_adv_CLKIN1_CLKOUT0)
                                                     -2.362    -1.714 r  ddr3_arbiter_inst/clkgen_ddr3ctrl_instance/inst/mmcm_adv_inst/CLKOUT0
                         net (fo=1, routed)           0.489    -1.225    ddr3_arbiter_inst/clkgen_ddr3ctrl_instance/inst/clk_out1_ddr_clk_wiz_1
    BUFGCTRL_X0Y2        BUFG (Prop_bufg_I_O)         0.026    -1.199 r  ddr3_arbiter_inst/clkgen_ddr3ctrl_instance/inst/clkout1_buf/O
                         net (fo=23, routed)          0.587    -0.612    ddr3_arbiter_inst/phy_instance/clk_out1_ddr
    OLOGIC_X1Y44         OSERDESE2                                    r  ddr3_arbiter_inst/phy_instance/genblk8[0].oserdes_dqs_inst/CLK
  -------------------------------------------------------------------    -------------------
    OLOGIC_X1Y44         OSERDESE2 (Prop_oserdese2_CLK_TQ)
                                                      0.192    -0.420 f  ddr3_arbiter_inst/phy_instance/genblk8[0].oserdes_dqs_inst/TQ
                         net (fo=2, routed)           0.001    -0.419    ddr3_arbiter_inst/phy_instance/genblk6[0].iobufds_dqs_inst/OBUFTDS/T
    K1                   OBUFTDS (TriStatE_obuftds_T_O)
                                                      0.178    -0.242 r  ddr3_arbiter_inst/phy_instance/genblk6[0].iobufds_dqs_inst/OBUFTDS/P/O
                         net (fo=1, unset)            0.000    -0.242    ddr3_dqs_p[0]
    K1                                                                r  ddr3_dqs_p[0] (INOUT)
  -------------------------------------------------------------------    -------------------

Slack:                    inf
  Source:                 ddr3_arbiter_inst/phy_instance/genblk8[1].oserdes_dqs_inst/CLK
                            (rising edge-triggered cell OSERDESE2 clocked by clk_out1_ddr_clk_wiz_1  {rise@0.000ns fall@1.250ns period=2.500ns})
  Destination:            ddr3_dqs_n[1]
                            (output port)
  Path Group:             (none)
  Path Type:              Min at Fast Process Corner
  Data Path Delay:        0.375ns  (logic 0.374ns (99.734%)  route 0.001ns (0.266%))
  Logic Levels:           1  (OBUFTDS=1)
  Clock Uncertainty:      0.175ns  ((TSJ^2 + DJ^2)^1/2) / 2 + PE
    Total System Jitter     (TSJ):    0.050ns
    Discrete Jitter          (DJ):    0.111ns
    Phase Error              (PE):    0.114ns

    Location             Delay type                Incr(ns)  Path(ns)    Netlist Resource(s)
  -------------------------------------------------------------------    -------------------
                         (clock clk_out1_ddr_clk_wiz_1 rise edge)
                                                      0.000     0.000 r  
    N15                                               0.000     0.000 r  DDR3_CLK100 (IN)
                         net (fo=0)                   0.000     0.000    ddr3_arbiter_inst/clkgen_ddr3ctrl_instance/inst/clk_in1
    N15                  IBUF (Prop_ibuf_I_O)         0.209     0.209 r  ddr3_arbiter_inst/clkgen_ddr3ctrl_instance/inst/clkin1_ibufg/O
                         net (fo=1, routed)           0.440     0.649    ddr3_arbiter_inst/clkgen_ddr3ctrl_instance/inst/clk_in1_clk_wiz_1
    MMCME2_ADV_X0Y0      MMCME2_ADV (Prop_mmcme2_adv_CLKIN1_CLKOUT0)
                                                     -2.362    -1.714 r  ddr3_arbiter_inst/clkgen_ddr3ctrl_instance/inst/mmcm_adv_inst/CLKOUT0
                         net (fo=1, routed)           0.489    -1.225    ddr3_arbiter_inst/clkgen_ddr3ctrl_instance/inst/clk_out1_ddr_clk_wiz_1
    BUFGCTRL_X0Y2        BUFG (Prop_bufg_I_O)         0.026    -1.199 r  ddr3_arbiter_inst/clkgen_ddr3ctrl_instance/inst/clkout1_buf/O
                         net (fo=23, routed)          0.584    -0.615    ddr3_arbiter_inst/phy_instance/clk_out1_ddr
    OLOGIC_X1Y32         OSERDESE2                                    r  ddr3_arbiter_inst/phy_instance/genblk8[1].oserdes_dqs_inst/CLK
  -------------------------------------------------------------------    -------------------
    OLOGIC_X1Y32         OSERDESE2 (Prop_oserdese2_CLK_TQ)
                                                      0.192    -0.423 f  ddr3_arbiter_inst/phy_instance/genblk8[1].oserdes_dqs_inst/TQ
                         net (fo=2, routed)           0.001    -0.422    ddr3_arbiter_inst/phy_instance/genblk6[1].iobufds_dqs_inst/OBUFTDS/T
    N2                   OBUFTDS (TriStatE_obuftds_T_O)
                                                      0.182    -0.240 r  ddr3_arbiter_inst/phy_instance/genblk6[1].iobufds_dqs_inst/OBUFTDS/N/O
                         net (fo=1, unset)            0.000    -0.240    ddr3_dqs_n[1]
    N2                                                                r  ddr3_dqs_n[1] (INOUT)
  -------------------------------------------------------------------    -------------------

Slack:                    inf
  Source:                 ddr3_arbiter_inst/phy_instance/genblk8[1].oserdes_dqs_inst/CLK
                            (rising edge-triggered cell OSERDESE2 clocked by clk_out1_ddr_clk_wiz_1  {rise@0.000ns fall@1.250ns period=2.500ns})
  Destination:            ddr3_dqs_p[1]
                            (output port)
  Path Group:             (none)
  Path Type:              Min at Fast Process Corner
  Data Path Delay:        0.378ns  (logic 0.377ns (99.735%)  route 0.001ns (0.265%))
  Logic Levels:           1  (OBUFTDS=1)
  Clock Uncertainty:      0.175ns  ((TSJ^2 + DJ^2)^1/2) / 2 + PE
    Total System Jitter     (TSJ):    0.050ns
    Discrete Jitter          (DJ):    0.111ns
    Phase Error              (PE):    0.114ns

    Location             Delay type                Incr(ns)  Path(ns)    Netlist Resource(s)
  -------------------------------------------------------------------    -------------------
                         (clock clk_out1_ddr_clk_wiz_1 rise edge)
                                                      0.000     0.000 r  
    N15                                               0.000     0.000 r  DDR3_CLK100 (IN)
                         net (fo=0)                   0.000     0.000    ddr3_arbiter_inst/clkgen_ddr3ctrl_instance/inst/clk_in1
    N15                  IBUF (Prop_ibuf_I_O)         0.209     0.209 r  ddr3_arbiter_inst/clkgen_ddr3ctrl_instance/inst/clkin1_ibufg/O
                         net (fo=1, routed)           0.440     0.649    ddr3_arbiter_inst/clkgen_ddr3ctrl_instance/inst/clk_in1_clk_wiz_1
    MMCME2_ADV_X0Y0      MMCME2_ADV (Prop_mmcme2_adv_CLKIN1_CLKOUT0)
                                                     -2.362    -1.714 r  ddr3_arbiter_inst/clkgen_ddr3ctrl_instance/inst/mmcm_adv_inst/CLKOUT0
                         net (fo=1, routed)           0.489    -1.225    ddr3_arbiter_inst/clkgen_ddr3ctrl_instance/inst/clk_out1_ddr_clk_wiz_1
    BUFGCTRL_X0Y2        BUFG (Prop_bufg_I_O)         0.026    -1.199 r  ddr3_arbiter_inst/clkgen_ddr3ctrl_instance/inst/clkout1_buf/O
                         net (fo=23, routed)          0.584    -0.615    ddr3_arbiter_inst/phy_instance/clk_out1_ddr
    OLOGIC_X1Y32         OSERDESE2                                    r  ddr3_arbiter_inst/phy_instance/genblk8[1].oserdes_dqs_inst/CLK
  -------------------------------------------------------------------    -------------------
    OLOGIC_X1Y32         OSERDESE2 (Prop_oserdese2_CLK_TQ)
                                                      0.192    -0.423 f  ddr3_arbiter_inst/phy_instance/genblk8[1].oserdes_dqs_inst/TQ
                         net (fo=2, routed)           0.001    -0.422    ddr3_arbiter_inst/phy_instance/genblk6[1].iobufds_dqs_inst/OBUFTDS/T
    N3                   OBUFTDS (TriStatE_obuftds_T_O)
                                                      0.185    -0.237 r  ddr3_arbiter_inst/phy_instance/genblk6[1].iobufds_dqs_inst/OBUFTDS/P/O
                         net (fo=1, unset)            0.000    -0.237    ddr3_dqs_p[1]
    N3                                                                r  ddr3_dqs_p[1] (INOUT)
  -------------------------------------------------------------------    -------------------

Slack:                    inf
  Source:                 ddr3_arbiter_inst/phy_instance/genblk4[4].oserdes_addr_inst/CLK
                            (rising edge-triggered cell OSERDESE2 clocked by clk_out1_ddr_clk_wiz_1  {rise@0.000ns fall@1.250ns period=2.500ns})
  Destination:            ddr3_addr[4]
                            (output port)
  Path Group:             (none)
  Path Type:              Min at Fast Process Corner
  Data Path Delay:        0.666ns  (logic 0.665ns (99.850%)  route 0.001ns (0.150%))
  Logic Levels:           1  (OBUF=1)
  Clock Uncertainty:      0.175ns  ((TSJ^2 + DJ^2)^1/2) / 2 + PE
    Total System Jitter     (TSJ):    0.050ns
    Discrete Jitter          (DJ):    0.111ns
    Phase Error              (PE):    0.114ns

    Location             Delay type                Incr(ns)  Path(ns)    Netlist Resource(s)
  -------------------------------------------------------------------    -------------------
                         (clock clk_out1_ddr_clk_wiz_1 rise edge)
                                                      0.000     0.000 r  
    N15                                               0.000     0.000 r  DDR3_CLK100 (IN)
                         net (fo=0)                   0.000     0.000    ddr3_arbiter_inst/clkgen_ddr3ctrl_instance/inst/clk_in1
    N15                  IBUF (Prop_ibuf_I_O)         0.209     0.209 r  ddr3_arbiter_inst/clkgen_ddr3ctrl_instance/inst/clkin1_ibufg/O
                         net (fo=1, routed)           0.440     0.649    ddr3_arbiter_inst/clkgen_ddr3ctrl_instance/inst/clk_in1_clk_wiz_1
    MMCME2_ADV_X0Y0      MMCME2_ADV (Prop_mmcme2_adv_CLKIN1_CLKOUT0)
                                                     -2.362    -1.714 r  ddr3_arbiter_inst/clkgen_ddr3ctrl_instance/inst/mmcm_adv_inst/CLKOUT0
                         net (fo=1, routed)           0.489    -1.225    ddr3_arbiter_inst/clkgen_ddr3ctrl_instance/inst/clk_out1_ddr_clk_wiz_1
    BUFGCTRL_X0Y2        BUFG (Prop_bufg_I_O)         0.026    -1.199 r  ddr3_arbiter_inst/clkgen_ddr3ctrl_instance/inst/clkout1_buf/O
                         net (fo=23, routed)          0.587    -0.612    ddr3_arbiter_inst/phy_instance/clk_out1_ddr
    OLOGIC_X1Y6          OSERDESE2                                    r  ddr3_arbiter_inst/phy_instance/genblk4[4].oserdes_addr_inst/CLK
  -------------------------------------------------------------------    -------------------
    OLOGIC_X1Y6          OSERDESE2 (Prop_oserdese2_CLK_OQ)
                                                      0.177    -0.435 r  ddr3_arbiter_inst/phy_instance/genblk4[4].oserdes_addr_inst/OQ
                         net (fo=1, routed)           0.001    -0.434    ddr3_addr_OBUF[4]
    T6                   OBUF (Prop_obuf_I_O)         0.488     0.054 r  ddr3_addr_OBUF[4]_inst/O
                         net (fo=0)                   0.000     0.054    ddr3_addr[4]
    T6                                                                r  ddr3_addr[4] (OUT)
  -------------------------------------------------------------------    -------------------

Slack:                    inf
  Source:                 ddr3_arbiter_inst/phy_instance/oserdes_clk_inst/CLK
                            (rising edge-triggered cell OSERDESE2 clocked by clk_out1_ddr_clk_wiz_1  {rise@0.000ns fall@1.250ns period=2.500ns})
  Destination:            ddr3_ck_n[0]
                            (output port)
  Path Group:             (none)
  Path Type:              Min at Fast Process Corner
  Data Path Delay:        0.668ns  (logic 0.666ns (99.701%)  route 0.002ns (0.299%))
  Logic Levels:           2  (INV=1 OBUFDS=1)
  Clock Uncertainty:      0.175ns  ((TSJ^2 + DJ^2)^1/2) / 2 + PE
    Total System Jitter     (TSJ):    0.050ns
    Discrete Jitter          (DJ):    0.111ns
    Phase Error              (PE):    0.114ns

    Location             Delay type                Incr(ns)  Path(ns)    Netlist Resource(s)
  -------------------------------------------------------------------    -------------------
                         (clock clk_out1_ddr_clk_wiz_1 rise edge)
                                                      0.000     0.000 r  
    N15                                               0.000     0.000 r  DDR3_CLK100 (IN)
                         net (fo=0)                   0.000     0.000    ddr3_arbiter_inst/clkgen_ddr3ctrl_instance/inst/clk_in1
    N15                  IBUF (Prop_ibuf_I_O)         0.209     0.209 r  ddr3_arbiter_inst/clkgen_ddr3ctrl_instance/inst/clkin1_ibufg/O
                         net (fo=1, routed)           0.440     0.649    ddr3_arbiter_inst/clkgen_ddr3ctrl_instance/inst/clk_in1_clk_wiz_1
    MMCME2_ADV_X0Y0      MMCME2_ADV (Prop_mmcme2_adv_CLKIN1_CLKOUT0)
                                                     -2.362    -1.714 r  ddr3_arbiter_inst/clkgen_ddr3ctrl_instance/inst/mmcm_adv_inst/CLKOUT0
                         net (fo=1, routed)           0.489    -1.225    ddr3_arbiter_inst/clkgen_ddr3ctrl_instance/inst/clk_out1_ddr_clk_wiz_1
    BUFGCTRL_X0Y2        BUFG (Prop_bufg_I_O)         0.026    -1.199 r  ddr3_arbiter_inst/clkgen_ddr3ctrl_instance/inst/clkout1_buf/O
                         net (fo=23, routed)          0.587    -0.612    ddr3_arbiter_inst/phy_instance/clk_out1_ddr
    OLOGIC_X1Y8          OSERDESE2                                    r  ddr3_arbiter_inst/phy_instance/oserdes_clk_inst/CLK
  -------------------------------------------------------------------    -------------------
    OLOGIC_X1Y8          OSERDESE2 (Prop_oserdese2_CLK_OQ)
                                                      0.177    -0.435 f  ddr3_arbiter_inst/phy_instance/oserdes_clk_inst/OQ
                         net (fo=2, routed)           0.002    -0.433    ddr3_arbiter_inst/phy_instance/obufds_ck_inst/I
    T4                   INV (Prop_inv_I_O)           0.001    -0.432 r  ddr3_arbiter_inst/phy_instance/obufds_ck_inst/INV/O
                         net (fo=1, routed)           0.000    -0.432    ddr3_arbiter_inst/phy_instance/obufds_ck_inst/I_B
    T4                   OBUFDS (Prop_obufds_I_O)     0.488     0.056 r  ddr3_arbiter_inst/phy_instance/obufds_ck_inst/N/O
                         net (fo=0)                   0.000     0.056    ddr3_ck_n[0]
    T4                                                                r  ddr3_ck_n[0] (OUT)
  -------------------------------------------------------------------    -------------------

Slack:                    inf
  Source:                 ddr3_arbiter_inst/phy_instance/genblk4[11].oserdes_addr_inst/CLK
                            (rising edge-triggered cell OSERDESE2 clocked by clk_out1_ddr_clk_wiz_1  {rise@0.000ns fall@1.250ns period=2.500ns})
  Destination:            ddr3_addr[11]
                            (output port)
  Path Group:             (none)
  Path Type:              Min at Fast Process Corner
  Data Path Delay:        0.672ns  (logic 0.671ns (99.851%)  route 0.001ns (0.149%))
  Logic Levels:           1  (OBUF=1)
  Clock Uncertainty:      0.175ns  ((TSJ^2 + DJ^2)^1/2) / 2 + PE
    Total System Jitter     (TSJ):    0.050ns
    Discrete Jitter          (DJ):    0.111ns
    Phase Error              (PE):    0.114ns

    Location             Delay type                Incr(ns)  Path(ns)    Netlist Resource(s)
  -------------------------------------------------------------------    -------------------
                         (clock clk_out1_ddr_clk_wiz_1 rise edge)
                                                      0.000     0.000 r  
    N15                                               0.000     0.000 r  DDR3_CLK100 (IN)
                         net (fo=0)                   0.000     0.000    ddr3_arbiter_inst/clkgen_ddr3ctrl_instance/inst/clk_in1
    N15                  IBUF (Prop_ibuf_I_O)         0.209     0.209 r  ddr3_arbiter_inst/clkgen_ddr3ctrl_instance/inst/clkin1_ibufg/O
                         net (fo=1, routed)           0.440     0.649    ddr3_arbiter_inst/clkgen_ddr3ctrl_instance/inst/clk_in1_clk_wiz_1
    MMCME2_ADV_X0Y0      MMCME2_ADV (Prop_mmcme2_adv_CLKIN1_CLKOUT0)
                                                     -2.362    -1.714 r  ddr3_arbiter_inst/clkgen_ddr3ctrl_instance/inst/mmcm_adv_inst/CLKOUT0
                         net (fo=1, routed)           0.489    -1.225    ddr3_arbiter_inst/clkgen_ddr3ctrl_instance/inst/clk_out1_ddr_clk_wiz_1
    BUFGCTRL_X0Y2        BUFG (Prop_bufg_I_O)         0.026    -1.199 r  ddr3_arbiter_inst/clkgen_ddr3ctrl_instance/inst/clkout1_buf/O
                         net (fo=23, routed)          0.587    -0.612    ddr3_arbiter_inst/phy_instance/clk_out1_ddr
    OLOGIC_X1Y11         OSERDESE2                                    r  ddr3_arbiter_inst/phy_instance/genblk4[11].oserdes_addr_inst/CLK
  -------------------------------------------------------------------    -------------------
    OLOGIC_X1Y11         OSERDESE2 (Prop_oserdese2_CLK_OQ)
                                                      0.177    -0.435 r  ddr3_arbiter_inst/phy_instance/genblk4[11].oserdes_addr_inst/OQ
                         net (fo=1, routed)           0.001    -0.434    ddr3_addr_OBUF[11]
    P5                   OBUF (Prop_obuf_I_O)         0.494     0.060 r  ddr3_addr_OBUF[11]_inst/O
                         net (fo=0)                   0.000     0.060    ddr3_addr[11]
    P5                                                                r  ddr3_addr[11] (OUT)
  -------------------------------------------------------------------    -------------------

Slack:                    inf
  Source:                 ddr3_arbiter_inst/phy_instance/oserdes_clk_inst/CLK
                            (rising edge-triggered cell OSERDESE2 clocked by clk_out1_ddr_clk_wiz_1  {rise@0.000ns fall@1.250ns period=2.500ns})
  Destination:            ddr3_ck_p[0]
                            (output port)
  Path Group:             (none)
  Path Type:              Min at Fast Process Corner
  Data Path Delay:        0.674ns  (logic 0.673ns (99.852%)  route 0.001ns (0.148%))
  Logic Levels:           1  (OBUFDS=1)
  Clock Uncertainty:      0.175ns  ((TSJ^2 + DJ^2)^1/2) / 2 + PE
    Total System Jitter     (TSJ):    0.050ns
    Discrete Jitter          (DJ):    0.111ns
    Phase Error              (PE):    0.114ns

    Location             Delay type                Incr(ns)  Path(ns)    Netlist Resource(s)
  -------------------------------------------------------------------    -------------------
                         (clock clk_out1_ddr_clk_wiz_1 rise edge)
                                                      0.000     0.000 r  
    N15                                               0.000     0.000 r  DDR3_CLK100 (IN)
                         net (fo=0)                   0.000     0.000    ddr3_arbiter_inst/clkgen_ddr3ctrl_instance/inst/clk_in1
    N15                  IBUF (Prop_ibuf_I_O)         0.209     0.209 r  ddr3_arbiter_inst/clkgen_ddr3ctrl_instance/inst/clkin1_ibufg/O
                         net (fo=1, routed)           0.440     0.649    ddr3_arbiter_inst/clkgen_ddr3ctrl_instance/inst/clk_in1_clk_wiz_1
    MMCME2_ADV_X0Y0      MMCME2_ADV (Prop_mmcme2_adv_CLKIN1_CLKOUT0)
                                                     -2.362    -1.714 r  ddr3_arbiter_inst/clkgen_ddr3ctrl_instance/inst/mmcm_adv_inst/CLKOUT0
                         net (fo=1, routed)           0.489    -1.225    ddr3_arbiter_inst/clkgen_ddr3ctrl_instance/inst/clk_out1_ddr_clk_wiz_1
    BUFGCTRL_X0Y2        BUFG (Prop_bufg_I_O)         0.026    -1.199 r  ddr3_arbiter_inst/clkgen_ddr3ctrl_instance/inst/clkout1_buf/O
                         net (fo=23, routed)          0.587    -0.612    ddr3_arbiter_inst/phy_instance/clk_out1_ddr
    OLOGIC_X1Y8          OSERDESE2                                    r  ddr3_arbiter_inst/phy_instance/oserdes_clk_inst/CLK
  -------------------------------------------------------------------    -------------------
    OLOGIC_X1Y8          OSERDESE2 (Prop_oserdese2_CLK_OQ)
                                                      0.177    -0.435 r  ddr3_arbiter_inst/phy_instance/oserdes_clk_inst/OQ
                         net (fo=2, routed)           0.001    -0.434    ddr3_arbiter_inst/phy_instance/obufds_ck_inst/I
    R5                   OBUFDS (Prop_obufds_I_O)     0.496     0.061 r  ddr3_arbiter_inst/phy_instance/obufds_ck_inst/P/O
                         net (fo=0)                   0.000     0.061    ddr3_ck_p[0]
    R5                                                                r  ddr3_ck_p[0] (OUT)
  -------------------------------------------------------------------    -------------------

Slack:                    inf
  Source:                 ddr3_arbiter_inst/phy_instance/genblk3[0].oserdes_cmd_inst/CLK
                            (rising edge-triggered cell OSERDESE2 clocked by clk_out1_ddr_clk_wiz_1  {rise@0.000ns fall@1.250ns period=2.500ns})
  Destination:            ddr3_we_n
                            (output port)
  Path Group:             (none)
  Path Type:              Min at Fast Process Corner
  Data Path Delay:        0.681ns  (logic 0.680ns (99.853%)  route 0.001ns (0.147%))
  Logic Levels:           1  (OBUF=1)
  Clock Uncertainty:      0.175ns  ((TSJ^2 + DJ^2)^1/2) / 2 + PE
    Total System Jitter     (TSJ):    0.050ns
    Discrete Jitter          (DJ):    0.111ns
    Phase Error              (PE):    0.114ns

    Location             Delay type                Incr(ns)  Path(ns)    Netlist Resource(s)
  -------------------------------------------------------------------    -------------------
                         (clock clk_out1_ddr_clk_wiz_1 rise edge)
                                                      0.000     0.000 r  
    N15                                               0.000     0.000 r  DDR3_CLK100 (IN)
                         net (fo=0)                   0.000     0.000    ddr3_arbiter_inst/clkgen_ddr3ctrl_instance/inst/clk_in1
    N15                  IBUF (Prop_ibuf_I_O)         0.209     0.209 r  ddr3_arbiter_inst/clkgen_ddr3ctrl_instance/inst/clkin1_ibufg/O
                         net (fo=1, routed)           0.440     0.649    ddr3_arbiter_inst/clkgen_ddr3ctrl_instance/inst/clk_in1_clk_wiz_1
    MMCME2_ADV_X0Y0      MMCME2_ADV (Prop_mmcme2_adv_CLKIN1_CLKOUT0)
                                                     -2.362    -1.714 r  ddr3_arbiter_inst/clkgen_ddr3ctrl_instance/inst/mmcm_adv_inst/CLKOUT0
                         net (fo=1, routed)           0.489    -1.225    ddr3_arbiter_inst/clkgen_ddr3ctrl_instance/inst/clk_out1_ddr_clk_wiz_1
    BUFGCTRL_X0Y2        BUFG (Prop_bufg_I_O)         0.026    -1.199 r  ddr3_arbiter_inst/clkgen_ddr3ctrl_instance/inst/clkout1_buf/O
                         net (fo=23, routed)          0.580    -0.619    ddr3_arbiter_inst/phy_instance/clk_out1_ddr
    OLOGIC_X1Y23         OSERDESE2                                    r  ddr3_arbiter_inst/phy_instance/genblk3[0].oserdes_cmd_inst/CLK
  -------------------------------------------------------------------    -------------------
    OLOGIC_X1Y23         OSERDESE2 (Prop_oserdese2_CLK_OQ)
                                                      0.177    -0.442 r  ddr3_arbiter_inst/phy_instance/genblk3[0].oserdes_cmd_inst/OQ
                         net (fo=1, routed)           0.001    -0.441    ddr3_we_n_OBUF
    T2                   OBUF (Prop_obuf_I_O)         0.503     0.062 r  ddr3_we_n_OBUF_inst/O
                         net (fo=0)                   0.000     0.062    ddr3_we_n
    T2                                                                r  ddr3_we_n (OUT)
  -------------------------------------------------------------------    -------------------

Slack:                    inf
  Source:                 ddr3_arbiter_inst/phy_instance/genblk5[2].oserdes_ba_inst/CLK
                            (rising edge-triggered cell OSERDESE2 clocked by clk_out1_ddr_clk_wiz_1  {rise@0.000ns fall@1.250ns period=2.500ns})
  Destination:            ddr3_ba[2]
                            (output port)
  Path Group:             (none)
  Path Type:              Min at Fast Process Corner
  Data Path Delay:        0.682ns  (logic 0.681ns (99.853%)  route 0.001ns (0.147%))
  Logic Levels:           1  (OBUF=1)
  Clock Uncertainty:      0.175ns  ((TSJ^2 + DJ^2)^1/2) / 2 + PE
    Total System Jitter     (TSJ):    0.050ns
    Discrete Jitter          (DJ):    0.111ns
    Phase Error              (PE):    0.114ns

    Location             Delay type                Incr(ns)  Path(ns)    Netlist Resource(s)
  -------------------------------------------------------------------    -------------------
                         (clock clk_out1_ddr_clk_wiz_1 rise edge)
                                                      0.000     0.000 r  
    N15                                               0.000     0.000 r  DDR3_CLK100 (IN)
                         net (fo=0)                   0.000     0.000    ddr3_arbiter_inst/clkgen_ddr3ctrl_instance/inst/clk_in1
    N15                  IBUF (Prop_ibuf_I_O)         0.209     0.209 r  ddr3_arbiter_inst/clkgen_ddr3ctrl_instance/inst/clkin1_ibufg/O
                         net (fo=1, routed)           0.440     0.649    ddr3_arbiter_inst/clkgen_ddr3ctrl_instance/inst/clk_in1_clk_wiz_1
    MMCME2_ADV_X0Y0      MMCME2_ADV (Prop_mmcme2_adv_CLKIN1_CLKOUT0)
                                                     -2.362    -1.714 r  ddr3_arbiter_inst/clkgen_ddr3ctrl_instance/inst/mmcm_adv_inst/CLKOUT0
                         net (fo=1, routed)           0.489    -1.225    ddr3_arbiter_inst/clkgen_ddr3ctrl_instance/inst/clk_out1_ddr_clk_wiz_1
    BUFGCTRL_X0Y2        BUFG (Prop_bufg_I_O)         0.026    -1.199 r  ddr3_arbiter_inst/clkgen_ddr3ctrl_instance/inst/clkout1_buf/O
                         net (fo=23, routed)          0.580    -0.619    ddr3_arbiter_inst/phy_instance/clk_out1_ddr
    OLOGIC_X1Y24         OSERDESE2                                    r  ddr3_arbiter_inst/phy_instance/genblk5[2].oserdes_ba_inst/CLK
  -------------------------------------------------------------------    -------------------
    OLOGIC_X1Y24         OSERDESE2 (Prop_oserdese2_CLK_OQ)
                                                      0.177    -0.442 r  ddr3_arbiter_inst/phy_instance/genblk5[2].oserdes_ba_inst/OQ
                         net (fo=1, routed)           0.001    -0.441    ddr3_ba_OBUF[2]
    R3                   OBUF (Prop_obuf_I_O)         0.504     0.062 r  ddr3_ba_OBUF[2]_inst/O
                         net (fo=0)                   0.000     0.062    ddr3_ba[2]
    R3                                                                r  ddr3_ba[2] (OUT)
  -------------------------------------------------------------------    -------------------





--------------------------------------------------------------------------------------
Path Group:  (none)
From Clock:  clk_out2_ddr_90_clk_wiz_1
  To Clock:  

Max Delay            18 Endpoints
Min Delay            18 Endpoints
--------------------------------------------------------------------------------------


Max Delay Paths
--------------------------------------------------------------------------------------
Slack:                    inf
  Source:                 ddr3_arbiter_inst/phy_instance/genblk12[6].oserdes_dq_inst/CLK
                            (rising edge-triggered cell OSERDESE2 clocked by clk_out2_ddr_90_clk_wiz_1  {rise@0.625ns fall@1.875ns period=2.500ns})
  Destination:            ddr3_dq[6]
                            (output port)
  Path Group:             (none)
  Path Type:              Max at Slow Process Corner
  Data Path Delay:        2.916ns  (logic 2.915ns (99.966%)  route 0.001ns (0.034%))
  Logic Levels:           1  (OBUFT=1)
  Clock Uncertainty:      0.175ns  ((TSJ^2 + DJ^2)^1/2) / 2 + PE
    Total System Jitter     (TSJ):    0.050ns
    Discrete Jitter          (DJ):    0.111ns
    Phase Error              (PE):    0.114ns

    Location             Delay type                Incr(ns)  Path(ns)    Netlist Resource(s)
  -------------------------------------------------------------------    -------------------
                         (clock clk_out2_ddr_90_clk_wiz_1 rise edge)
                                                      0.625     0.625 r  
    N15                                               0.000     0.625 r  DDR3_CLK100 (IN)
                         net (fo=0)                   0.000     0.625    ddr3_arbiter_inst/clkgen_ddr3ctrl_instance/inst/clk_in1
    N15                  IBUF (Prop_ibuf_I_O)         1.440     2.065 r  ddr3_arbiter_inst/clkgen_ddr3ctrl_instance/inst/clkin1_ibufg/O
                         net (fo=1, routed)           1.233     3.298    ddr3_arbiter_inst/clkgen_ddr3ctrl_instance/inst/clk_in1_clk_wiz_1
    MMCME2_ADV_X0Y0      MMCME2_ADV (Prop_mmcme2_adv_CLKIN1_CLKOUT2)
                                                     -6.965    -3.666 r  ddr3_arbiter_inst/clkgen_ddr3ctrl_instance/inst/mmcm_adv_inst/CLKOUT2
                         net (fo=1, routed)           1.666    -2.000    ddr3_arbiter_inst/clkgen_ddr3ctrl_instance/inst/clk_out2_ddr_90_clk_wiz_1
    BUFGCTRL_X0Y1        BUFG (Prop_bufg_I_O)         0.096    -1.904 r  ddr3_arbiter_inst/clkgen_ddr3ctrl_instance/inst/clkout3_buf/O
                         net (fo=50, routed)          1.681    -0.223    ddr3_arbiter_inst/phy_instance/clk_out2_ddr_90
    OLOGIC_X1Y47         OSERDESE2                                    r  ddr3_arbiter_inst/phy_instance/genblk12[6].oserdes_dq_inst/CLK
  -------------------------------------------------------------------    -------------------
    OLOGIC_X1Y47         OSERDESE2 (Prop_oserdese2_CLK_TQ)
                                                      0.552     0.329 r  ddr3_arbiter_inst/phy_instance/genblk12[6].oserdes_dq_inst/TQ
                         net (fo=1, routed)           0.001     0.330    ddr3_arbiter_inst/phy_instance/genblk9[6].iobuf_dq_inst/T
    L4                   OBUFT (TriStatD_obuft_T_O)
                                                      2.363     2.693 r  ddr3_arbiter_inst/phy_instance/genblk9[6].iobuf_dq_inst/OBUFT/O
                         net (fo=1, unset)            0.000     2.693    ddr3_dq[6]
    L4                                                                r  ddr3_dq[6] (INOUT)
  -------------------------------------------------------------------    -------------------

Slack:                    inf
  Source:                 ddr3_arbiter_inst/phy_instance/genblk12[0].oserdes_dq_inst/CLK
                            (rising edge-triggered cell OSERDESE2 clocked by clk_out2_ddr_90_clk_wiz_1  {rise@0.625ns fall@1.875ns period=2.500ns})
  Destination:            ddr3_dq[0]
                            (output port)
  Path Group:             (none)
  Path Type:              Max at Slow Process Corner
  Data Path Delay:        2.916ns  (logic 2.915ns (99.966%)  route 0.001ns (0.034%))
  Logic Levels:           1  (OBUFT=1)
  Clock Uncertainty:      0.175ns  ((TSJ^2 + DJ^2)^1/2) / 2 + PE
    Total System Jitter     (TSJ):    0.050ns
    Discrete Jitter          (DJ):    0.111ns
    Phase Error              (PE):    0.114ns

    Location             Delay type                Incr(ns)  Path(ns)    Netlist Resource(s)
  -------------------------------------------------------------------    -------------------
                         (clock clk_out2_ddr_90_clk_wiz_1 rise edge)
                                                      0.625     0.625 r  
    N15                                               0.000     0.625 r  DDR3_CLK100 (IN)
                         net (fo=0)                   0.000     0.625    ddr3_arbiter_inst/clkgen_ddr3ctrl_instance/inst/clk_in1
    N15                  IBUF (Prop_ibuf_I_O)         1.440     2.065 r  ddr3_arbiter_inst/clkgen_ddr3ctrl_instance/inst/clkin1_ibufg/O
                         net (fo=1, routed)           1.233     3.298    ddr3_arbiter_inst/clkgen_ddr3ctrl_instance/inst/clk_in1_clk_wiz_1
    MMCME2_ADV_X0Y0      MMCME2_ADV (Prop_mmcme2_adv_CLKIN1_CLKOUT2)
                                                     -6.965    -3.666 r  ddr3_arbiter_inst/clkgen_ddr3ctrl_instance/inst/mmcm_adv_inst/CLKOUT2
                         net (fo=1, routed)           1.666    -2.000    ddr3_arbiter_inst/clkgen_ddr3ctrl_instance/inst/clk_out2_ddr_90_clk_wiz_1
    BUFGCTRL_X0Y1        BUFG (Prop_bufg_I_O)         0.096    -1.904 r  ddr3_arbiter_inst/clkgen_ddr3ctrl_instance/inst/clkout3_buf/O
                         net (fo=50, routed)          1.680    -0.224    ddr3_arbiter_inst/phy_instance/clk_out2_ddr_90
    OLOGIC_X1Y45         OSERDESE2                                    r  ddr3_arbiter_inst/phy_instance/genblk12[0].oserdes_dq_inst/CLK
  -------------------------------------------------------------------    -------------------
    OLOGIC_X1Y45         OSERDESE2 (Prop_oserdese2_CLK_TQ)
                                                      0.552     0.328 r  ddr3_arbiter_inst/phy_instance/genblk12[0].oserdes_dq_inst/TQ
                         net (fo=1, routed)           0.001     0.329    ddr3_arbiter_inst/phy_instance/genblk9[0].iobuf_dq_inst/T
    K2                   OBUFT (TriStatD_obuft_T_O)
                                                      2.363     2.692 r  ddr3_arbiter_inst/phy_instance/genblk9[0].iobuf_dq_inst/OBUFT/O
                         net (fo=1, unset)            0.000     2.692    ddr3_dq[0]
    K2                                                                r  ddr3_dq[0] (INOUT)
  -------------------------------------------------------------------    -------------------

Slack:                    inf
  Source:                 ddr3_arbiter_inst/phy_instance/genblk12[2].oserdes_dq_inst/CLK
                            (rising edge-triggered cell OSERDESE2 clocked by clk_out2_ddr_90_clk_wiz_1  {rise@0.625ns fall@1.875ns period=2.500ns})
  Destination:            ddr3_dq[2]
                            (output port)
  Path Group:             (none)
  Path Type:              Max at Slow Process Corner
  Data Path Delay:        2.916ns  (logic 2.915ns (99.966%)  route 0.001ns (0.034%))
  Logic Levels:           1  (OBUFT=1)
  Clock Uncertainty:      0.175ns  ((TSJ^2 + DJ^2)^1/2) / 2 + PE
    Total System Jitter     (TSJ):    0.050ns
    Discrete Jitter          (DJ):    0.111ns
    Phase Error              (PE):    0.114ns

    Location             Delay type                Incr(ns)  Path(ns)    Netlist Resource(s)
  -------------------------------------------------------------------    -------------------
                         (clock clk_out2_ddr_90_clk_wiz_1 rise edge)
                                                      0.625     0.625 r  
    N15                                               0.000     0.625 r  DDR3_CLK100 (IN)
                         net (fo=0)                   0.000     0.625    ddr3_arbiter_inst/clkgen_ddr3ctrl_instance/inst/clk_in1
    N15                  IBUF (Prop_ibuf_I_O)         1.440     2.065 r  ddr3_arbiter_inst/clkgen_ddr3ctrl_instance/inst/clkin1_ibufg/O
                         net (fo=1, routed)           1.233     3.298    ddr3_arbiter_inst/clkgen_ddr3ctrl_instance/inst/clk_in1_clk_wiz_1
    MMCME2_ADV_X0Y0      MMCME2_ADV (Prop_mmcme2_adv_CLKIN1_CLKOUT2)
                                                     -6.965    -3.666 r  ddr3_arbiter_inst/clkgen_ddr3ctrl_instance/inst/mmcm_adv_inst/CLKOUT2
                         net (fo=1, routed)           1.666    -2.000    ddr3_arbiter_inst/clkgen_ddr3ctrl_instance/inst/clk_out2_ddr_90_clk_wiz_1
    BUFGCTRL_X0Y1        BUFG (Prop_bufg_I_O)         0.096    -1.904 r  ddr3_arbiter_inst/clkgen_ddr3ctrl_instance/inst/clkout3_buf/O
                         net (fo=50, routed)          1.680    -0.224    ddr3_arbiter_inst/phy_instance/clk_out2_ddr_90
    OLOGIC_X1Y46         OSERDESE2                                    r  ddr3_arbiter_inst/phy_instance/genblk12[2].oserdes_dq_inst/CLK
  -------------------------------------------------------------------    -------------------
    OLOGIC_X1Y46         OSERDESE2 (Prop_oserdese2_CLK_TQ)
                                                      0.552     0.328 r  ddr3_arbiter_inst/phy_instance/genblk12[2].oserdes_dq_inst/TQ
                         net (fo=1, routed)           0.001     0.329    ddr3_arbiter_inst/phy_instance/genblk9[2].iobuf_dq_inst/T
    K3                   OBUFT (TriStatD_obuft_T_O)
                                                      2.363     2.692 r  ddr3_arbiter_inst/phy_instance/genblk9[2].iobuf_dq_inst/OBUFT/O
                         net (fo=1, unset)            0.000     2.692    ddr3_dq[2]
    K3                                                                r  ddr3_dq[2] (INOUT)
  -------------------------------------------------------------------    -------------------

Slack:                    inf
  Source:                 ddr3_arbiter_inst/phy_instance/genblk12[4].oserdes_dq_inst/CLK
                            (rising edge-triggered cell OSERDESE2 clocked by clk_out2_ddr_90_clk_wiz_1  {rise@0.625ns fall@1.875ns period=2.500ns})
  Destination:            ddr3_dq[4]
                            (output port)
  Path Group:             (none)
  Path Type:              Max at Slow Process Corner
  Data Path Delay:        2.916ns  (logic 2.915ns (99.966%)  route 0.001ns (0.034%))
  Logic Levels:           1  (OBUFT=1)
  Clock Uncertainty:      0.175ns  ((TSJ^2 + DJ^2)^1/2) / 2 + PE
    Total System Jitter     (TSJ):    0.050ns
    Discrete Jitter          (DJ):    0.111ns
    Phase Error              (PE):    0.114ns

    Location             Delay type                Incr(ns)  Path(ns)    Netlist Resource(s)
  -------------------------------------------------------------------    -------------------
                         (clock clk_out2_ddr_90_clk_wiz_1 rise edge)
                                                      0.625     0.625 r  
    N15                                               0.000     0.625 r  DDR3_CLK100 (IN)
                         net (fo=0)                   0.000     0.625    ddr3_arbiter_inst/clkgen_ddr3ctrl_instance/inst/clk_in1
    N15                  IBUF (Prop_ibuf_I_O)         1.440     2.065 r  ddr3_arbiter_inst/clkgen_ddr3ctrl_instance/inst/clkin1_ibufg/O
                         net (fo=1, routed)           1.233     3.298    ddr3_arbiter_inst/clkgen_ddr3ctrl_instance/inst/clk_in1_clk_wiz_1
    MMCME2_ADV_X0Y0      MMCME2_ADV (Prop_mmcme2_adv_CLKIN1_CLKOUT2)
                                                     -6.965    -3.666 r  ddr3_arbiter_inst/clkgen_ddr3ctrl_instance/inst/mmcm_adv_inst/CLKOUT2
                         net (fo=1, routed)           1.666    -2.000    ddr3_arbiter_inst/clkgen_ddr3ctrl_instance/inst/clk_out2_ddr_90_clk_wiz_1
    BUFGCTRL_X0Y1        BUFG (Prop_bufg_I_O)         0.096    -1.904 r  ddr3_arbiter_inst/clkgen_ddr3ctrl_instance/inst/clkout3_buf/O
                         net (fo=50, routed)          1.679    -0.225    ddr3_arbiter_inst/phy_instance/clk_out2_ddr_90
    OLOGIC_X1Y41         OSERDESE2                                    r  ddr3_arbiter_inst/phy_instance/genblk12[4].oserdes_dq_inst/CLK
  -------------------------------------------------------------------    -------------------
    OLOGIC_X1Y41         OSERDESE2 (Prop_oserdese2_CLK_TQ)
                                                      0.552     0.327 r  ddr3_arbiter_inst/phy_instance/genblk12[4].oserdes_dq_inst/TQ
                         net (fo=1, routed)           0.001     0.328    ddr3_arbiter_inst/phy_instance/genblk9[4].iobuf_dq_inst/T
    L6                   OBUFT (TriStatD_obuft_T_O)
                                                      2.363     2.691 r  ddr3_arbiter_inst/phy_instance/genblk9[4].iobuf_dq_inst/OBUFT/O
                         net (fo=1, unset)            0.000     2.691    ddr3_dq[4]
    L6                                                                r  ddr3_dq[4] (INOUT)
  -------------------------------------------------------------------    -------------------

Slack:                    inf
  Source:                 ddr3_arbiter_inst/phy_instance/genblk12[7].oserdes_dq_inst/CLK
                            (rising edge-triggered cell OSERDESE2 clocked by clk_out2_ddr_90_clk_wiz_1  {rise@0.625ns fall@1.875ns period=2.500ns})
  Destination:            ddr3_dq[7]
                            (output port)
  Path Group:             (none)
  Path Type:              Max at Slow Process Corner
  Data Path Delay:        2.916ns  (logic 2.915ns (99.966%)  route 0.001ns (0.034%))
  Logic Levels:           1  (OBUFT=1)
  Clock Uncertainty:      0.175ns  ((TSJ^2 + DJ^2)^1/2) / 2 + PE
    Total System Jitter     (TSJ):    0.050ns
    Discrete Jitter          (DJ):    0.111ns
    Phase Error              (PE):    0.114ns

    Location             Delay type                Incr(ns)  Path(ns)    Netlist Resource(s)
  -------------------------------------------------------------------    -------------------
                         (clock clk_out2_ddr_90_clk_wiz_1 rise edge)
                                                      0.625     0.625 r  
    N15                                               0.000     0.625 r  DDR3_CLK100 (IN)
                         net (fo=0)                   0.000     0.625    ddr3_arbiter_inst/clkgen_ddr3ctrl_instance/inst/clk_in1
    N15                  IBUF (Prop_ibuf_I_O)         1.440     2.065 r  ddr3_arbiter_inst/clkgen_ddr3ctrl_instance/inst/clkin1_ibufg/O
                         net (fo=1, routed)           1.233     3.298    ddr3_arbiter_inst/clkgen_ddr3ctrl_instance/inst/clk_in1_clk_wiz_1
    MMCME2_ADV_X0Y0      MMCME2_ADV (Prop_mmcme2_adv_CLKIN1_CLKOUT2)
                                                     -6.965    -3.666 r  ddr3_arbiter_inst/clkgen_ddr3ctrl_instance/inst/mmcm_adv_inst/CLKOUT2
                         net (fo=1, routed)           1.666    -2.000    ddr3_arbiter_inst/clkgen_ddr3ctrl_instance/inst/clk_out2_ddr_90_clk_wiz_1
    BUFGCTRL_X0Y1        BUFG (Prop_bufg_I_O)         0.096    -1.904 r  ddr3_arbiter_inst/clkgen_ddr3ctrl_instance/inst/clkout3_buf/O
                         net (fo=50, routed)          1.679    -0.225    ddr3_arbiter_inst/phy_instance/clk_out2_ddr_90
    OLOGIC_X1Y42         OSERDESE2                                    r  ddr3_arbiter_inst/phy_instance/genblk12[7].oserdes_dq_inst/CLK
  -------------------------------------------------------------------    -------------------
    OLOGIC_X1Y42         OSERDESE2 (Prop_oserdese2_CLK_TQ)
                                                      0.552     0.327 r  ddr3_arbiter_inst/phy_instance/genblk12[7].oserdes_dq_inst/TQ
                         net (fo=1, routed)           0.001     0.328    ddr3_arbiter_inst/phy_instance/genblk9[7].iobuf_dq_inst/T
    K6                   OBUFT (TriStatD_obuft_T_O)
                                                      2.363     2.691 r  ddr3_arbiter_inst/phy_instance/genblk9[7].iobuf_dq_inst/OBUFT/O
                         net (fo=1, unset)            0.000     2.691    ddr3_dq[7]
    K6                                                                r  ddr3_dq[7] (INOUT)
  -------------------------------------------------------------------    -------------------

Slack:                    inf
  Source:                 ddr3_arbiter_inst/phy_instance/genblk12[1].oserdes_dq_inst/CLK
                            (rising edge-triggered cell OSERDESE2 clocked by clk_out2_ddr_90_clk_wiz_1  {rise@0.625ns fall@1.875ns period=2.500ns})
  Destination:            ddr3_dq[1]
                            (output port)
  Path Group:             (none)
  Path Type:              Max at Slow Process Corner
  Data Path Delay:        2.916ns  (logic 2.915ns (99.966%)  route 0.001ns (0.034%))
  Logic Levels:           1  (OBUFT=1)
  Clock Uncertainty:      0.175ns  ((TSJ^2 + DJ^2)^1/2) / 2 + PE
    Total System Jitter     (TSJ):    0.050ns
    Discrete Jitter          (DJ):    0.111ns
    Phase Error              (PE):    0.114ns

    Location             Delay type                Incr(ns)  Path(ns)    Netlist Resource(s)
  -------------------------------------------------------------------    -------------------
                         (clock clk_out2_ddr_90_clk_wiz_1 rise edge)
                                                      0.625     0.625 r  
    N15                                               0.000     0.625 r  DDR3_CLK100 (IN)
                         net (fo=0)                   0.000     0.625    ddr3_arbiter_inst/clkgen_ddr3ctrl_instance/inst/clk_in1
    N15                  IBUF (Prop_ibuf_I_O)         1.440     2.065 r  ddr3_arbiter_inst/clkgen_ddr3ctrl_instance/inst/clkin1_ibufg/O
                         net (fo=1, routed)           1.233     3.298    ddr3_arbiter_inst/clkgen_ddr3ctrl_instance/inst/clk_in1_clk_wiz_1
    MMCME2_ADV_X0Y0      MMCME2_ADV (Prop_mmcme2_adv_CLKIN1_CLKOUT2)
                                                     -6.965    -3.666 r  ddr3_arbiter_inst/clkgen_ddr3ctrl_instance/inst/mmcm_adv_inst/CLKOUT2
                         net (fo=1, routed)           1.666    -2.000    ddr3_arbiter_inst/clkgen_ddr3ctrl_instance/inst/clk_out2_ddr_90_clk_wiz_1
    BUFGCTRL_X0Y1        BUFG (Prop_bufg_I_O)         0.096    -1.904 r  ddr3_arbiter_inst/clkgen_ddr3ctrl_instance/inst/clkout3_buf/O
                         net (fo=50, routed)          1.678    -0.226    ddr3_arbiter_inst/phy_instance/clk_out2_ddr_90
    OLOGIC_X1Y39         OSERDESE2                                    r  ddr3_arbiter_inst/phy_instance/genblk12[1].oserdes_dq_inst/CLK
  -------------------------------------------------------------------    -------------------
    OLOGIC_X1Y39         OSERDESE2 (Prop_oserdese2_CLK_TQ)
                                                      0.552     0.326 r  ddr3_arbiter_inst/phy_instance/genblk12[1].oserdes_dq_inst/TQ
                         net (fo=1, routed)           0.001     0.327    ddr3_arbiter_inst/phy_instance/genblk9[1].iobuf_dq_inst/T
    M4                   OBUFT (TriStatD_obuft_T_O)
                                                      2.363     2.690 r  ddr3_arbiter_inst/phy_instance/genblk9[1].iobuf_dq_inst/OBUFT/O
                         net (fo=1, unset)            0.000     2.690    ddr3_dq[1]
    M4                                                                r  ddr3_dq[1] (INOUT)
  -------------------------------------------------------------------    -------------------

Slack:                    inf
  Source:                 ddr3_arbiter_inst/phy_instance/genblk12[3].oserdes_dq_inst/CLK
                            (rising edge-triggered cell OSERDESE2 clocked by clk_out2_ddr_90_clk_wiz_1  {rise@0.625ns fall@1.875ns period=2.500ns})
  Destination:            ddr3_dq[3]
                            (output port)
  Path Group:             (none)
  Path Type:              Max at Slow Process Corner
  Data Path Delay:        2.916ns  (logic 2.915ns (99.966%)  route 0.001ns (0.034%))
  Logic Levels:           1  (OBUFT=1)
  Clock Uncertainty:      0.175ns  ((TSJ^2 + DJ^2)^1/2) / 2 + PE
    Total System Jitter     (TSJ):    0.050ns
    Discrete Jitter          (DJ):    0.111ns
    Phase Error              (PE):    0.114ns

    Location             Delay type                Incr(ns)  Path(ns)    Netlist Resource(s)
  -------------------------------------------------------------------    -------------------
                         (clock clk_out2_ddr_90_clk_wiz_1 rise edge)
                                                      0.625     0.625 r  
    N15                                               0.000     0.625 r  DDR3_CLK100 (IN)
                         net (fo=0)                   0.000     0.625    ddr3_arbiter_inst/clkgen_ddr3ctrl_instance/inst/clk_in1
    N15                  IBUF (Prop_ibuf_I_O)         1.440     2.065 r  ddr3_arbiter_inst/clkgen_ddr3ctrl_instance/inst/clkin1_ibufg/O
                         net (fo=1, routed)           1.233     3.298    ddr3_arbiter_inst/clkgen_ddr3ctrl_instance/inst/clk_in1_clk_wiz_1
    MMCME2_ADV_X0Y0      MMCME2_ADV (Prop_mmcme2_adv_CLKIN1_CLKOUT2)
                                                     -6.965    -3.666 r  ddr3_arbiter_inst/clkgen_ddr3ctrl_instance/inst/mmcm_adv_inst/CLKOUT2
                         net (fo=1, routed)           1.666    -2.000    ddr3_arbiter_inst/clkgen_ddr3ctrl_instance/inst/clk_out2_ddr_90_clk_wiz_1
    BUFGCTRL_X0Y1        BUFG (Prop_bufg_I_O)         0.096    -1.904 r  ddr3_arbiter_inst/clkgen_ddr3ctrl_instance/inst/clkout3_buf/O
                         net (fo=50, routed)          1.678    -0.226    ddr3_arbiter_inst/phy_instance/clk_out2_ddr_90
    OLOGIC_X1Y40         OSERDESE2                                    r  ddr3_arbiter_inst/phy_instance/genblk12[3].oserdes_dq_inst/CLK
  -------------------------------------------------------------------    -------------------
    OLOGIC_X1Y40         OSERDESE2 (Prop_oserdese2_CLK_TQ)
                                                      0.552     0.326 r  ddr3_arbiter_inst/phy_instance/genblk12[3].oserdes_dq_inst/TQ
                         net (fo=1, routed)           0.001     0.327    ddr3_arbiter_inst/phy_instance/genblk9[3].iobuf_dq_inst/T
    L5                   OBUFT (TriStatD_obuft_T_O)
                                                      2.363     2.690 r  ddr3_arbiter_inst/phy_instance/genblk9[3].iobuf_dq_inst/OBUFT/O
                         net (fo=1, unset)            0.000     2.690    ddr3_dq[3]
    L5                                                                r  ddr3_dq[3] (INOUT)
  -------------------------------------------------------------------    -------------------

Slack:                    inf
  Source:                 ddr3_arbiter_inst/phy_instance/genblk12[5].oserdes_dq_inst/CLK
                            (rising edge-triggered cell OSERDESE2 clocked by clk_out2_ddr_90_clk_wiz_1  {rise@0.625ns fall@1.875ns period=2.500ns})
  Destination:            ddr3_dq[5]
                            (output port)
  Path Group:             (none)
  Path Type:              Max at Slow Process Corner
  Data Path Delay:        2.916ns  (logic 2.915ns (99.966%)  route 0.001ns (0.034%))
  Logic Levels:           1  (OBUFT=1)
  Clock Uncertainty:      0.175ns  ((TSJ^2 + DJ^2)^1/2) / 2 + PE
    Total System Jitter     (TSJ):    0.050ns
    Discrete Jitter          (DJ):    0.111ns
    Phase Error              (PE):    0.114ns

    Location             Delay type                Incr(ns)  Path(ns)    Netlist Resource(s)
  -------------------------------------------------------------------    -------------------
                         (clock clk_out2_ddr_90_clk_wiz_1 rise edge)
                                                      0.625     0.625 r  
    N15                                               0.000     0.625 r  DDR3_CLK100 (IN)
                         net (fo=0)                   0.000     0.625    ddr3_arbiter_inst/clkgen_ddr3ctrl_instance/inst/clk_in1
    N15                  IBUF (Prop_ibuf_I_O)         1.440     2.065 r  ddr3_arbiter_inst/clkgen_ddr3ctrl_instance/inst/clkin1_ibufg/O
                         net (fo=1, routed)           1.233     3.298    ddr3_arbiter_inst/clkgen_ddr3ctrl_instance/inst/clk_in1_clk_wiz_1
    MMCME2_ADV_X0Y0      MMCME2_ADV (Prop_mmcme2_adv_CLKIN1_CLKOUT2)
                                                     -6.965    -3.666 r  ddr3_arbiter_inst/clkgen_ddr3ctrl_instance/inst/mmcm_adv_inst/CLKOUT2
                         net (fo=1, routed)           1.666    -2.000    ddr3_arbiter_inst/clkgen_ddr3ctrl_instance/inst/clk_out2_ddr_90_clk_wiz_1
    BUFGCTRL_X0Y1        BUFG (Prop_bufg_I_O)         0.096    -1.904 r  ddr3_arbiter_inst/clkgen_ddr3ctrl_instance/inst/clkout3_buf/O
                         net (fo=50, routed)          1.678    -0.226    ddr3_arbiter_inst/phy_instance/clk_out2_ddr_90
    OLOGIC_X1Y38         OSERDESE2                                    r  ddr3_arbiter_inst/phy_instance/genblk12[5].oserdes_dq_inst/CLK
  -------------------------------------------------------------------    -------------------
    OLOGIC_X1Y38         OSERDESE2 (Prop_oserdese2_CLK_TQ)
                                                      0.552     0.326 r  ddr3_arbiter_inst/phy_instance/genblk12[5].oserdes_dq_inst/TQ
                         net (fo=1, routed)           0.001     0.327    ddr3_arbiter_inst/phy_instance/genblk9[5].iobuf_dq_inst/T
    M6                   OBUFT (TriStatD_obuft_T_O)
                                                      2.363     2.690 r  ddr3_arbiter_inst/phy_instance/genblk9[5].iobuf_dq_inst/OBUFT/O
                         net (fo=1, unset)            0.000     2.690    ddr3_dq[5]
    M6                                                                r  ddr3_dq[5] (INOUT)
  -------------------------------------------------------------------    -------------------

Slack:                    inf
  Source:                 ddr3_arbiter_inst/phy_instance/genblk12[15].oserdes_dq_inst/CLK
                            (rising edge-triggered cell OSERDESE2 clocked by clk_out2_ddr_90_clk_wiz_1  {rise@0.625ns fall@1.875ns period=2.500ns})
  Destination:            ddr3_dq[15]
                            (output port)
  Path Group:             (none)
  Path Type:              Max at Slow Process Corner
  Data Path Delay:        2.916ns  (logic 2.915ns (99.966%)  route 0.001ns (0.034%))
  Logic Levels:           1  (OBUFT=1)
  Clock Uncertainty:      0.175ns  ((TSJ^2 + DJ^2)^1/2) / 2 + PE
    Total System Jitter     (TSJ):    0.050ns
    Discrete Jitter          (DJ):    0.111ns
    Phase Error              (PE):    0.114ns

    Location             Delay type                Incr(ns)  Path(ns)    Netlist Resource(s)
  -------------------------------------------------------------------    -------------------
                         (clock clk_out2_ddr_90_clk_wiz_1 rise edge)
                                                      0.625     0.625 r  
    N15                                               0.000     0.625 r  DDR3_CLK100 (IN)
                         net (fo=0)                   0.000     0.625    ddr3_arbiter_inst/clkgen_ddr3ctrl_instance/inst/clk_in1
    N15                  IBUF (Prop_ibuf_I_O)         1.440     2.065 r  ddr3_arbiter_inst/clkgen_ddr3ctrl_instance/inst/clkin1_ibufg/O
                         net (fo=1, routed)           1.233     3.298    ddr3_arbiter_inst/clkgen_ddr3ctrl_instance/inst/clk_in1_clk_wiz_1
    MMCME2_ADV_X0Y0      MMCME2_ADV (Prop_mmcme2_adv_CLKIN1_CLKOUT2)
                                                     -6.965    -3.666 r  ddr3_arbiter_inst/clkgen_ddr3ctrl_instance/inst/mmcm_adv_inst/CLKOUT2
                         net (fo=1, routed)           1.666    -2.000    ddr3_arbiter_inst/clkgen_ddr3ctrl_instance/inst/clk_out2_ddr_90_clk_wiz_1
    BUFGCTRL_X0Y1        BUFG (Prop_bufg_I_O)         0.096    -1.904 r  ddr3_arbiter_inst/clkgen_ddr3ctrl_instance/inst/clkout3_buf/O
                         net (fo=50, routed)          1.675    -0.229    ddr3_arbiter_inst/phy_instance/clk_out2_ddr_90
    OLOGIC_X1Y35         OSERDESE2                                    r  ddr3_arbiter_inst/phy_instance/genblk12[15].oserdes_dq_inst/CLK
  -------------------------------------------------------------------    -------------------
    OLOGIC_X1Y35         OSERDESE2 (Prop_oserdese2_CLK_TQ)
                                                      0.552     0.323 r  ddr3_arbiter_inst/phy_instance/genblk12[15].oserdes_dq_inst/TQ
                         net (fo=1, routed)           0.001     0.324    ddr3_arbiter_inst/phy_instance/genblk9[15].iobuf_dq_inst/T
    M2                   OBUFT (TriStatD_obuft_T_O)
                                                      2.363     2.687 r  ddr3_arbiter_inst/phy_instance/genblk9[15].iobuf_dq_inst/OBUFT/O
                         net (fo=1, unset)            0.000     2.687    ddr3_dq[15]
    M2                                                                r  ddr3_dq[15] (INOUT)
  -------------------------------------------------------------------    -------------------

Slack:                    inf
  Source:                 ddr3_arbiter_inst/phy_instance/genblk12[11].oserdes_dq_inst/CLK
                            (rising edge-triggered cell OSERDESE2 clocked by clk_out2_ddr_90_clk_wiz_1  {rise@0.625ns fall@1.875ns period=2.500ns})
  Destination:            ddr3_dq[11]
                            (output port)
  Path Group:             (none)
  Path Type:              Max at Slow Process Corner
  Data Path Delay:        2.916ns  (logic 2.915ns (99.966%)  route 0.001ns (0.034%))
  Logic Levels:           1  (OBUFT=1)
  Clock Uncertainty:      0.175ns  ((TSJ^2 + DJ^2)^1/2) / 2 + PE
    Total System Jitter     (TSJ):    0.050ns
    Discrete Jitter          (DJ):    0.111ns
    Phase Error              (PE):    0.114ns

    Location             Delay type                Incr(ns)  Path(ns)    Netlist Resource(s)
  -------------------------------------------------------------------    -------------------
                         (clock clk_out2_ddr_90_clk_wiz_1 rise edge)
                                                      0.625     0.625 r  
    N15                                               0.000     0.625 r  DDR3_CLK100 (IN)
                         net (fo=0)                   0.000     0.625    ddr3_arbiter_inst/clkgen_ddr3ctrl_instance/inst/clk_in1
    N15                  IBUF (Prop_ibuf_I_O)         1.440     2.065 r  ddr3_arbiter_inst/clkgen_ddr3ctrl_instance/inst/clkin1_ibufg/O
                         net (fo=1, routed)           1.233     3.298    ddr3_arbiter_inst/clkgen_ddr3ctrl_instance/inst/clk_in1_clk_wiz_1
    MMCME2_ADV_X0Y0      MMCME2_ADV (Prop_mmcme2_adv_CLKIN1_CLKOUT2)
                                                     -6.965    -3.666 r  ddr3_arbiter_inst/clkgen_ddr3ctrl_instance/inst/mmcm_adv_inst/CLKOUT2
                         net (fo=1, routed)           1.666    -2.000    ddr3_arbiter_inst/clkgen_ddr3ctrl_instance/inst/clk_out2_ddr_90_clk_wiz_1
    BUFGCTRL_X0Y1        BUFG (Prop_bufg_I_O)         0.096    -1.904 r  ddr3_arbiter_inst/clkgen_ddr3ctrl_instance/inst/clkout3_buf/O
                         net (fo=50, routed)          1.674    -0.230    ddr3_arbiter_inst/phy_instance/clk_out2_ddr_90
    OLOGIC_X1Y33         OSERDESE2                                    r  ddr3_arbiter_inst/phy_instance/genblk12[11].oserdes_dq_inst/CLK
  -------------------------------------------------------------------    -------------------
    OLOGIC_X1Y33         OSERDESE2 (Prop_oserdese2_CLK_TQ)
                                                      0.552     0.322 r  ddr3_arbiter_inst/phy_instance/genblk12[11].oserdes_dq_inst/TQ
                         net (fo=1, routed)           0.001     0.323    ddr3_arbiter_inst/phy_instance/genblk9[11].iobuf_dq_inst/T
    N1                   OBUFT (TriStatD_obuft_T_O)
                                                      2.363     2.686 r  ddr3_arbiter_inst/phy_instance/genblk9[11].iobuf_dq_inst/OBUFT/O
                         net (fo=1, unset)            0.000     2.686    ddr3_dq[11]
    N1                                                                r  ddr3_dq[11] (INOUT)
  -------------------------------------------------------------------    -------------------





Min Delay Paths
--------------------------------------------------------------------------------------
Slack:                    inf
  Source:                 ddr3_arbiter_inst/phy_instance/genblk12[3].oserdes_dq_inst/CLK
                            (rising edge-triggered cell OSERDESE2 clocked by clk_out2_ddr_90_clk_wiz_1  {rise@0.625ns fall@1.875ns period=2.500ns})
  Destination:            ddr3_dq[3]
                            (output port)
  Path Group:             (none)
  Path Type:              Min at Fast Process Corner
  Data Path Delay:        0.351ns  (logic 0.350ns (99.715%)  route 0.001ns (0.285%))
  Logic Levels:           1  (OBUFT=1)
  Clock Uncertainty:      0.175ns  ((TSJ^2 + DJ^2)^1/2) / 2 + PE
    Total System Jitter     (TSJ):    0.050ns
    Discrete Jitter          (DJ):    0.111ns
    Phase Error              (PE):    0.114ns

    Location             Delay type                Incr(ns)  Path(ns)    Netlist Resource(s)
  -------------------------------------------------------------------    -------------------
                         (clock clk_out2_ddr_90_clk_wiz_1 rise edge)
                                                      0.625     0.625 r  
    N15                                               0.000     0.625 r  DDR3_CLK100 (IN)
                         net (fo=0)                   0.000     0.625    ddr3_arbiter_inst/clkgen_ddr3ctrl_instance/inst/clk_in1
    N15                  IBUF (Prop_ibuf_I_O)         0.209     0.834 r  ddr3_arbiter_inst/clkgen_ddr3ctrl_instance/inst/clkin1_ibufg/O
                         net (fo=1, routed)           0.440     1.274    ddr3_arbiter_inst/clkgen_ddr3ctrl_instance/inst/clk_in1_clk_wiz_1
    MMCME2_ADV_X0Y0      MMCME2_ADV (Prop_mmcme2_adv_CLKIN1_CLKOUT2)
                                                     -2.362    -1.089 r  ddr3_arbiter_inst/clkgen_ddr3ctrl_instance/inst/mmcm_adv_inst/CLKOUT2
                         net (fo=1, routed)           0.489    -0.600    ddr3_arbiter_inst/clkgen_ddr3ctrl_instance/inst/clk_out2_ddr_90_clk_wiz_1
    BUFGCTRL_X0Y1        BUFG (Prop_bufg_I_O)         0.026    -0.574 r  ddr3_arbiter_inst/clkgen_ddr3ctrl_instance/inst/clkout3_buf/O
                         net (fo=50, routed)          0.587     0.013    ddr3_arbiter_inst/phy_instance/clk_out2_ddr_90
    OLOGIC_X1Y40         OSERDESE2                                    r  ddr3_arbiter_inst/phy_instance/genblk12[3].oserdes_dq_inst/CLK
  -------------------------------------------------------------------    -------------------
    OLOGIC_X1Y40         OSERDESE2 (Prop_oserdese2_CLK_TQ)
                                                      0.192     0.205 f  ddr3_arbiter_inst/phy_instance/genblk12[3].oserdes_dq_inst/TQ
                         net (fo=1, routed)           0.001     0.206    ddr3_arbiter_inst/phy_instance/genblk9[3].iobuf_dq_inst/T
    L5                   OBUFT (TriStatE_obuft_T_O)
                                                      0.158     0.363 r  ddr3_arbiter_inst/phy_instance/genblk9[3].iobuf_dq_inst/OBUFT/O
                         net (fo=1, unset)            0.000     0.363    ddr3_dq[3]
    L5                                                                r  ddr3_dq[3] (INOUT)
  -------------------------------------------------------------------    -------------------

Slack:                    inf
  Source:                 ddr3_arbiter_inst/phy_instance/genblk12[1].oserdes_dq_inst/CLK
                            (rising edge-triggered cell OSERDESE2 clocked by clk_out2_ddr_90_clk_wiz_1  {rise@0.625ns fall@1.875ns period=2.500ns})
  Destination:            ddr3_dq[1]
                            (output port)
  Path Group:             (none)
  Path Type:              Min at Fast Process Corner
  Data Path Delay:        0.351ns  (logic 0.350ns (99.715%)  route 0.001ns (0.285%))
  Logic Levels:           1  (OBUFT=1)
  Clock Uncertainty:      0.175ns  ((TSJ^2 + DJ^2)^1/2) / 2 + PE
    Total System Jitter     (TSJ):    0.050ns
    Discrete Jitter          (DJ):    0.111ns
    Phase Error              (PE):    0.114ns

    Location             Delay type                Incr(ns)  Path(ns)    Netlist Resource(s)
  -------------------------------------------------------------------    -------------------
                         (clock clk_out2_ddr_90_clk_wiz_1 rise edge)
                                                      0.625     0.625 r  
    N15                                               0.000     0.625 r  DDR3_CLK100 (IN)
                         net (fo=0)                   0.000     0.625    ddr3_arbiter_inst/clkgen_ddr3ctrl_instance/inst/clk_in1
    N15                  IBUF (Prop_ibuf_I_O)         0.209     0.834 r  ddr3_arbiter_inst/clkgen_ddr3ctrl_instance/inst/clkin1_ibufg/O
                         net (fo=1, routed)           0.440     1.274    ddr3_arbiter_inst/clkgen_ddr3ctrl_instance/inst/clk_in1_clk_wiz_1
    MMCME2_ADV_X0Y0      MMCME2_ADV (Prop_mmcme2_adv_CLKIN1_CLKOUT2)
                                                     -2.362    -1.089 r  ddr3_arbiter_inst/clkgen_ddr3ctrl_instance/inst/mmcm_adv_inst/CLKOUT2
                         net (fo=1, routed)           0.489    -0.600    ddr3_arbiter_inst/clkgen_ddr3ctrl_instance/inst/clk_out2_ddr_90_clk_wiz_1
    BUFGCTRL_X0Y1        BUFG (Prop_bufg_I_O)         0.026    -0.574 r  ddr3_arbiter_inst/clkgen_ddr3ctrl_instance/inst/clkout3_buf/O
                         net (fo=50, routed)          0.587     0.013    ddr3_arbiter_inst/phy_instance/clk_out2_ddr_90
    OLOGIC_X1Y39         OSERDESE2                                    r  ddr3_arbiter_inst/phy_instance/genblk12[1].oserdes_dq_inst/CLK
  -------------------------------------------------------------------    -------------------
    OLOGIC_X1Y39         OSERDESE2 (Prop_oserdese2_CLK_TQ)
                                                      0.192     0.205 f  ddr3_arbiter_inst/phy_instance/genblk12[1].oserdes_dq_inst/TQ
                         net (fo=1, routed)           0.001     0.206    ddr3_arbiter_inst/phy_instance/genblk9[1].iobuf_dq_inst/T
    M4                   OBUFT (TriStatE_obuft_T_O)
                                                      0.158     0.363 r  ddr3_arbiter_inst/phy_instance/genblk9[1].iobuf_dq_inst/OBUFT/O
                         net (fo=1, unset)            0.000     0.363    ddr3_dq[1]
    M4                                                                r  ddr3_dq[1] (INOUT)
  -------------------------------------------------------------------    -------------------

Slack:                    inf
  Source:                 ddr3_arbiter_inst/phy_instance/genblk12[12].oserdes_dq_inst/CLK
                            (rising edge-triggered cell OSERDESE2 clocked by clk_out2_ddr_90_clk_wiz_1  {rise@0.625ns fall@1.875ns period=2.500ns})
  Destination:            ddr3_dq[12]
                            (output port)
  Path Group:             (none)
  Path Type:              Min at Fast Process Corner
  Data Path Delay:        0.369ns  (logic 0.368ns (99.729%)  route 0.001ns (0.271%))
  Logic Levels:           1  (OBUFT=1)
  Clock Uncertainty:      0.175ns  ((TSJ^2 + DJ^2)^1/2) / 2 + PE
    Total System Jitter     (TSJ):    0.050ns
    Discrete Jitter          (DJ):    0.111ns
    Phase Error              (PE):    0.114ns

    Location             Delay type                Incr(ns)  Path(ns)    Netlist Resource(s)
  -------------------------------------------------------------------    -------------------
                         (clock clk_out2_ddr_90_clk_wiz_1 rise edge)
                                                      0.625     0.625 r  
    N15                                               0.000     0.625 r  DDR3_CLK100 (IN)
                         net (fo=0)                   0.000     0.625    ddr3_arbiter_inst/clkgen_ddr3ctrl_instance/inst/clk_in1
    N15                  IBUF (Prop_ibuf_I_O)         0.209     0.834 r  ddr3_arbiter_inst/clkgen_ddr3ctrl_instance/inst/clkin1_ibufg/O
                         net (fo=1, routed)           0.440     1.274    ddr3_arbiter_inst/clkgen_ddr3ctrl_instance/inst/clk_in1_clk_wiz_1
    MMCME2_ADV_X0Y0      MMCME2_ADV (Prop_mmcme2_adv_CLKIN1_CLKOUT2)
                                                     -2.362    -1.089 r  ddr3_arbiter_inst/clkgen_ddr3ctrl_instance/inst/mmcm_adv_inst/CLKOUT2
                         net (fo=1, routed)           0.489    -0.600    ddr3_arbiter_inst/clkgen_ddr3ctrl_instance/inst/clk_out2_ddr_90_clk_wiz_1
    BUFGCTRL_X0Y1        BUFG (Prop_bufg_I_O)         0.026    -0.574 r  ddr3_arbiter_inst/clkgen_ddr3ctrl_instance/inst/clkout3_buf/O
                         net (fo=50, routed)          0.580     0.006    ddr3_arbiter_inst/phy_instance/clk_out2_ddr_90
    OLOGIC_X1Y26         OSERDESE2                                    r  ddr3_arbiter_inst/phy_instance/genblk12[12].oserdes_dq_inst/CLK
  -------------------------------------------------------------------    -------------------
    OLOGIC_X1Y26         OSERDESE2 (Prop_oserdese2_CLK_TQ)
                                                      0.192     0.198 f  ddr3_arbiter_inst/phy_instance/genblk12[12].oserdes_dq_inst/TQ
                         net (fo=1, routed)           0.001     0.199    ddr3_arbiter_inst/phy_instance/genblk9[12].iobuf_dq_inst/T
    R2                   OBUFT (TriStatE_obuft_T_O)
                                                      0.176     0.375 r  ddr3_arbiter_inst/phy_instance/genblk9[12].iobuf_dq_inst/OBUFT/O
                         net (fo=1, unset)            0.000     0.375    ddr3_dq[12]
    R2                                                                r  ddr3_dq[12] (INOUT)
  -------------------------------------------------------------------    -------------------

Slack:                    inf
  Source:                 ddr3_arbiter_inst/phy_instance/genblk12[13].oserdes_dq_inst/CLK
                            (rising edge-triggered cell OSERDESE2 clocked by clk_out2_ddr_90_clk_wiz_1  {rise@0.625ns fall@1.875ns period=2.500ns})
  Destination:            ddr3_dq[13]
                            (output port)
  Path Group:             (none)
  Path Type:              Min at Fast Process Corner
  Data Path Delay:        0.367ns  (logic 0.366ns (99.728%)  route 0.001ns (0.272%))
  Logic Levels:           1  (OBUFT=1)
  Clock Uncertainty:      0.175ns  ((TSJ^2 + DJ^2)^1/2) / 2 + PE
    Total System Jitter     (TSJ):    0.050ns
    Discrete Jitter          (DJ):    0.111ns
    Phase Error              (PE):    0.114ns

    Location             Delay type                Incr(ns)  Path(ns)    Netlist Resource(s)
  -------------------------------------------------------------------    -------------------
                         (clock clk_out2_ddr_90_clk_wiz_1 rise edge)
                                                      0.625     0.625 r  
    N15                                               0.000     0.625 r  DDR3_CLK100 (IN)
                         net (fo=0)                   0.000     0.625    ddr3_arbiter_inst/clkgen_ddr3ctrl_instance/inst/clk_in1
    N15                  IBUF (Prop_ibuf_I_O)         0.209     0.834 r  ddr3_arbiter_inst/clkgen_ddr3ctrl_instance/inst/clkin1_ibufg/O
                         net (fo=1, routed)           0.440     1.274    ddr3_arbiter_inst/clkgen_ddr3ctrl_instance/inst/clk_in1_clk_wiz_1
    MMCME2_ADV_X0Y0      MMCME2_ADV (Prop_mmcme2_adv_CLKIN1_CLKOUT2)
                                                     -2.362    -1.089 r  ddr3_arbiter_inst/clkgen_ddr3ctrl_instance/inst/mmcm_adv_inst/CLKOUT2
                         net (fo=1, routed)           0.489    -0.600    ddr3_arbiter_inst/clkgen_ddr3ctrl_instance/inst/clk_out2_ddr_90_clk_wiz_1
    BUFGCTRL_X0Y1        BUFG (Prop_bufg_I_O)         0.026    -0.574 r  ddr3_arbiter_inst/clkgen_ddr3ctrl_instance/inst/clkout3_buf/O
                         net (fo=50, routed)          0.582     0.008    ddr3_arbiter_inst/phy_instance/clk_out2_ddr_90
    OLOGIC_X1Y29         OSERDESE2                                    r  ddr3_arbiter_inst/phy_instance/genblk12[13].oserdes_dq_inst/CLK
  -------------------------------------------------------------------    -------------------
    OLOGIC_X1Y29         OSERDESE2 (Prop_oserdese2_CLK_TQ)
                                                      0.192     0.200 f  ddr3_arbiter_inst/phy_instance/genblk12[13].oserdes_dq_inst/TQ
                         net (fo=1, routed)           0.001     0.201    ddr3_arbiter_inst/phy_instance/genblk9[13].iobuf_dq_inst/T
    N4                   OBUFT (TriStatE_obuft_T_O)
                                                      0.174     0.375 r  ddr3_arbiter_inst/phy_instance/genblk9[13].iobuf_dq_inst/OBUFT/O
                         net (fo=1, unset)            0.000     0.375    ddr3_dq[13]
    N4                                                                r  ddr3_dq[13] (INOUT)
  -------------------------------------------------------------------    -------------------

Slack:                    inf
  Source:                 ddr3_arbiter_inst/phy_instance/genblk12[8].oserdes_dq_inst/CLK
                            (rising edge-triggered cell OSERDESE2 clocked by clk_out2_ddr_90_clk_wiz_1  {rise@0.625ns fall@1.875ns period=2.500ns})
  Destination:            ddr3_dq[8]
                            (output port)
  Path Group:             (none)
  Path Type:              Min at Fast Process Corner
  Data Path Delay:        0.370ns  (logic 0.369ns (99.730%)  route 0.001ns (0.270%))
  Logic Levels:           1  (OBUFT=1)
  Clock Uncertainty:      0.175ns  ((TSJ^2 + DJ^2)^1/2) / 2 + PE
    Total System Jitter     (TSJ):    0.050ns
    Discrete Jitter          (DJ):    0.111ns
    Phase Error              (PE):    0.114ns

    Location             Delay type                Incr(ns)  Path(ns)    Netlist Resource(s)
  -------------------------------------------------------------------    -------------------
                         (clock clk_out2_ddr_90_clk_wiz_1 rise edge)
                                                      0.625     0.625 r  
    N15                                               0.000     0.625 r  DDR3_CLK100 (IN)
                         net (fo=0)                   0.000     0.625    ddr3_arbiter_inst/clkgen_ddr3ctrl_instance/inst/clk_in1
    N15                  IBUF (Prop_ibuf_I_O)         0.209     0.834 r  ddr3_arbiter_inst/clkgen_ddr3ctrl_instance/inst/clkin1_ibufg/O
                         net (fo=1, routed)           0.440     1.274    ddr3_arbiter_inst/clkgen_ddr3ctrl_instance/inst/clk_in1_clk_wiz_1
    MMCME2_ADV_X0Y0      MMCME2_ADV (Prop_mmcme2_adv_CLKIN1_CLKOUT2)
                                                     -2.362    -1.089 r  ddr3_arbiter_inst/clkgen_ddr3ctrl_instance/inst/mmcm_adv_inst/CLKOUT2
                         net (fo=1, routed)           0.489    -0.600    ddr3_arbiter_inst/clkgen_ddr3ctrl_instance/inst/clk_out2_ddr_90_clk_wiz_1
    BUFGCTRL_X0Y1        BUFG (Prop_bufg_I_O)         0.026    -0.574 r  ddr3_arbiter_inst/clkgen_ddr3ctrl_instance/inst/clkout3_buf/O
                         net (fo=50, routed)          0.582     0.008    ddr3_arbiter_inst/phy_instance/clk_out2_ddr_90
    OLOGIC_X1Y30         OSERDESE2                                    r  ddr3_arbiter_inst/phy_instance/genblk12[8].oserdes_dq_inst/CLK
  -------------------------------------------------------------------    -------------------
    OLOGIC_X1Y30         OSERDESE2 (Prop_oserdese2_CLK_TQ)
                                                      0.192     0.200 f  ddr3_arbiter_inst/phy_instance/genblk12[8].oserdes_dq_inst/TQ
                         net (fo=1, routed)           0.001     0.201    ddr3_arbiter_inst/phy_instance/genblk9[8].iobuf_dq_inst/T
    N5                   OBUFT (TriStatE_obuft_T_O)
                                                      0.177     0.378 r  ddr3_arbiter_inst/phy_instance/genblk9[8].iobuf_dq_inst/OBUFT/O
                         net (fo=1, unset)            0.000     0.378    ddr3_dq[8]
    N5                                                                r  ddr3_dq[8] (INOUT)
  -------------------------------------------------------------------    -------------------

Slack:                    inf
  Source:                 ddr3_arbiter_inst/phy_instance/genblk12[5].oserdes_dq_inst/CLK
                            (rising edge-triggered cell OSERDESE2 clocked by clk_out2_ddr_90_clk_wiz_1  {rise@0.625ns fall@1.875ns period=2.500ns})
  Destination:            ddr3_dq[5]
                            (output port)
  Path Group:             (none)
  Path Type:              Min at Fast Process Corner
  Data Path Delay:        0.367ns  (logic 0.366ns (99.728%)  route 0.001ns (0.272%))
  Logic Levels:           1  (OBUFT=1)
  Clock Uncertainty:      0.175ns  ((TSJ^2 + DJ^2)^1/2) / 2 + PE
    Total System Jitter     (TSJ):    0.050ns
    Discrete Jitter          (DJ):    0.111ns
    Phase Error              (PE):    0.114ns

    Location             Delay type                Incr(ns)  Path(ns)    Netlist Resource(s)
  -------------------------------------------------------------------    -------------------
                         (clock clk_out2_ddr_90_clk_wiz_1 rise edge)
                                                      0.625     0.625 r  
    N15                                               0.000     0.625 r  DDR3_CLK100 (IN)
                         net (fo=0)                   0.000     0.625    ddr3_arbiter_inst/clkgen_ddr3ctrl_instance/inst/clk_in1
    N15                  IBUF (Prop_ibuf_I_O)         0.209     0.834 r  ddr3_arbiter_inst/clkgen_ddr3ctrl_instance/inst/clkin1_ibufg/O
                         net (fo=1, routed)           0.440     1.274    ddr3_arbiter_inst/clkgen_ddr3ctrl_instance/inst/clk_in1_clk_wiz_1
    MMCME2_ADV_X0Y0      MMCME2_ADV (Prop_mmcme2_adv_CLKIN1_CLKOUT2)
                                                     -2.362    -1.089 r  ddr3_arbiter_inst/clkgen_ddr3ctrl_instance/inst/mmcm_adv_inst/CLKOUT2
                         net (fo=1, routed)           0.489    -0.600    ddr3_arbiter_inst/clkgen_ddr3ctrl_instance/inst/clk_out2_ddr_90_clk_wiz_1
    BUFGCTRL_X0Y1        BUFG (Prop_bufg_I_O)         0.026    -0.574 r  ddr3_arbiter_inst/clkgen_ddr3ctrl_instance/inst/clkout3_buf/O
                         net (fo=50, routed)          0.587     0.013    ddr3_arbiter_inst/phy_instance/clk_out2_ddr_90
    OLOGIC_X1Y38         OSERDESE2                                    r  ddr3_arbiter_inst/phy_instance/genblk12[5].oserdes_dq_inst/CLK
  -------------------------------------------------------------------    -------------------
    OLOGIC_X1Y38         OSERDESE2 (Prop_oserdese2_CLK_TQ)
                                                      0.192     0.205 f  ddr3_arbiter_inst/phy_instance/genblk12[5].oserdes_dq_inst/TQ
                         net (fo=1, routed)           0.001     0.206    ddr3_arbiter_inst/phy_instance/genblk9[5].iobuf_dq_inst/T
    M6                   OBUFT (TriStatE_obuft_T_O)
                                                      0.174     0.380 r  ddr3_arbiter_inst/phy_instance/genblk9[5].iobuf_dq_inst/OBUFT/O
                         net (fo=1, unset)            0.000     0.380    ddr3_dq[5]
    M6                                                                r  ddr3_dq[5] (INOUT)
  -------------------------------------------------------------------    -------------------

Slack:                    inf
  Source:                 ddr3_arbiter_inst/phy_instance/genblk12[9].oserdes_dq_inst/CLK
                            (rising edge-triggered cell OSERDESE2 clocked by clk_out2_ddr_90_clk_wiz_1  {rise@0.625ns fall@1.875ns period=2.500ns})
  Destination:            ddr3_dq[9]
                            (output port)
  Path Group:             (none)
  Path Type:              Min at Fast Process Corner
  Data Path Delay:        0.372ns  (logic 0.371ns (99.731%)  route 0.001ns (0.269%))
  Logic Levels:           1  (OBUFT=1)
  Clock Uncertainty:      0.175ns  ((TSJ^2 + DJ^2)^1/2) / 2 + PE
    Total System Jitter     (TSJ):    0.050ns
    Discrete Jitter          (DJ):    0.111ns
    Phase Error              (PE):    0.114ns

    Location             Delay type                Incr(ns)  Path(ns)    Netlist Resource(s)
  -------------------------------------------------------------------    -------------------
                         (clock clk_out2_ddr_90_clk_wiz_1 rise edge)
                                                      0.625     0.625 r  
    N15                                               0.000     0.625 r  DDR3_CLK100 (IN)
                         net (fo=0)                   0.000     0.625    ddr3_arbiter_inst/clkgen_ddr3ctrl_instance/inst/clk_in1
    N15                  IBUF (Prop_ibuf_I_O)         0.209     0.834 r  ddr3_arbiter_inst/clkgen_ddr3ctrl_instance/inst/clkin1_ibufg/O
                         net (fo=1, routed)           0.440     1.274    ddr3_arbiter_inst/clkgen_ddr3ctrl_instance/inst/clk_in1_clk_wiz_1
    MMCME2_ADV_X0Y0      MMCME2_ADV (Prop_mmcme2_adv_CLKIN1_CLKOUT2)
                                                     -2.362    -1.089 r  ddr3_arbiter_inst/clkgen_ddr3ctrl_instance/inst/mmcm_adv_inst/CLKOUT2
                         net (fo=1, routed)           0.489    -0.600    ddr3_arbiter_inst/clkgen_ddr3ctrl_instance/inst/clk_out2_ddr_90_clk_wiz_1
    BUFGCTRL_X0Y1        BUFG (Prop_bufg_I_O)         0.026    -0.574 r  ddr3_arbiter_inst/clkgen_ddr3ctrl_instance/inst/clkout3_buf/O
                         net (fo=50, routed)          0.585     0.011    ddr3_arbiter_inst/phy_instance/clk_out2_ddr_90
    OLOGIC_X1Y34         OSERDESE2                                    r  ddr3_arbiter_inst/phy_instance/genblk12[9].oserdes_dq_inst/CLK
  -------------------------------------------------------------------    -------------------
    OLOGIC_X1Y34         OSERDESE2 (Prop_oserdese2_CLK_TQ)
                                                      0.192     0.203 f  ddr3_arbiter_inst/phy_instance/genblk12[9].oserdes_dq_inst/TQ
                         net (fo=1, routed)           0.001     0.204    ddr3_arbiter_inst/phy_instance/genblk9[9].iobuf_dq_inst/T
    M1                   OBUFT (TriStatE_obuft_T_O)
                                                      0.179     0.383 r  ddr3_arbiter_inst/phy_instance/genblk9[9].iobuf_dq_inst/OBUFT/O
                         net (fo=1, unset)            0.000     0.383    ddr3_dq[9]
    M1                                                                r  ddr3_dq[9] (INOUT)
  -------------------------------------------------------------------    -------------------

Slack:                    inf
  Source:                 ddr3_arbiter_inst/phy_instance/genblk12[11].oserdes_dq_inst/CLK
                            (rising edge-triggered cell OSERDESE2 clocked by clk_out2_ddr_90_clk_wiz_1  {rise@0.625ns fall@1.875ns period=2.500ns})
  Destination:            ddr3_dq[11]
                            (output port)
  Path Group:             (none)
  Path Type:              Min at Fast Process Corner
  Data Path Delay:        0.373ns  (logic 0.372ns (99.732%)  route 0.001ns (0.268%))
  Logic Levels:           1  (OBUFT=1)
  Clock Uncertainty:      0.175ns  ((TSJ^2 + DJ^2)^1/2) / 2 + PE
    Total System Jitter     (TSJ):    0.050ns
    Discrete Jitter          (DJ):    0.111ns
    Phase Error              (PE):    0.114ns

    Location             Delay type                Incr(ns)  Path(ns)    Netlist Resource(s)
  -------------------------------------------------------------------    -------------------
                         (clock clk_out2_ddr_90_clk_wiz_1 rise edge)
                                                      0.625     0.625 r  
    N15                                               0.000     0.625 r  DDR3_CLK100 (IN)
                         net (fo=0)                   0.000     0.625    ddr3_arbiter_inst/clkgen_ddr3ctrl_instance/inst/clk_in1
    N15                  IBUF (Prop_ibuf_I_O)         0.209     0.834 r  ddr3_arbiter_inst/clkgen_ddr3ctrl_instance/inst/clkin1_ibufg/O
                         net (fo=1, routed)           0.440     1.274    ddr3_arbiter_inst/clkgen_ddr3ctrl_instance/inst/clk_in1_clk_wiz_1
    MMCME2_ADV_X0Y0      MMCME2_ADV (Prop_mmcme2_adv_CLKIN1_CLKOUT2)
                                                     -2.362    -1.089 r  ddr3_arbiter_inst/clkgen_ddr3ctrl_instance/inst/mmcm_adv_inst/CLKOUT2
                         net (fo=1, routed)           0.489    -0.600    ddr3_arbiter_inst/clkgen_ddr3ctrl_instance/inst/clk_out2_ddr_90_clk_wiz_1
    BUFGCTRL_X0Y1        BUFG (Prop_bufg_I_O)         0.026    -0.574 r  ddr3_arbiter_inst/clkgen_ddr3ctrl_instance/inst/clkout3_buf/O
                         net (fo=50, routed)          0.585     0.011    ddr3_arbiter_inst/phy_instance/clk_out2_ddr_90
    OLOGIC_X1Y33         OSERDESE2                                    r  ddr3_arbiter_inst/phy_instance/genblk12[11].oserdes_dq_inst/CLK
  -------------------------------------------------------------------    -------------------
    OLOGIC_X1Y33         OSERDESE2 (Prop_oserdese2_CLK_TQ)
                                                      0.192     0.203 f  ddr3_arbiter_inst/phy_instance/genblk12[11].oserdes_dq_inst/TQ
                         net (fo=1, routed)           0.001     0.204    ddr3_arbiter_inst/phy_instance/genblk9[11].iobuf_dq_inst/T
    N1                   OBUFT (TriStatE_obuft_T_O)
                                                      0.180     0.384 r  ddr3_arbiter_inst/phy_instance/genblk9[11].iobuf_dq_inst/OBUFT/O
                         net (fo=1, unset)            0.000     0.384    ddr3_dq[11]
    N1                                                                r  ddr3_dq[11] (INOUT)
  -------------------------------------------------------------------    -------------------

Slack:                    inf
  Source:                 ddr3_arbiter_inst/phy_instance/genblk12[6].oserdes_dq_inst/CLK
                            (rising edge-triggered cell OSERDESE2 clocked by clk_out2_ddr_90_clk_wiz_1  {rise@0.625ns fall@1.875ns period=2.500ns})
  Destination:            ddr3_dq[6]
                            (output port)
  Path Group:             (none)
  Path Type:              Min at Fast Process Corner
  Data Path Delay:        0.370ns  (logic 0.369ns (99.730%)  route 0.001ns (0.270%))
  Logic Levels:           1  (OBUFT=1)
  Clock Uncertainty:      0.175ns  ((TSJ^2 + DJ^2)^1/2) / 2 + PE
    Total System Jitter     (TSJ):    0.050ns
    Discrete Jitter          (DJ):    0.111ns
    Phase Error              (PE):    0.114ns

    Location             Delay type                Incr(ns)  Path(ns)    Netlist Resource(s)
  -------------------------------------------------------------------    -------------------
                         (clock clk_out2_ddr_90_clk_wiz_1 rise edge)
                                                      0.625     0.625 r  
    N15                                               0.000     0.625 r  DDR3_CLK100 (IN)
                         net (fo=0)                   0.000     0.625    ddr3_arbiter_inst/clkgen_ddr3ctrl_instance/inst/clk_in1
    N15                  IBUF (Prop_ibuf_I_O)         0.209     0.834 r  ddr3_arbiter_inst/clkgen_ddr3ctrl_instance/inst/clkin1_ibufg/O
                         net (fo=1, routed)           0.440     1.274    ddr3_arbiter_inst/clkgen_ddr3ctrl_instance/inst/clk_in1_clk_wiz_1
    MMCME2_ADV_X0Y0      MMCME2_ADV (Prop_mmcme2_adv_CLKIN1_CLKOUT2)
                                                     -2.362    -1.089 r  ddr3_arbiter_inst/clkgen_ddr3ctrl_instance/inst/mmcm_adv_inst/CLKOUT2
                         net (fo=1, routed)           0.489    -0.600    ddr3_arbiter_inst/clkgen_ddr3ctrl_instance/inst/clk_out2_ddr_90_clk_wiz_1
    BUFGCTRL_X0Y1        BUFG (Prop_bufg_I_O)         0.026    -0.574 r  ddr3_arbiter_inst/clkgen_ddr3ctrl_instance/inst/clkout3_buf/O
                         net (fo=50, routed)          0.589     0.015    ddr3_arbiter_inst/phy_instance/clk_out2_ddr_90
    OLOGIC_X1Y47         OSERDESE2                                    r  ddr3_arbiter_inst/phy_instance/genblk12[6].oserdes_dq_inst/CLK
  -------------------------------------------------------------------    -------------------
    OLOGIC_X1Y47         OSERDESE2 (Prop_oserdese2_CLK_TQ)
                                                      0.192     0.207 f  ddr3_arbiter_inst/phy_instance/genblk12[6].oserdes_dq_inst/TQ
                         net (fo=1, routed)           0.001     0.208    ddr3_arbiter_inst/phy_instance/genblk9[6].iobuf_dq_inst/T
    L4                   OBUFT (TriStatE_obuft_T_O)
                                                      0.177     0.385 r  ddr3_arbiter_inst/phy_instance/genblk9[6].iobuf_dq_inst/OBUFT/O
                         net (fo=1, unset)            0.000     0.385    ddr3_dq[6]
    L4                                                                r  ddr3_dq[6] (INOUT)
  -------------------------------------------------------------------    -------------------

Slack:                    inf
  Source:                 ddr3_arbiter_inst/phy_instance/genblk12[14].oserdes_dq_inst/CLK
                            (rising edge-triggered cell OSERDESE2 clocked by clk_out2_ddr_90_clk_wiz_1  {rise@0.625ns fall@1.875ns period=2.500ns})
  Destination:            ddr3_dq[14]
                            (output port)
  Path Group:             (none)
  Path Type:              Min at Fast Process Corner
  Data Path Delay:        0.378ns  (logic 0.377ns (99.736%)  route 0.001ns (0.264%))
  Logic Levels:           1  (OBUFT=1)
  Clock Uncertainty:      0.175ns  ((TSJ^2 + DJ^2)^1/2) / 2 + PE
    Total System Jitter     (TSJ):    0.050ns
    Discrete Jitter          (DJ):    0.111ns
    Phase Error              (PE):    0.114ns

    Location             Delay type                Incr(ns)  Path(ns)    Netlist Resource(s)
  -------------------------------------------------------------------    -------------------
                         (clock clk_out2_ddr_90_clk_wiz_1 rise edge)
                                                      0.625     0.625 r  
    N15                                               0.000     0.625 r  DDR3_CLK100 (IN)
                         net (fo=0)                   0.000     0.625    ddr3_arbiter_inst/clkgen_ddr3ctrl_instance/inst/clk_in1
    N15                  IBUF (Prop_ibuf_I_O)         0.209     0.834 r  ddr3_arbiter_inst/clkgen_ddr3ctrl_instance/inst/clkin1_ibufg/O
                         net (fo=1, routed)           0.440     1.274    ddr3_arbiter_inst/clkgen_ddr3ctrl_instance/inst/clk_in1_clk_wiz_1
    MMCME2_ADV_X0Y0      MMCME2_ADV (Prop_mmcme2_adv_CLKIN1_CLKOUT2)
                                                     -2.362    -1.089 r  ddr3_arbiter_inst/clkgen_ddr3ctrl_instance/inst/mmcm_adv_inst/CLKOUT2
                         net (fo=1, routed)           0.489    -0.600    ddr3_arbiter_inst/clkgen_ddr3ctrl_instance/inst/clk_out2_ddr_90_clk_wiz_1
    BUFGCTRL_X0Y1        BUFG (Prop_bufg_I_O)         0.026    -0.574 r  ddr3_arbiter_inst/clkgen_ddr3ctrl_instance/inst/clkout3_buf/O
                         net (fo=50, routed)          0.581     0.007    ddr3_arbiter_inst/phy_instance/clk_out2_ddr_90
    OLOGIC_X1Y28         OSERDESE2                                    r  ddr3_arbiter_inst/phy_instance/genblk12[14].oserdes_dq_inst/CLK
  -------------------------------------------------------------------    -------------------
    OLOGIC_X1Y28         OSERDESE2 (Prop_oserdese2_CLK_TQ)
                                                      0.192     0.199 f  ddr3_arbiter_inst/phy_instance/genblk12[14].oserdes_dq_inst/TQ
                         net (fo=1, routed)           0.001     0.200    ddr3_arbiter_inst/phy_instance/genblk9[14].iobuf_dq_inst/T
    P2                   OBUFT (TriStatE_obuft_T_O)
                                                      0.185     0.385 r  ddr3_arbiter_inst/phy_instance/genblk9[14].iobuf_dq_inst/OBUFT/O
                         net (fo=1, unset)            0.000     0.385    ddr3_dq[14]
    P2                                                                r  ddr3_dq[14] (INOUT)
  -------------------------------------------------------------------    -------------------





--------------------------------------------------------------------------------------
Path Group:  (none)
From Clock:  clk_out3_ref_clk_wiz_1
  To Clock:  

Max Delay             1 Endpoint
Min Delay             1 Endpoint
--------------------------------------------------------------------------------------


Max Delay Paths
--------------------------------------------------------------------------------------
Slack:                    inf
  Source:                 ddr3_arbiter_inst/clkgen_ddr3ctrl_instance/inst/mmcm_adv_inst/CLKOUT3
                            (clock source 'clk_out3_ref_clk_wiz_1'  {rise@0.000ns fall@2.500ns period=5.000ns})
  Destination:            ddr3_arbiter_inst/phy_instance/IDELAYCTRL_inst/REFCLK
  Path Group:             (none)
  Path Type:              Max at Fast Process Corner
  Data Path Delay:        1.316ns  (logic 0.029ns (2.203%)  route 1.287ns (97.797%))
  Logic Levels:           1  (BUFG=1)
  Clock Uncertainty:      0.182ns  ((TSJ^2 + DJ^2)^1/2) / 2 + PE
    Total System Jitter     (TSJ):    0.050ns
    Discrete Jitter          (DJ):    0.126ns
    Phase Error              (PE):    0.114ns

    Location             Delay type                Incr(ns)  Path(ns)    Netlist Resource(s)
  -------------------------------------------------------------------    -------------------
                         (clock clk_out3_ref_clk_wiz_1 fall edge)
                                                      2.500     2.500 f  
    N15                                               0.000     2.500 f  DDR3_CLK100 (IN)
                         net (fo=0)                   0.000     2.500    ddr3_arbiter_inst/clkgen_ddr3ctrl_instance/inst/clk_in1
    N15                  IBUF (Prop_ibuf_I_O)         0.396     2.896 f  ddr3_arbiter_inst/clkgen_ddr3ctrl_instance/inst/clkin1_ibufg/O
                         net (fo=1, routed)           0.480     3.376    ddr3_arbiter_inst/clkgen_ddr3ctrl_instance/inst/clk_in1_clk_wiz_1
  -------------------------------------------------------------------    -------------------
    MMCME2_ADV_X0Y0      MMCME2_ADV (Prop_mmcme2_adv_CLKIN1_CLKOUT3)
                                                     -3.145     0.231 f  ddr3_arbiter_inst/clkgen_ddr3ctrl_instance/inst/mmcm_adv_inst/CLKOUT3
                         net (fo=1, routed)           0.534     0.765    ddr3_arbiter_inst/clkgen_ddr3ctrl_instance/inst/clk_out3_ref_clk_wiz_1
    BUFGCTRL_X0Y3        BUFG (Prop_bufg_I_O)         0.029     0.794 f  ddr3_arbiter_inst/clkgen_ddr3ctrl_instance/inst/clkout4_buf/O
                         net (fo=1, routed)           0.754     1.547    ddr3_arbiter_inst/phy_instance/clk_out3_ref
    IDELAYCTRL_X1Y0      IDELAYCTRL                                   f  ddr3_arbiter_inst/phy_instance/IDELAYCTRL_inst/REFCLK
  -------------------------------------------------------------------    -------------------





Min Delay Paths
--------------------------------------------------------------------------------------
Slack:                    inf
  Source:                 ddr3_arbiter_inst/clkgen_ddr3ctrl_instance/inst/mmcm_adv_inst/CLKOUT3
                            (clock source 'clk_out3_ref_clk_wiz_1'  {rise@0.000ns fall@2.500ns period=5.000ns})
  Destination:            ddr3_arbiter_inst/phy_instance/IDELAYCTRL_inst/REFCLK
  Path Group:             (none)
  Path Type:              Min at Slow Process Corner
  Data Path Delay:        2.922ns  (logic 0.091ns (3.114%)  route 2.831ns (96.886%))
  Logic Levels:           1  (BUFG=1)
  Clock Uncertainty:      0.182ns  ((TSJ^2 + DJ^2)^1/2) / 2 + PE
    Total System Jitter     (TSJ):    0.050ns
    Discrete Jitter          (DJ):    0.126ns
    Phase Error              (PE):    0.114ns

    Location             Delay type                Incr(ns)  Path(ns)    Netlist Resource(s)
  -------------------------------------------------------------------    -------------------
                         (clock clk_out3_ref_clk_wiz_1 rise edge)
                                                      0.000     0.000 r  
    N15                                               0.000     0.000 r  DDR3_CLK100 (IN)
                         net (fo=0)                   0.000     0.000    ddr3_arbiter_inst/clkgen_ddr3ctrl_instance/inst/clk_in1
    N15                  IBUF (Prop_ibuf_I_O)         1.370     1.370 r  ddr3_arbiter_inst/clkgen_ddr3ctrl_instance/inst/clkin1_ibufg/O
                         net (fo=1, routed)           1.162     2.532    ddr3_arbiter_inst/clkgen_ddr3ctrl_instance/inst/clk_in1_clk_wiz_1
  -------------------------------------------------------------------    -------------------
    MMCME2_ADV_X0Y0      MMCME2_ADV (Prop_mmcme2_adv_CLKIN1_CLKOUT3)
                                                     -7.221    -4.689 r  ddr3_arbiter_inst/clkgen_ddr3ctrl_instance/inst/mmcm_adv_inst/CLKOUT3
                         net (fo=1, routed)           1.587    -3.102    ddr3_arbiter_inst/clkgen_ddr3ctrl_instance/inst/clk_out3_ref_clk_wiz_1
    BUFGCTRL_X0Y3        BUFG (Prop_bufg_I_O)         0.091    -3.011 r  ddr3_arbiter_inst/clkgen_ddr3ctrl_instance/inst/clkout4_buf/O
                         net (fo=1, routed)           1.244    -1.767    ddr3_arbiter_inst/phy_instance/clk_out3_ref
    IDELAYCTRL_X1Y0      IDELAYCTRL                                   r  ddr3_arbiter_inst/phy_instance/IDELAYCTRL_inst/REFCLK
  -------------------------------------------------------------------    -------------------





--------------------------------------------------------------------------------------
Path Group:  (none)
From Clock:  clk_out4_div_clk_wiz_1
  To Clock:  

Max Delay             7 Endpoints
Min Delay             7 Endpoints
--------------------------------------------------------------------------------------


Max Delay Paths
--------------------------------------------------------------------------------------
Slack:                    inf
  Source:                 r4_rx_byte_index_reg[0]/C
                            (rising edge-triggered cell FDRE clocked by clk_out4_div_clk_wiz_1  {rise@0.000ns fall@2.500ns period=5.000ns})
  Destination:            RGBLED1[1]
                            (output port)
  Path Group:             (none)
  Path Type:              Max at Slow Process Corner
  Data Path Delay:        10.787ns  (logic 4.384ns (40.640%)  route 6.403ns (59.360%))
  Logic Levels:           2  (LUT1=1 OBUF=1)
  Clock Uncertainty:      0.182ns  ((TSJ^2 + DJ^2)^1/2) / 2 + PE
    Total System Jitter     (TSJ):    0.050ns
    Discrete Jitter          (DJ):    0.126ns
    Phase Error              (PE):    0.114ns

    Location             Delay type                Incr(ns)  Path(ns)    Netlist Resource(s)
  -------------------------------------------------------------------    -------------------
                         (clock clk_out4_div_clk_wiz_1 rise edge)
                                                      0.000     0.000 r  
    N15                                               0.000     0.000 r  DDR3_CLK100 (IN)
                         net (fo=0)                   0.000     0.000    ddr3_arbiter_inst/clkgen_ddr3ctrl_instance/inst/clk_in1
    N15                  IBUF (Prop_ibuf_I_O)         1.440     1.440 r  ddr3_arbiter_inst/clkgen_ddr3ctrl_instance/inst/clkin1_ibufg/O
                         net (fo=1, routed)           1.233     2.673    ddr3_arbiter_inst/clkgen_ddr3ctrl_instance/inst/clk_in1_clk_wiz_1
    MMCME2_ADV_X0Y0      MMCME2_ADV (Prop_mmcme2_adv_CLKIN1_CLKOUT4)
                                                     -6.965    -4.291 r  ddr3_arbiter_inst/clkgen_ddr3ctrl_instance/inst/mmcm_adv_inst/CLKOUT4
                         net (fo=1, routed)           1.666    -2.625    ddr3_arbiter_inst/clkgen_ddr3ctrl_instance/inst/clk_out4_div_clk_wiz_1
    BUFGCTRL_X0Y0        BUFG (Prop_bufg_I_O)         0.096    -2.529 r  ddr3_arbiter_inst/clkgen_ddr3ctrl_instance/inst/clkout5_buf/O
                         net (fo=1800, routed)        1.551    -0.978    w_uart_clk
    SLICE_X36Y28         FDRE                                         r  r4_rx_byte_index_reg[0]/C
  -------------------------------------------------------------------    -------------------
    SLICE_X36Y28         FDRE (Prop_fdre_C_Q)         0.456    -0.522 f  r4_rx_byte_index_reg[0]/Q
                         net (fo=20, routed)          0.589     0.068    r4_rx_byte_index_reg[0]
    SLICE_X36Y28         LUT1 (Prop_lut1_I0_O)        0.150     0.218 r  RGBLED1_OBUF[1]_inst_i_1/O
                         net (fo=2, routed)           5.814     6.031    RGBLED1_OBUF[1]
    C10                  OBUF (Prop_obuf_I_O)         3.778     9.809 r  RGBLED1_OBUF[1]_inst/O
                         net (fo=0)                   0.000     9.809    RGBLED1[1]
    C10                                                               r  RGBLED1[1] (OUT)
  -------------------------------------------------------------------    -------------------

Slack:                    inf
  Source:                 ddr3_arbiter_inst/rdcal_instance/r_rd_cal_done_reg/C
                            (rising edge-triggered cell FDRE clocked by clk_out4_div_clk_wiz_1  {rise@0.000ns fall@2.500ns period=5.000ns})
  Destination:            LED[3]
                            (output port)
  Path Group:             (none)
  Path Type:              Max at Slow Process Corner
  Data Path Delay:        9.462ns  (logic 4.043ns (42.723%)  route 5.420ns (57.277%))
  Logic Levels:           1  (OBUF=1)
  Clock Uncertainty:      0.182ns  ((TSJ^2 + DJ^2)^1/2) / 2 + PE
    Total System Jitter     (TSJ):    0.050ns
    Discrete Jitter          (DJ):    0.126ns
    Phase Error              (PE):    0.114ns

    Location             Delay type                Incr(ns)  Path(ns)    Netlist Resource(s)
  -------------------------------------------------------------------    -------------------
                         (clock clk_out4_div_clk_wiz_1 rise edge)
                                                      0.000     0.000 r  
    N15                                               0.000     0.000 r  DDR3_CLK100 (IN)
                         net (fo=0)                   0.000     0.000    ddr3_arbiter_inst/clkgen_ddr3ctrl_instance/inst/clk_in1
    N15                  IBUF (Prop_ibuf_I_O)         1.440     1.440 r  ddr3_arbiter_inst/clkgen_ddr3ctrl_instance/inst/clkin1_ibufg/O
                         net (fo=1, routed)           1.233     2.673    ddr3_arbiter_inst/clkgen_ddr3ctrl_instance/inst/clk_in1_clk_wiz_1
    MMCME2_ADV_X0Y0      MMCME2_ADV (Prop_mmcme2_adv_CLKIN1_CLKOUT4)
                                                     -6.965    -4.291 r  ddr3_arbiter_inst/clkgen_ddr3ctrl_instance/inst/mmcm_adv_inst/CLKOUT4
                         net (fo=1, routed)           1.666    -2.625    ddr3_arbiter_inst/clkgen_ddr3ctrl_instance/inst/clk_out4_div_clk_wiz_1
    BUFGCTRL_X0Y0        BUFG (Prop_bufg_I_O)         0.096    -2.529 r  ddr3_arbiter_inst/clkgen_ddr3ctrl_instance/inst/clkout5_buf/O
                         net (fo=1800, routed)        1.570    -0.959    ddr3_arbiter_inst/rdcal_instance/CLK
    SLICE_X54Y41         FDRE                                         r  ddr3_arbiter_inst/rdcal_instance/r_rd_cal_done_reg/C
  -------------------------------------------------------------------    -------------------
    SLICE_X54Y41         FDRE (Prop_fdre_C_Q)         0.518    -0.441 r  ddr3_arbiter_inst/rdcal_instance/r_rd_cal_done_reg/Q
                         net (fo=159, routed)         5.420     4.979    LED_OBUF[3]
    D15                  OBUF (Prop_obuf_I_O)         3.525     8.504 r  LED_OBUF[3]_inst/O
                         net (fo=0)                   0.000     8.504    LED[3]
    D15                                                               r  LED[3] (OUT)
  -------------------------------------------------------------------    -------------------

Slack:                    inf
  Source:                 ddr3_arbiter_inst/phy_instance/r_mem_init_done_reg/C
                            (rising edge-triggered cell FDRE clocked by clk_out4_div_clk_wiz_1  {rise@0.000ns fall@2.500ns period=5.000ns})
  Destination:            LED[0]
                            (output port)
  Path Group:             (none)
  Path Type:              Max at Slow Process Corner
  Data Path Delay:        9.338ns  (logic 3.975ns (42.572%)  route 5.363ns (57.428%))
  Logic Levels:           1  (OBUF=1)
  Clock Uncertainty:      0.182ns  ((TSJ^2 + DJ^2)^1/2) / 2 + PE
    Total System Jitter     (TSJ):    0.050ns
    Discrete Jitter          (DJ):    0.126ns
    Phase Error              (PE):    0.114ns

    Location             Delay type                Incr(ns)  Path(ns)    Netlist Resource(s)
  -------------------------------------------------------------------    -------------------
                         (clock clk_out4_div_clk_wiz_1 rise edge)
                                                      0.000     0.000 r  
    N15                                               0.000     0.000 r  DDR3_CLK100 (IN)
                         net (fo=0)                   0.000     0.000    ddr3_arbiter_inst/clkgen_ddr3ctrl_instance/inst/clk_in1
    N15                  IBUF (Prop_ibuf_I_O)         1.440     1.440 r  ddr3_arbiter_inst/clkgen_ddr3ctrl_instance/inst/clkin1_ibufg/O
                         net (fo=1, routed)           1.233     2.673    ddr3_arbiter_inst/clkgen_ddr3ctrl_instance/inst/clk_in1_clk_wiz_1
    MMCME2_ADV_X0Y0      MMCME2_ADV (Prop_mmcme2_adv_CLKIN1_CLKOUT4)
                                                     -6.965    -4.291 r  ddr3_arbiter_inst/clkgen_ddr3ctrl_instance/inst/mmcm_adv_inst/CLKOUT4
                         net (fo=1, routed)           1.666    -2.625    ddr3_arbiter_inst/clkgen_ddr3ctrl_instance/inst/clk_out4_div_clk_wiz_1
    BUFGCTRL_X0Y0        BUFG (Prop_bufg_I_O)         0.096    -2.529 r  ddr3_arbiter_inst/clkgen_ddr3ctrl_instance/inst/clkout5_buf/O
                         net (fo=1800, routed)        1.617    -0.912    ddr3_arbiter_inst/phy_instance/CLK
    SLICE_X61Y25         FDRE                                         r  ddr3_arbiter_inst/phy_instance/r_mem_init_done_reg/C
  -------------------------------------------------------------------    -------------------
    SLICE_X61Y25         FDRE (Prop_fdre_C_Q)         0.456    -0.456 r  ddr3_arbiter_inst/phy_instance/r_mem_init_done_reg/Q
                         net (fo=25, routed)          5.363     4.907    LED_OBUF[0]
    C13                  OBUF (Prop_obuf_I_O)         3.519     8.426 r  LED_OBUF[0]_inst/O
                         net (fo=0)                   0.000     8.426    LED[0]
    C13                                                               r  LED[0] (OUT)
  -------------------------------------------------------------------    -------------------

Slack:                    inf
  Source:                 ddr3_arbiter_inst/rdcal_instance/r_rd_cal_err_reg/C
                            (rising edge-triggered cell FDRE clocked by clk_out4_div_clk_wiz_1  {rise@0.000ns fall@2.500ns period=5.000ns})
  Destination:            RGBLED0[0]
                            (output port)
  Path Group:             (none)
  Path Type:              Max at Slow Process Corner
  Data Path Delay:        9.155ns  (logic 4.008ns (43.775%)  route 5.147ns (56.225%))
  Logic Levels:           1  (OBUF=1)
  Clock Uncertainty:      0.182ns  ((TSJ^2 + DJ^2)^1/2) / 2 + PE
    Total System Jitter     (TSJ):    0.050ns
    Discrete Jitter          (DJ):    0.126ns
    Phase Error              (PE):    0.114ns

    Location             Delay type                Incr(ns)  Path(ns)    Netlist Resource(s)
  -------------------------------------------------------------------    -------------------
                         (clock clk_out4_div_clk_wiz_1 rise edge)
                                                      0.000     0.000 r  
    N15                                               0.000     0.000 r  DDR3_CLK100 (IN)
                         net (fo=0)                   0.000     0.000    ddr3_arbiter_inst/clkgen_ddr3ctrl_instance/inst/clk_in1
    N15                  IBUF (Prop_ibuf_I_O)         1.440     1.440 r  ddr3_arbiter_inst/clkgen_ddr3ctrl_instance/inst/clkin1_ibufg/O
                         net (fo=1, routed)           1.233     2.673    ddr3_arbiter_inst/clkgen_ddr3ctrl_instance/inst/clk_in1_clk_wiz_1
    MMCME2_ADV_X0Y0      MMCME2_ADV (Prop_mmcme2_adv_CLKIN1_CLKOUT4)
                                                     -6.965    -4.291 r  ddr3_arbiter_inst/clkgen_ddr3ctrl_instance/inst/mmcm_adv_inst/CLKOUT4
                         net (fo=1, routed)           1.666    -2.625    ddr3_arbiter_inst/clkgen_ddr3ctrl_instance/inst/clk_out4_div_clk_wiz_1
    BUFGCTRL_X0Y0        BUFG (Prop_bufg_I_O)         0.096    -2.529 r  ddr3_arbiter_inst/clkgen_ddr3ctrl_instance/inst/clkout5_buf/O
                         net (fo=1800, routed)        1.637    -0.892    ddr3_arbiter_inst/rdcal_instance/CLK
    SLICE_X58Y43         FDRE                                         r  ddr3_arbiter_inst/rdcal_instance/r_rd_cal_err_reg/C
  -------------------------------------------------------------------    -------------------
    SLICE_X58Y43         FDRE (Prop_fdre_C_Q)         0.456    -0.436 r  ddr3_arbiter_inst/rdcal_instance/r_rd_cal_err_reg/Q
                         net (fo=1, routed)           5.147     4.712    RGBLED0_OBUF[0]
    C9                   OBUF (Prop_obuf_I_O)         3.552     8.264 r  RGBLED0_OBUF[0]_inst/O
                         net (fo=0)                   0.000     8.264    RGBLED0[0]
    C9                                                                r  RGBLED0[0] (OUT)
  -------------------------------------------------------------------    -------------------

Slack:                    inf
  Source:                 uart_tx_instance/r_tx_bit_reg/C
                            (rising edge-triggered cell FDSE clocked by clk_out4_div_clk_wiz_1  {rise@0.000ns fall@2.500ns period=5.000ns})
  Destination:            UART_RXD_OUT
                            (output port)
  Path Group:             (none)
  Path Type:              Max at Slow Process Corner
  Data Path Delay:        7.782ns  (logic 4.001ns (51.414%)  route 3.781ns (48.586%))
  Logic Levels:           1  (OBUF=1)
  Clock Uncertainty:      0.182ns  ((TSJ^2 + DJ^2)^1/2) / 2 + PE
    Total System Jitter     (TSJ):    0.050ns
    Discrete Jitter          (DJ):    0.126ns
    Phase Error              (PE):    0.114ns

    Location             Delay type                Incr(ns)  Path(ns)    Netlist Resource(s)
  -------------------------------------------------------------------    -------------------
                         (clock clk_out4_div_clk_wiz_1 rise edge)
                                                      0.000     0.000 r  
    N15                                               0.000     0.000 r  DDR3_CLK100 (IN)
                         net (fo=0)                   0.000     0.000    ddr3_arbiter_inst/clkgen_ddr3ctrl_instance/inst/clk_in1
    N15                  IBUF (Prop_ibuf_I_O)         1.440     1.440 r  ddr3_arbiter_inst/clkgen_ddr3ctrl_instance/inst/clkin1_ibufg/O
                         net (fo=1, routed)           1.233     2.673    ddr3_arbiter_inst/clkgen_ddr3ctrl_instance/inst/clk_in1_clk_wiz_1
    MMCME2_ADV_X0Y0      MMCME2_ADV (Prop_mmcme2_adv_CLKIN1_CLKOUT4)
                                                     -6.965    -4.291 r  ddr3_arbiter_inst/clkgen_ddr3ctrl_instance/inst/mmcm_adv_inst/CLKOUT4
                         net (fo=1, routed)           1.666    -2.625    ddr3_arbiter_inst/clkgen_ddr3ctrl_instance/inst/clk_out4_div_clk_wiz_1
    BUFGCTRL_X0Y0        BUFG (Prop_bufg_I_O)         0.096    -2.529 r  ddr3_arbiter_inst/clkgen_ddr3ctrl_instance/inst/clkout5_buf/O
                         net (fo=1800, routed)        1.560    -0.969    uart_tx_instance/clk_out4_div
    SLICE_X33Y35         FDSE                                         r  uart_tx_instance/r_tx_bit_reg/C
  -------------------------------------------------------------------    -------------------
    SLICE_X33Y35         FDSE (Prop_fdse_C_Q)         0.456    -0.513 r  uart_tx_instance/r_tx_bit_reg/Q
                         net (fo=1, routed)           3.781     3.268    UART_RXD_OUT_OBUF
    A16                  OBUF (Prop_obuf_I_O)         3.545     6.813 r  UART_RXD_OUT_OBUF_inst/O
                         net (fo=0)                   0.000     6.813    UART_RXD_OUT
    A16                                                               r  UART_RXD_OUT (OUT)
  -------------------------------------------------------------------    -------------------

Slack:                    inf
  Source:                 ddr3_arbiter_inst/phy_instance/r_ddr_cke_reg/C
                            (rising edge-triggered cell FDSE clocked by clk_out4_div_clk_wiz_1  {rise@0.000ns fall@2.500ns period=5.000ns})
  Destination:            ddr3_cke[0]
                            (output port)
  Path Group:             (none)
  Path Type:              Max at Slow Process Corner
  Data Path Delay:        4.252ns  (logic 1.972ns (46.378%)  route 2.280ns (53.622%))
  Logic Levels:           1  (OBUF=1)
  Clock Uncertainty:      0.182ns  ((TSJ^2 + DJ^2)^1/2) / 2 + PE
    Total System Jitter     (TSJ):    0.050ns
    Discrete Jitter          (DJ):    0.126ns
    Phase Error              (PE):    0.114ns

    Location             Delay type                Incr(ns)  Path(ns)    Netlist Resource(s)
  -------------------------------------------------------------------    -------------------
                         (clock clk_out4_div_clk_wiz_1 rise edge)
                                                      0.000     0.000 r  
    N15                                               0.000     0.000 r  DDR3_CLK100 (IN)
                         net (fo=0)                   0.000     0.000    ddr3_arbiter_inst/clkgen_ddr3ctrl_instance/inst/clk_in1
    N15                  IBUF (Prop_ibuf_I_O)         1.440     1.440 r  ddr3_arbiter_inst/clkgen_ddr3ctrl_instance/inst/clkin1_ibufg/O
                         net (fo=1, routed)           1.233     2.673    ddr3_arbiter_inst/clkgen_ddr3ctrl_instance/inst/clk_in1_clk_wiz_1
    MMCME2_ADV_X0Y0      MMCME2_ADV (Prop_mmcme2_adv_CLKIN1_CLKOUT4)
                                                     -6.965    -4.291 r  ddr3_arbiter_inst/clkgen_ddr3ctrl_instance/inst/mmcm_adv_inst/CLKOUT4
                         net (fo=1, routed)           1.666    -2.625    ddr3_arbiter_inst/clkgen_ddr3ctrl_instance/inst/clk_out4_div_clk_wiz_1
    BUFGCTRL_X0Y0        BUFG (Prop_bufg_I_O)         0.096    -2.529 r  ddr3_arbiter_inst/clkgen_ddr3ctrl_instance/inst/clkout5_buf/O
                         net (fo=1800, routed)        1.620    -0.909    ddr3_arbiter_inst/phy_instance/CLK
    SLICE_X65Y23         FDSE                                         r  ddr3_arbiter_inst/phy_instance/r_ddr_cke_reg/C
  -------------------------------------------------------------------    -------------------
    SLICE_X65Y23         FDSE (Prop_fdse_C_Q)         0.456    -0.453 r  ddr3_arbiter_inst/phy_instance/r_ddr_cke_reg/Q
                         net (fo=1, routed)           2.280     1.827    ddr3_cke_OBUF[0]
    T5                   OBUF (Prop_obuf_I_O)         1.516     3.343 r  ddr3_cke_OBUF[0]_inst/O
                         net (fo=0)                   0.000     3.343    ddr3_cke[0]
    T5                                                                r  ddr3_cke[0] (OUT)
  -------------------------------------------------------------------    -------------------

Slack:                    inf
  Source:                 ddr3_arbiter_inst/phy_instance/r_ddr_nrst_reg/C
                            (rising edge-triggered cell FDRE clocked by clk_out4_div_clk_wiz_1  {rise@0.000ns fall@2.500ns period=5.000ns})
  Destination:            ddr3_reset_n
                            (output port)
  Path Group:             (none)
  Path Type:              Max at Slow Process Corner
  Data Path Delay:        3.862ns  (logic 1.980ns (51.263%)  route 1.882ns (48.737%))
  Logic Levels:           1  (OBUF=1)
  Clock Uncertainty:      0.182ns  ((TSJ^2 + DJ^2)^1/2) / 2 + PE
    Total System Jitter     (TSJ):    0.050ns
    Discrete Jitter          (DJ):    0.126ns
    Phase Error              (PE):    0.114ns

    Location             Delay type                Incr(ns)  Path(ns)    Netlist Resource(s)
  -------------------------------------------------------------------    -------------------
                         (clock clk_out4_div_clk_wiz_1 rise edge)
                                                      0.000     0.000 r  
    N15                                               0.000     0.000 r  DDR3_CLK100 (IN)
                         net (fo=0)                   0.000     0.000    ddr3_arbiter_inst/clkgen_ddr3ctrl_instance/inst/clk_in1
    N15                  IBUF (Prop_ibuf_I_O)         1.440     1.440 r  ddr3_arbiter_inst/clkgen_ddr3ctrl_instance/inst/clkin1_ibufg/O
                         net (fo=1, routed)           1.233     2.673    ddr3_arbiter_inst/clkgen_ddr3ctrl_instance/inst/clk_in1_clk_wiz_1
    MMCME2_ADV_X0Y0      MMCME2_ADV (Prop_mmcme2_adv_CLKIN1_CLKOUT4)
                                                     -6.965    -4.291 r  ddr3_arbiter_inst/clkgen_ddr3ctrl_instance/inst/mmcm_adv_inst/CLKOUT4
                         net (fo=1, routed)           1.666    -2.625    ddr3_arbiter_inst/clkgen_ddr3ctrl_instance/inst/clk_out4_div_clk_wiz_1
    BUFGCTRL_X0Y0        BUFG (Prop_bufg_I_O)         0.096    -2.529 r  ddr3_arbiter_inst/clkgen_ddr3ctrl_instance/inst/clkout5_buf/O
                         net (fo=1800, routed)        1.626    -0.903    ddr3_arbiter_inst/phy_instance/CLK
    SLICE_X65Y30         FDRE                                         r  ddr3_arbiter_inst/phy_instance/r_ddr_nrst_reg/C
  -------------------------------------------------------------------    -------------------
    SLICE_X65Y30         FDRE (Prop_fdre_C_Q)         0.456    -0.447 r  ddr3_arbiter_inst/phy_instance/r_ddr_nrst_reg/Q
                         net (fo=1, routed)           1.882     1.436    ddr3_reset_n_OBUF
    M5                   OBUF (Prop_obuf_I_O)         1.524     2.960 r  ddr3_reset_n_OBUF_inst/O
                         net (fo=0)                   0.000     2.960    ddr3_reset_n
    M5                                                                r  ddr3_reset_n (OUT)
  -------------------------------------------------------------------    -------------------





Min Delay Paths
--------------------------------------------------------------------------------------
Slack:                    inf
  Source:                 ddr3_arbiter_inst/phy_instance/r_ddr_nrst_reg/C
                            (rising edge-triggered cell FDRE clocked by clk_out4_div_clk_wiz_1  {rise@0.000ns fall@2.500ns period=5.000ns})
  Destination:            ddr3_reset_n
                            (output port)
  Path Group:             (none)
  Path Type:              Min at Fast Process Corner
  Data Path Delay:        1.060ns  (logic 0.637ns (60.082%)  route 0.423ns (39.918%))
  Logic Levels:           1  (OBUF=1)
  Clock Uncertainty:      0.182ns  ((TSJ^2 + DJ^2)^1/2) / 2 + PE
    Total System Jitter     (TSJ):    0.050ns
    Discrete Jitter          (DJ):    0.126ns
    Phase Error              (PE):    0.114ns

    Location             Delay type                Incr(ns)  Path(ns)    Netlist Resource(s)
  -------------------------------------------------------------------    -------------------
                         (clock clk_out4_div_clk_wiz_1 rise edge)
                                                      0.000     0.000 r  
    N15                                               0.000     0.000 r  DDR3_CLK100 (IN)
                         net (fo=0)                   0.000     0.000    ddr3_arbiter_inst/clkgen_ddr3ctrl_instance/inst/clk_in1
    N15                  IBUF (Prop_ibuf_I_O)         0.209     0.209 r  ddr3_arbiter_inst/clkgen_ddr3ctrl_instance/inst/clkin1_ibufg/O
                         net (fo=1, routed)           0.440     0.649    ddr3_arbiter_inst/clkgen_ddr3ctrl_instance/inst/clk_in1_clk_wiz_1
    MMCME2_ADV_X0Y0      MMCME2_ADV (Prop_mmcme2_adv_CLKIN1_CLKOUT4)
                                                     -2.362    -1.714 r  ddr3_arbiter_inst/clkgen_ddr3ctrl_instance/inst/mmcm_adv_inst/CLKOUT4
                         net (fo=1, routed)           0.489    -1.225    ddr3_arbiter_inst/clkgen_ddr3ctrl_instance/inst/clk_out4_div_clk_wiz_1
    BUFGCTRL_X0Y0        BUFG (Prop_bufg_I_O)         0.026    -1.199 r  ddr3_arbiter_inst/clkgen_ddr3ctrl_instance/inst/clkout5_buf/O
                         net (fo=1800, routed)        0.587    -0.612    ddr3_arbiter_inst/phy_instance/CLK
    SLICE_X65Y30         FDRE                                         r  ddr3_arbiter_inst/phy_instance/r_ddr_nrst_reg/C
  -------------------------------------------------------------------    -------------------
    SLICE_X65Y30         FDRE (Prop_fdre_C_Q)         0.141    -0.471 r  ddr3_arbiter_inst/phy_instance/r_ddr_nrst_reg/Q
                         net (fo=1, routed)           0.423    -0.048    ddr3_reset_n_OBUF
    M5                   OBUF (Prop_obuf_I_O)         0.496     0.448 r  ddr3_reset_n_OBUF_inst/O
                         net (fo=0)                   0.000     0.448    ddr3_reset_n
    M5                                                                r  ddr3_reset_n (OUT)
  -------------------------------------------------------------------    -------------------

Slack:                    inf
  Source:                 ddr3_arbiter_inst/phy_instance/r_ddr_cke_reg/C
                            (rising edge-triggered cell FDSE clocked by clk_out4_div_clk_wiz_1  {rise@0.000ns fall@2.500ns period=5.000ns})
  Destination:            ddr3_cke[0]
                            (output port)
  Path Group:             (none)
  Path Type:              Min at Fast Process Corner
  Data Path Delay:        1.219ns  (logic 0.629ns (51.614%)  route 0.590ns (48.386%))
  Logic Levels:           1  (OBUF=1)
  Clock Uncertainty:      0.182ns  ((TSJ^2 + DJ^2)^1/2) / 2 + PE
    Total System Jitter     (TSJ):    0.050ns
    Discrete Jitter          (DJ):    0.126ns
    Phase Error              (PE):    0.114ns

    Location             Delay type                Incr(ns)  Path(ns)    Netlist Resource(s)
  -------------------------------------------------------------------    -------------------
                         (clock clk_out4_div_clk_wiz_1 rise edge)
                                                      0.000     0.000 r  
    N15                                               0.000     0.000 r  DDR3_CLK100 (IN)
                         net (fo=0)                   0.000     0.000    ddr3_arbiter_inst/clkgen_ddr3ctrl_instance/inst/clk_in1
    N15                  IBUF (Prop_ibuf_I_O)         0.209     0.209 r  ddr3_arbiter_inst/clkgen_ddr3ctrl_instance/inst/clkin1_ibufg/O
                         net (fo=1, routed)           0.440     0.649    ddr3_arbiter_inst/clkgen_ddr3ctrl_instance/inst/clk_in1_clk_wiz_1
    MMCME2_ADV_X0Y0      MMCME2_ADV (Prop_mmcme2_adv_CLKIN1_CLKOUT4)
                                                     -2.362    -1.714 r  ddr3_arbiter_inst/clkgen_ddr3ctrl_instance/inst/mmcm_adv_inst/CLKOUT4
                         net (fo=1, routed)           0.489    -1.225    ddr3_arbiter_inst/clkgen_ddr3ctrl_instance/inst/clk_out4_div_clk_wiz_1
    BUFGCTRL_X0Y0        BUFG (Prop_bufg_I_O)         0.026    -1.199 r  ddr3_arbiter_inst/clkgen_ddr3ctrl_instance/inst/clkout5_buf/O
                         net (fo=1800, routed)        0.583    -0.616    ddr3_arbiter_inst/phy_instance/CLK
    SLICE_X65Y23         FDSE                                         r  ddr3_arbiter_inst/phy_instance/r_ddr_cke_reg/C
  -------------------------------------------------------------------    -------------------
    SLICE_X65Y23         FDSE (Prop_fdse_C_Q)         0.141    -0.475 r  ddr3_arbiter_inst/phy_instance/r_ddr_cke_reg/Q
                         net (fo=1, routed)           0.590     0.115    ddr3_cke_OBUF[0]
    T5                   OBUF (Prop_obuf_I_O)         0.488     0.603 r  ddr3_cke_OBUF[0]_inst/O
                         net (fo=0)                   0.000     0.603    ddr3_cke[0]
    T5                                                                r  ddr3_cke[0] (OUT)
  -------------------------------------------------------------------    -------------------

Slack:                    inf
  Source:                 uart_tx_instance/r_tx_bit_reg/C
                            (rising edge-triggered cell FDSE clocked by clk_out4_div_clk_wiz_1  {rise@0.000ns fall@2.500ns period=5.000ns})
  Destination:            UART_RXD_OUT
                            (output port)
  Path Group:             (none)
  Path Type:              Min at Fast Process Corner
  Data Path Delay:        2.666ns  (logic 1.387ns (52.024%)  route 1.279ns (47.976%))
  Logic Levels:           1  (OBUF=1)
  Clock Uncertainty:      0.182ns  ((TSJ^2 + DJ^2)^1/2) / 2 + PE
    Total System Jitter     (TSJ):    0.050ns
    Discrete Jitter          (DJ):    0.126ns
    Phase Error              (PE):    0.114ns

    Location             Delay type                Incr(ns)  Path(ns)    Netlist Resource(s)
  -------------------------------------------------------------------    -------------------
                         (clock clk_out4_div_clk_wiz_1 rise edge)
                                                      0.000     0.000 r  
    N15                                               0.000     0.000 r  DDR3_CLK100 (IN)
                         net (fo=0)                   0.000     0.000    ddr3_arbiter_inst/clkgen_ddr3ctrl_instance/inst/clk_in1
    N15                  IBUF (Prop_ibuf_I_O)         0.209     0.209 r  ddr3_arbiter_inst/clkgen_ddr3ctrl_instance/inst/clkin1_ibufg/O
                         net (fo=1, routed)           0.440     0.649    ddr3_arbiter_inst/clkgen_ddr3ctrl_instance/inst/clk_in1_clk_wiz_1
    MMCME2_ADV_X0Y0      MMCME2_ADV (Prop_mmcme2_adv_CLKIN1_CLKOUT4)
                                                     -2.362    -1.714 r  ddr3_arbiter_inst/clkgen_ddr3ctrl_instance/inst/mmcm_adv_inst/CLKOUT4
                         net (fo=1, routed)           0.489    -1.225    ddr3_arbiter_inst/clkgen_ddr3ctrl_instance/inst/clk_out4_div_clk_wiz_1
    BUFGCTRL_X0Y0        BUFG (Prop_bufg_I_O)         0.026    -1.199 r  ddr3_arbiter_inst/clkgen_ddr3ctrl_instance/inst/clkout5_buf/O
                         net (fo=1800, routed)        0.559    -0.640    uart_tx_instance/clk_out4_div
    SLICE_X33Y35         FDSE                                         r  uart_tx_instance/r_tx_bit_reg/C
  -------------------------------------------------------------------    -------------------
    SLICE_X33Y35         FDSE (Prop_fdse_C_Q)         0.141    -0.499 r  uart_tx_instance/r_tx_bit_reg/Q
                         net (fo=1, routed)           1.279     0.780    UART_RXD_OUT_OBUF
    A16                  OBUF (Prop_obuf_I_O)         1.246     2.025 r  UART_RXD_OUT_OBUF_inst/O
                         net (fo=0)                   0.000     2.025    UART_RXD_OUT
    A16                                                               r  UART_RXD_OUT (OUT)
  -------------------------------------------------------------------    -------------------

Slack:                    inf
  Source:                 ddr3_arbiter_inst/rdcal_instance/r_rd_cal_err_reg/C
                            (rising edge-triggered cell FDRE clocked by clk_out4_div_clk_wiz_1  {rise@0.000ns fall@2.500ns period=5.000ns})
  Destination:            RGBLED0[0]
                            (output port)
  Path Group:             (none)
  Path Type:              Min at Fast Process Corner
  Data Path Delay:        3.302ns  (logic 1.393ns (42.198%)  route 1.908ns (57.802%))
  Logic Levels:           1  (OBUF=1)
  Clock Uncertainty:      0.182ns  ((TSJ^2 + DJ^2)^1/2) / 2 + PE
    Total System Jitter     (TSJ):    0.050ns
    Discrete Jitter          (DJ):    0.126ns
    Phase Error              (PE):    0.114ns

    Location             Delay type                Incr(ns)  Path(ns)    Netlist Resource(s)
  -------------------------------------------------------------------    -------------------
                         (clock clk_out4_div_clk_wiz_1 rise edge)
                                                      0.000     0.000 r  
    N15                                               0.000     0.000 r  DDR3_CLK100 (IN)
                         net (fo=0)                   0.000     0.000    ddr3_arbiter_inst/clkgen_ddr3ctrl_instance/inst/clk_in1
    N15                  IBUF (Prop_ibuf_I_O)         0.209     0.209 r  ddr3_arbiter_inst/clkgen_ddr3ctrl_instance/inst/clkin1_ibufg/O
                         net (fo=1, routed)           0.440     0.649    ddr3_arbiter_inst/clkgen_ddr3ctrl_instance/inst/clk_in1_clk_wiz_1
    MMCME2_ADV_X0Y0      MMCME2_ADV (Prop_mmcme2_adv_CLKIN1_CLKOUT4)
                                                     -2.362    -1.714 r  ddr3_arbiter_inst/clkgen_ddr3ctrl_instance/inst/mmcm_adv_inst/CLKOUT4
                         net (fo=1, routed)           0.489    -1.225    ddr3_arbiter_inst/clkgen_ddr3ctrl_instance/inst/clk_out4_div_clk_wiz_1
    BUFGCTRL_X0Y0        BUFG (Prop_bufg_I_O)         0.026    -1.199 r  ddr3_arbiter_inst/clkgen_ddr3ctrl_instance/inst/clkout5_buf/O
                         net (fo=1800, routed)        0.594    -0.605    ddr3_arbiter_inst/rdcal_instance/CLK
    SLICE_X58Y43         FDRE                                         r  ddr3_arbiter_inst/rdcal_instance/r_rd_cal_err_reg/C
  -------------------------------------------------------------------    -------------------
    SLICE_X58Y43         FDRE (Prop_fdre_C_Q)         0.141    -0.464 r  ddr3_arbiter_inst/rdcal_instance/r_rd_cal_err_reg/Q
                         net (fo=1, routed)           1.908     1.444    RGBLED0_OBUF[0]
    C9                   OBUF (Prop_obuf_I_O)         1.252     2.697 r  RGBLED0_OBUF[0]_inst/O
                         net (fo=0)                   0.000     2.697    RGBLED0[0]
    C9                                                                r  RGBLED0[0] (OUT)
  -------------------------------------------------------------------    -------------------

Slack:                    inf
  Source:                 ddr3_arbiter_inst/phy_instance/r_mem_init_done_reg/C
                            (rising edge-triggered cell FDRE clocked by clk_out4_div_clk_wiz_1  {rise@0.000ns fall@2.500ns period=5.000ns})
  Destination:            LED[0]
                            (output port)
  Path Group:             (none)
  Path Type:              Min at Fast Process Corner
  Data Path Delay:        3.480ns  (logic 1.361ns (39.121%)  route 2.119ns (60.879%))
  Logic Levels:           1  (OBUF=1)
  Clock Uncertainty:      0.182ns  ((TSJ^2 + DJ^2)^1/2) / 2 + PE
    Total System Jitter     (TSJ):    0.050ns
    Discrete Jitter          (DJ):    0.126ns
    Phase Error              (PE):    0.114ns

    Location             Delay type                Incr(ns)  Path(ns)    Netlist Resource(s)
  -------------------------------------------------------------------    -------------------
                         (clock clk_out4_div_clk_wiz_1 rise edge)
                                                      0.000     0.000 r  
    N15                                               0.000     0.000 r  DDR3_CLK100 (IN)
                         net (fo=0)                   0.000     0.000    ddr3_arbiter_inst/clkgen_ddr3ctrl_instance/inst/clk_in1
    N15                  IBUF (Prop_ibuf_I_O)         0.209     0.209 r  ddr3_arbiter_inst/clkgen_ddr3ctrl_instance/inst/clkin1_ibufg/O
                         net (fo=1, routed)           0.440     0.649    ddr3_arbiter_inst/clkgen_ddr3ctrl_instance/inst/clk_in1_clk_wiz_1
    MMCME2_ADV_X0Y0      MMCME2_ADV (Prop_mmcme2_adv_CLKIN1_CLKOUT4)
                                                     -2.362    -1.714 r  ddr3_arbiter_inst/clkgen_ddr3ctrl_instance/inst/mmcm_adv_inst/CLKOUT4
                         net (fo=1, routed)           0.489    -1.225    ddr3_arbiter_inst/clkgen_ddr3ctrl_instance/inst/clk_out4_div_clk_wiz_1
    BUFGCTRL_X0Y0        BUFG (Prop_bufg_I_O)         0.026    -1.199 r  ddr3_arbiter_inst/clkgen_ddr3ctrl_instance/inst/clkout5_buf/O
                         net (fo=1800, routed)        0.581    -0.618    ddr3_arbiter_inst/phy_instance/CLK
    SLICE_X61Y25         FDRE                                         r  ddr3_arbiter_inst/phy_instance/r_mem_init_done_reg/C
  -------------------------------------------------------------------    -------------------
    SLICE_X61Y25         FDRE (Prop_fdre_C_Q)         0.141    -0.477 r  ddr3_arbiter_inst/phy_instance/r_mem_init_done_reg/Q
                         net (fo=25, routed)          2.119     1.641    LED_OBUF[0]
    C13                  OBUF (Prop_obuf_I_O)         1.220     2.862 r  LED_OBUF[0]_inst/O
                         net (fo=0)                   0.000     2.862    LED[0]
    C13                                                               r  LED[0] (OUT)
  -------------------------------------------------------------------    -------------------

Slack:                    inf
  Source:                 ddr3_arbiter_inst/rdcal_instance/r_rd_cal_done_reg/C
                            (rising edge-triggered cell FDRE clocked by clk_out4_div_clk_wiz_1  {rise@0.000ns fall@2.500ns period=5.000ns})
  Destination:            LED[3]
                            (output port)
  Path Group:             (none)
  Path Type:              Min at Fast Process Corner
  Data Path Delay:        3.515ns  (logic 1.390ns (39.529%)  route 2.126ns (60.471%))
  Logic Levels:           1  (OBUF=1)
  Clock Uncertainty:      0.182ns  ((TSJ^2 + DJ^2)^1/2) / 2 + PE
    Total System Jitter     (TSJ):    0.050ns
    Discrete Jitter          (DJ):    0.126ns
    Phase Error              (PE):    0.114ns

    Location             Delay type                Incr(ns)  Path(ns)    Netlist Resource(s)
  -------------------------------------------------------------------    -------------------
                         (clock clk_out4_div_clk_wiz_1 rise edge)
                                                      0.000     0.000 r  
    N15                                               0.000     0.000 r  DDR3_CLK100 (IN)
                         net (fo=0)                   0.000     0.000    ddr3_arbiter_inst/clkgen_ddr3ctrl_instance/inst/clk_in1
    N15                  IBUF (Prop_ibuf_I_O)         0.209     0.209 r  ddr3_arbiter_inst/clkgen_ddr3ctrl_instance/inst/clkin1_ibufg/O
                         net (fo=1, routed)           0.440     0.649    ddr3_arbiter_inst/clkgen_ddr3ctrl_instance/inst/clk_in1_clk_wiz_1
    MMCME2_ADV_X0Y0      MMCME2_ADV (Prop_mmcme2_adv_CLKIN1_CLKOUT4)
                                                     -2.362    -1.714 r  ddr3_arbiter_inst/clkgen_ddr3ctrl_instance/inst/mmcm_adv_inst/CLKOUT4
                         net (fo=1, routed)           0.489    -1.225    ddr3_arbiter_inst/clkgen_ddr3ctrl_instance/inst/clk_out4_div_clk_wiz_1
    BUFGCTRL_X0Y0        BUFG (Prop_bufg_I_O)         0.026    -1.199 r  ddr3_arbiter_inst/clkgen_ddr3ctrl_instance/inst/clkout5_buf/O
                         net (fo=1800, routed)        0.565    -0.634    ddr3_arbiter_inst/rdcal_instance/CLK
    SLICE_X54Y41         FDRE                                         r  ddr3_arbiter_inst/rdcal_instance/r_rd_cal_done_reg/C
  -------------------------------------------------------------------    -------------------
    SLICE_X54Y41         FDRE (Prop_fdre_C_Q)         0.164    -0.470 r  ddr3_arbiter_inst/rdcal_instance/r_rd_cal_done_reg/Q
                         net (fo=159, routed)         2.126     1.655    LED_OBUF[3]
    D15                  OBUF (Prop_obuf_I_O)         1.226     2.881 r  LED_OBUF[3]_inst/O
                         net (fo=0)                   0.000     2.881    LED[3]
    D15                                                               r  LED[3] (OUT)
  -------------------------------------------------------------------    -------------------

Slack:                    inf
  Source:                 r4_rx_byte_index_reg[0]/C
                            (rising edge-triggered cell FDRE clocked by clk_out4_div_clk_wiz_1  {rise@0.000ns fall@2.500ns period=5.000ns})
  Destination:            RGBLED1[1]
                            (output port)
  Path Group:             (none)
  Path Type:              Min at Fast Process Corner
  Data Path Delay:        4.015ns  (logic 1.496ns (37.267%)  route 2.519ns (62.733%))
  Logic Levels:           2  (LUT1=1 OBUF=1)
  Clock Uncertainty:      0.182ns  ((TSJ^2 + DJ^2)^1/2) / 2 + PE
    Total System Jitter     (TSJ):    0.050ns
    Discrete Jitter          (DJ):    0.126ns
    Phase Error              (PE):    0.114ns

    Location             Delay type                Incr(ns)  Path(ns)    Netlist Resource(s)
  -------------------------------------------------------------------    -------------------
                         (clock clk_out4_div_clk_wiz_1 rise edge)
                                                      0.000     0.000 r  
    N15                                               0.000     0.000 r  DDR3_CLK100 (IN)
                         net (fo=0)                   0.000     0.000    ddr3_arbiter_inst/clkgen_ddr3ctrl_instance/inst/clk_in1
    N15                  IBUF (Prop_ibuf_I_O)         0.209     0.209 r  ddr3_arbiter_inst/clkgen_ddr3ctrl_instance/inst/clkin1_ibufg/O
                         net (fo=1, routed)           0.440     0.649    ddr3_arbiter_inst/clkgen_ddr3ctrl_instance/inst/clk_in1_clk_wiz_1
    MMCME2_ADV_X0Y0      MMCME2_ADV (Prop_mmcme2_adv_CLKIN1_CLKOUT4)
                                                     -2.362    -1.714 r  ddr3_arbiter_inst/clkgen_ddr3ctrl_instance/inst/mmcm_adv_inst/CLKOUT4
                         net (fo=1, routed)           0.489    -1.225    ddr3_arbiter_inst/clkgen_ddr3ctrl_instance/inst/clk_out4_div_clk_wiz_1
    BUFGCTRL_X0Y0        BUFG (Prop_bufg_I_O)         0.026    -1.199 r  ddr3_arbiter_inst/clkgen_ddr3ctrl_instance/inst/clkout5_buf/O
                         net (fo=1800, routed)        0.553    -0.646    w_uart_clk
    SLICE_X36Y28         FDRE                                         r  r4_rx_byte_index_reg[0]/C
  -------------------------------------------------------------------    -------------------
    SLICE_X36Y28         FDRE (Prop_fdre_C_Q)         0.141    -0.505 f  r4_rx_byte_index_reg[0]/Q
                         net (fo=20, routed)          0.252    -0.253    r4_rx_byte_index_reg[0]
    SLICE_X36Y28         LUT1 (Prop_lut1_I0_O)        0.042    -0.211 r  RGBLED1_OBUF[1]_inst_i_1/O
                         net (fo=2, routed)           2.267     2.056    RGBLED1_OBUF[1]
    C10                  OBUF (Prop_obuf_I_O)         1.313     3.369 r  RGBLED1_OBUF[1]_inst/O
                         net (fo=0)                   0.000     3.369    RGBLED1[1]
    C10                                                               r  RGBLED1[1] (OUT)
  -------------------------------------------------------------------    -------------------





--------------------------------------------------------------------------------------
Path Group:  (none)
From Clock:  clkfbout_clk_wiz_1
  To Clock:  

Max Delay             1 Endpoint
Min Delay             1 Endpoint
--------------------------------------------------------------------------------------


Max Delay Paths
--------------------------------------------------------------------------------------
Slack:                    inf
  Source:                 ddr3_arbiter_inst/clkgen_ddr3ctrl_instance/inst/mmcm_adv_inst/CLKFBOUT
                            (clock source 'clkfbout_clk_wiz_1'  {rise@0.000ns fall@5.000ns period=10.000ns})
  Destination:            ddr3_arbiter_inst/clkgen_ddr3ctrl_instance/inst/mmcm_adv_inst/CLKFBIN
  Path Group:             (none)
  Path Type:              Max at Fast Process Corner
  Data Path Delay:        1.378ns  (logic 0.029ns (2.104%)  route 1.349ns (97.896%))
  Logic Levels:           1  (BUFG=1)
  Clock Uncertainty:      0.169ns  ((TSJ^2 + DJ^2)^1/2) / 2 + PE
    Total System Jitter     (TSJ):    0.050ns
    Discrete Jitter          (DJ):    0.098ns
    Phase Error              (PE):    0.114ns

    Location             Delay type                Incr(ns)  Path(ns)    Netlist Resource(s)
  -------------------------------------------------------------------    -------------------
                         (clock clkfbout_clk_wiz_1 fall edge)
                                                      5.000     5.000 f  
    N15                                               0.000     5.000 f  DDR3_CLK100 (IN)
                         net (fo=0)                   0.000     5.000    ddr3_arbiter_inst/clkgen_ddr3ctrl_instance/inst/clk_in1
    N15                  IBUF (Prop_ibuf_I_O)         0.396     5.396 f  ddr3_arbiter_inst/clkgen_ddr3ctrl_instance/inst/clkin1_ibufg/O
                         net (fo=1, routed)           0.480     5.876    ddr3_arbiter_inst/clkgen_ddr3ctrl_instance/inst/clk_in1_clk_wiz_1
  -------------------------------------------------------------------    -------------------
    MMCME2_ADV_X0Y0      MMCME2_ADV (Prop_mmcme2_adv_CLKIN1_CLKFBOUT)
                                                     -3.145     2.731 f  ddr3_arbiter_inst/clkgen_ddr3ctrl_instance/inst/mmcm_adv_inst/CLKFBOUT
                         net (fo=1, routed)           0.534     3.265    ddr3_arbiter_inst/clkgen_ddr3ctrl_instance/inst/clkfbout_clk_wiz_1
    BUFGCTRL_X0Y4        BUFG (Prop_bufg_I_O)         0.029     3.294 f  ddr3_arbiter_inst/clkgen_ddr3ctrl_instance/inst/clkf_buf/O
                         net (fo=1, routed)           0.816     4.109    ddr3_arbiter_inst/clkgen_ddr3ctrl_instance/inst/clkfbout_buf_clk_wiz_1
    MMCME2_ADV_X0Y0      MMCME2_ADV                                   f  ddr3_arbiter_inst/clkgen_ddr3ctrl_instance/inst/mmcm_adv_inst/CLKFBIN
  -------------------------------------------------------------------    -------------------





Min Delay Paths
--------------------------------------------------------------------------------------
Slack:                    inf
  Source:                 ddr3_arbiter_inst/clkgen_ddr3ctrl_instance/inst/mmcm_adv_inst/CLKFBOUT
                            (clock source 'clkfbout_clk_wiz_1'  {rise@0.000ns fall@5.000ns period=10.000ns})
  Destination:            ddr3_arbiter_inst/clkgen_ddr3ctrl_instance/inst/mmcm_adv_inst/CLKFBIN
  Path Group:             (none)
  Path Type:              Min at Slow Process Corner
  Data Path Delay:        3.133ns  (logic 0.091ns (2.904%)  route 3.042ns (97.096%))
  Logic Levels:           1  (BUFG=1)
  Clock Uncertainty:      0.169ns  ((TSJ^2 + DJ^2)^1/2) / 2 + PE
    Total System Jitter     (TSJ):    0.050ns
    Discrete Jitter          (DJ):    0.098ns
    Phase Error              (PE):    0.114ns

    Location             Delay type                Incr(ns)  Path(ns)    Netlist Resource(s)
  -------------------------------------------------------------------    -------------------
                         (clock clkfbout_clk_wiz_1 rise edge)
                                                      0.000     0.000 r  
    N15                                               0.000     0.000 r  DDR3_CLK100 (IN)
                         net (fo=0)                   0.000     0.000    ddr3_arbiter_inst/clkgen_ddr3ctrl_instance/inst/clk_in1
    N15                  IBUF (Prop_ibuf_I_O)         1.370     1.370 r  ddr3_arbiter_inst/clkgen_ddr3ctrl_instance/inst/clkin1_ibufg/O
                         net (fo=1, routed)           1.162     2.532    ddr3_arbiter_inst/clkgen_ddr3ctrl_instance/inst/clk_in1_clk_wiz_1
  -------------------------------------------------------------------    -------------------
    MMCME2_ADV_X0Y0      MMCME2_ADV (Prop_mmcme2_adv_CLKIN1_CLKFBOUT)
                                                     -7.221    -4.689 r  ddr3_arbiter_inst/clkgen_ddr3ctrl_instance/inst/mmcm_adv_inst/CLKFBOUT
                         net (fo=1, routed)           1.587    -3.102    ddr3_arbiter_inst/clkgen_ddr3ctrl_instance/inst/clkfbout_clk_wiz_1
    BUFGCTRL_X0Y4        BUFG (Prop_bufg_I_O)         0.091    -3.011 r  ddr3_arbiter_inst/clkgen_ddr3ctrl_instance/inst/clkf_buf/O
                         net (fo=1, routed)           1.455    -1.556    ddr3_arbiter_inst/clkgen_ddr3ctrl_instance/inst/clkfbout_buf_clk_wiz_1
    MMCME2_ADV_X0Y0      MMCME2_ADV                                   r  ddr3_arbiter_inst/clkgen_ddr3ctrl_instance/inst/mmcm_adv_inst/CLKFBIN
  -------------------------------------------------------------------    -------------------





--------------------------------------------------------------------------------------
Path Group:  (none)
From Clock:  
  To Clock:  clk_out4_div_clk_wiz_1

Max Delay            35 Endpoints
Min Delay            35 Endpoints
--------------------------------------------------------------------------------------


Max Delay Paths
--------------------------------------------------------------------------------------
Slack:                    inf
  Source:                 UART_TXD_IN
                            (input port)
  Destination:            uart_rx_instance/FSM_sequential_r3_state_reg[0]/D
                            (rising edge-triggered cell FDRE clocked by clk_out4_div_clk_wiz_1  {rise@0.000ns fall@2.500ns period=5.000ns})
  Path Group:             (none)
  Path Type:              Setup (Max at Slow Process Corner)
  Data Path Delay:        7.833ns  (logic 1.742ns (22.233%)  route 6.092ns (77.767%))
  Logic Levels:           3  (IBUF=1 LUT3=1 LUT6=1)
  Clock Path Skew:        -1.574ns (DCD - SCD + CPR)
    Destination Clock Delay (DCD):    -1.574ns
    Source Clock Delay      (SCD):    0.000ns
    Clock Pessimism Removal (CPR):    0.000ns
  Clock Uncertainty:      0.182ns  ((TSJ^2 + DJ^2)^1/2) / 2 + PE
    Total System Jitter     (TSJ):    0.050ns
    Discrete Jitter          (DJ):    0.126ns
    Phase Error              (PE):    0.114ns

    Location             Delay type                Incr(ns)  Path(ns)    Netlist Resource(s)
  -------------------------------------------------------------------    -------------------
    B16                                               0.000     0.000 f  UART_TXD_IN (IN)
                         net (fo=0)                   0.000     0.000    UART_TXD_IN
    B16                  IBUF (Prop_ibuf_I_O)         1.494     1.494 f  UART_TXD_IN_IBUF_inst/O
                         net (fo=11, routed)          5.493     6.986    uart_rx_instance/UART_TXD_IN_IBUF
    SLICE_X50Y23         LUT6 (Prop_lut6_I1_O)        0.124     7.110 r  uart_rx_instance/FSM_sequential_r3_state[2]_i_2/O
                         net (fo=3, routed)           0.599     7.709    uart_rx_instance/FSM_sequential_r3_state[2]_i_2_n_0
    SLICE_X52Y23         LUT3 (Prop_lut3_I1_O)        0.124     7.833 r  uart_rx_instance/FSM_sequential_r3_state[0]_i_1/O
                         net (fo=1, routed)           0.000     7.833    uart_rx_instance/FSM_sequential_r3_state[0]_i_1_n_0
    SLICE_X52Y23         FDRE                                         r  uart_rx_instance/FSM_sequential_r3_state_reg[0]/D
  -------------------------------------------------------------------    -------------------

                         (clock clk_out4_div_clk_wiz_1 rise edge)
                                                      0.000     0.000 r  
    N15                                               0.000     0.000 r  DDR3_CLK100 (IN)
                         net (fo=0)                   0.000     0.000    ddr3_arbiter_inst/clkgen_ddr3ctrl_instance/inst/clk_in1
    N15                  IBUF (Prop_ibuf_I_O)         1.370     1.370 r  ddr3_arbiter_inst/clkgen_ddr3ctrl_instance/inst/clkin1_ibufg/O
                         net (fo=1, routed)           1.162     2.532    ddr3_arbiter_inst/clkgen_ddr3ctrl_instance/inst/clk_in1_clk_wiz_1
    MMCME2_ADV_X0Y0      MMCME2_ADV (Prop_mmcme2_adv_CLKIN1_CLKOUT4)
                                                     -7.221    -4.689 r  ddr3_arbiter_inst/clkgen_ddr3ctrl_instance/inst/mmcm_adv_inst/CLKOUT4
                         net (fo=1, routed)           1.587    -3.102    ddr3_arbiter_inst/clkgen_ddr3ctrl_instance/inst/clk_out4_div_clk_wiz_1
    BUFGCTRL_X0Y0        BUFG (Prop_bufg_I_O)         0.091    -3.011 r  ddr3_arbiter_inst/clkgen_ddr3ctrl_instance/inst/clkout5_buf/O
                         net (fo=1800, routed)        1.437    -1.574    uart_rx_instance/clk_out4_div
    SLICE_X52Y23         FDRE                                         r  uart_rx_instance/FSM_sequential_r3_state_reg[0]/C

Slack:                    inf
  Source:                 UART_TXD_IN
                            (input port)
  Destination:            uart_rx_instance/FSM_sequential_r3_state_reg[1]/D
                            (rising edge-triggered cell FDRE clocked by clk_out4_div_clk_wiz_1  {rise@0.000ns fall@2.500ns period=5.000ns})
  Path Group:             (none)
  Path Type:              Setup (Max at Slow Process Corner)
  Data Path Delay:        7.663ns  (logic 1.742ns (22.727%)  route 5.922ns (77.273%))
  Logic Levels:           3  (IBUF=1 LUT5=1 LUT6=1)
  Clock Path Skew:        -1.573ns (DCD - SCD + CPR)
    Destination Clock Delay (DCD):    -1.573ns
    Source Clock Delay      (SCD):    0.000ns
    Clock Pessimism Removal (CPR):    0.000ns
  Clock Uncertainty:      0.182ns  ((TSJ^2 + DJ^2)^1/2) / 2 + PE
    Total System Jitter     (TSJ):    0.050ns
    Discrete Jitter          (DJ):    0.126ns
    Phase Error              (PE):    0.114ns

    Location             Delay type                Incr(ns)  Path(ns)    Netlist Resource(s)
  -------------------------------------------------------------------    -------------------
    B16                                               0.000     0.000 f  UART_TXD_IN (IN)
                         net (fo=0)                   0.000     0.000    UART_TXD_IN
    B16                  IBUF (Prop_ibuf_I_O)         1.494     1.494 f  UART_TXD_IN_IBUF_inst/O
                         net (fo=11, routed)          5.493     6.986    uart_rx_instance/UART_TXD_IN_IBUF
    SLICE_X50Y23         LUT6 (Prop_lut6_I1_O)        0.124     7.110 r  uart_rx_instance/FSM_sequential_r3_state[2]_i_2/O
                         net (fo=3, routed)           0.429     7.539    uart_rx_instance/FSM_sequential_r3_state[2]_i_2_n_0
    SLICE_X50Y22         LUT5 (Prop_lut5_I3_O)        0.124     7.663 r  uart_rx_instance/FSM_sequential_r3_state[1]_i_1/O
                         net (fo=1, routed)           0.000     7.663    uart_rx_instance/FSM_sequential_r3_state[1]_i_1_n_0
    SLICE_X50Y22         FDRE                                         r  uart_rx_instance/FSM_sequential_r3_state_reg[1]/D
  -------------------------------------------------------------------    -------------------

                         (clock clk_out4_div_clk_wiz_1 rise edge)
                                                      0.000     0.000 r  
    N15                                               0.000     0.000 r  DDR3_CLK100 (IN)
                         net (fo=0)                   0.000     0.000    ddr3_arbiter_inst/clkgen_ddr3ctrl_instance/inst/clk_in1
    N15                  IBUF (Prop_ibuf_I_O)         1.370     1.370 r  ddr3_arbiter_inst/clkgen_ddr3ctrl_instance/inst/clkin1_ibufg/O
                         net (fo=1, routed)           1.162     2.532    ddr3_arbiter_inst/clkgen_ddr3ctrl_instance/inst/clk_in1_clk_wiz_1
    MMCME2_ADV_X0Y0      MMCME2_ADV (Prop_mmcme2_adv_CLKIN1_CLKOUT4)
                                                     -7.221    -4.689 r  ddr3_arbiter_inst/clkgen_ddr3ctrl_instance/inst/mmcm_adv_inst/CLKOUT4
                         net (fo=1, routed)           1.587    -3.102    ddr3_arbiter_inst/clkgen_ddr3ctrl_instance/inst/clk_out4_div_clk_wiz_1
    BUFGCTRL_X0Y0        BUFG (Prop_bufg_I_O)         0.091    -3.011 r  ddr3_arbiter_inst/clkgen_ddr3ctrl_instance/inst/clkout5_buf/O
                         net (fo=1800, routed)        1.438    -1.573    uart_rx_instance/clk_out4_div
    SLICE_X50Y22         FDRE                                         r  uart_rx_instance/FSM_sequential_r3_state_reg[1]/C

Slack:                    inf
  Source:                 UART_TXD_IN
                            (input port)
  Destination:            uart_rx_instance/FSM_sequential_r3_state_reg[2]/D
                            (rising edge-triggered cell FDRE clocked by clk_out4_div_clk_wiz_1  {rise@0.000ns fall@2.500ns period=5.000ns})
  Path Group:             (none)
  Path Type:              Setup (Max at Slow Process Corner)
  Data Path Delay:        7.655ns  (logic 1.734ns (22.646%)  route 5.922ns (77.354%))
  Logic Levels:           3  (IBUF=1 LUT4=1 LUT6=1)
  Clock Path Skew:        -1.573ns (DCD - SCD + CPR)
    Destination Clock Delay (DCD):    -1.573ns
    Source Clock Delay      (SCD):    0.000ns
    Clock Pessimism Removal (CPR):    0.000ns
  Clock Uncertainty:      0.182ns  ((TSJ^2 + DJ^2)^1/2) / 2 + PE
    Total System Jitter     (TSJ):    0.050ns
    Discrete Jitter          (DJ):    0.126ns
    Phase Error              (PE):    0.114ns

    Location             Delay type                Incr(ns)  Path(ns)    Netlist Resource(s)
  -------------------------------------------------------------------    -------------------
    B16                                               0.000     0.000 f  UART_TXD_IN (IN)
                         net (fo=0)                   0.000     0.000    UART_TXD_IN
    B16                  IBUF (Prop_ibuf_I_O)         1.494     1.494 f  UART_TXD_IN_IBUF_inst/O
                         net (fo=11, routed)          5.493     6.986    uart_rx_instance/UART_TXD_IN_IBUF
    SLICE_X50Y23         LUT6 (Prop_lut6_I1_O)        0.124     7.110 r  uart_rx_instance/FSM_sequential_r3_state[2]_i_2/O
                         net (fo=3, routed)           0.429     7.539    uart_rx_instance/FSM_sequential_r3_state[2]_i_2_n_0
    SLICE_X50Y22         LUT4 (Prop_lut4_I2_O)        0.116     7.655 r  uart_rx_instance/FSM_sequential_r3_state[2]_i_1/O
                         net (fo=1, routed)           0.000     7.655    uart_rx_instance/FSM_sequential_r3_state[2]_i_1_n_0
    SLICE_X50Y22         FDRE                                         r  uart_rx_instance/FSM_sequential_r3_state_reg[2]/D
  -------------------------------------------------------------------    -------------------

                         (clock clk_out4_div_clk_wiz_1 rise edge)
                                                      0.000     0.000 r  
    N15                                               0.000     0.000 r  DDR3_CLK100 (IN)
                         net (fo=0)                   0.000     0.000    ddr3_arbiter_inst/clkgen_ddr3ctrl_instance/inst/clk_in1
    N15                  IBUF (Prop_ibuf_I_O)         1.370     1.370 r  ddr3_arbiter_inst/clkgen_ddr3ctrl_instance/inst/clkin1_ibufg/O
                         net (fo=1, routed)           1.162     2.532    ddr3_arbiter_inst/clkgen_ddr3ctrl_instance/inst/clk_in1_clk_wiz_1
    MMCME2_ADV_X0Y0      MMCME2_ADV (Prop_mmcme2_adv_CLKIN1_CLKOUT4)
                                                     -7.221    -4.689 r  ddr3_arbiter_inst/clkgen_ddr3ctrl_instance/inst/mmcm_adv_inst/CLKOUT4
                         net (fo=1, routed)           1.587    -3.102    ddr3_arbiter_inst/clkgen_ddr3ctrl_instance/inst/clk_out4_div_clk_wiz_1
    BUFGCTRL_X0Y0        BUFG (Prop_bufg_I_O)         0.091    -3.011 r  ddr3_arbiter_inst/clkgen_ddr3ctrl_instance/inst/clkout5_buf/O
                         net (fo=1800, routed)        1.438    -1.573    uart_rx_instance/clk_out4_div
    SLICE_X50Y22         FDRE                                         r  uart_rx_instance/FSM_sequential_r3_state_reg[2]/C

Slack:                    inf
  Source:                 UART_TXD_IN
                            (input port)
  Destination:            uart_rx_instance/rn_bit_tmr_reg[1]/CE
                            (rising edge-triggered cell FDRE clocked by clk_out4_div_clk_wiz_1  {rise@0.000ns fall@2.500ns period=5.000ns})
  Path Group:             (none)
  Path Type:              Setup (Max at Slow Process Corner)
  Data Path Delay:        7.653ns  (logic 1.618ns (21.138%)  route 6.035ns (78.862%))
  Logic Levels:           2  (IBUF=1 LUT6=1)
  Clock Path Skew:        -1.576ns (DCD - SCD + CPR)
    Destination Clock Delay (DCD):    -1.576ns
    Source Clock Delay      (SCD):    0.000ns
    Clock Pessimism Removal (CPR):    0.000ns
  Clock Uncertainty:      0.182ns  ((TSJ^2 + DJ^2)^1/2) / 2 + PE
    Total System Jitter     (TSJ):    0.050ns
    Discrete Jitter          (DJ):    0.126ns
    Phase Error              (PE):    0.114ns

    Location             Delay type                Incr(ns)  Path(ns)    Netlist Resource(s)
  -------------------------------------------------------------------    -------------------
    B16                                               0.000     0.000 f  UART_TXD_IN (IN)
                         net (fo=0)                   0.000     0.000    UART_TXD_IN
    B16                  IBUF (Prop_ibuf_I_O)         1.494     1.494 f  UART_TXD_IN_IBUF_inst/O
                         net (fo=11, routed)          5.515     7.008    uart_rx_instance/UART_TXD_IN_IBUF
    SLICE_X51Y23         LUT6 (Prop_lut6_I5_O)        0.124     7.132 r  uart_rx_instance/rn_bit_tmr[6]_i_2/O
                         net (fo=7, routed)           0.520     7.653    uart_rx_instance/rn_bit_tmr
    SLICE_X51Y24         FDRE                                         r  uart_rx_instance/rn_bit_tmr_reg[1]/CE
  -------------------------------------------------------------------    -------------------

                         (clock clk_out4_div_clk_wiz_1 rise edge)
                                                      0.000     0.000 r  
    N15                                               0.000     0.000 r  DDR3_CLK100 (IN)
                         net (fo=0)                   0.000     0.000    ddr3_arbiter_inst/clkgen_ddr3ctrl_instance/inst/clk_in1
    N15                  IBUF (Prop_ibuf_I_O)         1.370     1.370 r  ddr3_arbiter_inst/clkgen_ddr3ctrl_instance/inst/clkin1_ibufg/O
                         net (fo=1, routed)           1.162     2.532    ddr3_arbiter_inst/clkgen_ddr3ctrl_instance/inst/clk_in1_clk_wiz_1
    MMCME2_ADV_X0Y0      MMCME2_ADV (Prop_mmcme2_adv_CLKIN1_CLKOUT4)
                                                     -7.221    -4.689 r  ddr3_arbiter_inst/clkgen_ddr3ctrl_instance/inst/mmcm_adv_inst/CLKOUT4
                         net (fo=1, routed)           1.587    -3.102    ddr3_arbiter_inst/clkgen_ddr3ctrl_instance/inst/clk_out4_div_clk_wiz_1
    BUFGCTRL_X0Y0        BUFG (Prop_bufg_I_O)         0.091    -3.011 r  ddr3_arbiter_inst/clkgen_ddr3ctrl_instance/inst/clkout5_buf/O
                         net (fo=1800, routed)        1.435    -1.576    uart_rx_instance/clk_out4_div
    SLICE_X51Y24         FDRE                                         r  uart_rx_instance/rn_bit_tmr_reg[1]/C

Slack:                    inf
  Source:                 UART_TXD_IN
                            (input port)
  Destination:            uart_rx_instance/rn_bit_tmr_reg[4]/CE
                            (rising edge-triggered cell FDRE clocked by clk_out4_div_clk_wiz_1  {rise@0.000ns fall@2.500ns period=5.000ns})
  Path Group:             (none)
  Path Type:              Setup (Max at Slow Process Corner)
  Data Path Delay:        7.653ns  (logic 1.618ns (21.138%)  route 6.035ns (78.862%))
  Logic Levels:           2  (IBUF=1 LUT6=1)
  Clock Path Skew:        -1.576ns (DCD - SCD + CPR)
    Destination Clock Delay (DCD):    -1.576ns
    Source Clock Delay      (SCD):    0.000ns
    Clock Pessimism Removal (CPR):    0.000ns
  Clock Uncertainty:      0.182ns  ((TSJ^2 + DJ^2)^1/2) / 2 + PE
    Total System Jitter     (TSJ):    0.050ns
    Discrete Jitter          (DJ):    0.126ns
    Phase Error              (PE):    0.114ns

    Location             Delay type                Incr(ns)  Path(ns)    Netlist Resource(s)
  -------------------------------------------------------------------    -------------------
    B16                                               0.000     0.000 f  UART_TXD_IN (IN)
                         net (fo=0)                   0.000     0.000    UART_TXD_IN
    B16                  IBUF (Prop_ibuf_I_O)         1.494     1.494 f  UART_TXD_IN_IBUF_inst/O
                         net (fo=11, routed)          5.515     7.008    uart_rx_instance/UART_TXD_IN_IBUF
    SLICE_X51Y23         LUT6 (Prop_lut6_I5_O)        0.124     7.132 r  uart_rx_instance/rn_bit_tmr[6]_i_2/O
                         net (fo=7, routed)           0.520     7.653    uart_rx_instance/rn_bit_tmr
    SLICE_X51Y24         FDRE                                         r  uart_rx_instance/rn_bit_tmr_reg[4]/CE
  -------------------------------------------------------------------    -------------------

                         (clock clk_out4_div_clk_wiz_1 rise edge)
                                                      0.000     0.000 r  
    N15                                               0.000     0.000 r  DDR3_CLK100 (IN)
                         net (fo=0)                   0.000     0.000    ddr3_arbiter_inst/clkgen_ddr3ctrl_instance/inst/clk_in1
    N15                  IBUF (Prop_ibuf_I_O)         1.370     1.370 r  ddr3_arbiter_inst/clkgen_ddr3ctrl_instance/inst/clkin1_ibufg/O
                         net (fo=1, routed)           1.162     2.532    ddr3_arbiter_inst/clkgen_ddr3ctrl_instance/inst/clk_in1_clk_wiz_1
    MMCME2_ADV_X0Y0      MMCME2_ADV (Prop_mmcme2_adv_CLKIN1_CLKOUT4)
                                                     -7.221    -4.689 r  ddr3_arbiter_inst/clkgen_ddr3ctrl_instance/inst/mmcm_adv_inst/CLKOUT4
                         net (fo=1, routed)           1.587    -3.102    ddr3_arbiter_inst/clkgen_ddr3ctrl_instance/inst/clk_out4_div_clk_wiz_1
    BUFGCTRL_X0Y0        BUFG (Prop_bufg_I_O)         0.091    -3.011 r  ddr3_arbiter_inst/clkgen_ddr3ctrl_instance/inst/clkout5_buf/O
                         net (fo=1800, routed)        1.435    -1.576    uart_rx_instance/clk_out4_div
    SLICE_X51Y24         FDRE                                         r  uart_rx_instance/rn_bit_tmr_reg[4]/C

Slack:                    inf
  Source:                 UART_TXD_IN
                            (input port)
  Destination:            uart_rx_instance/rn_bit_tmr_reg[5]/CE
                            (rising edge-triggered cell FDRE clocked by clk_out4_div_clk_wiz_1  {rise@0.000ns fall@2.500ns period=5.000ns})
  Path Group:             (none)
  Path Type:              Setup (Max at Slow Process Corner)
  Data Path Delay:        7.653ns  (logic 1.618ns (21.138%)  route 6.035ns (78.862%))
  Logic Levels:           2  (IBUF=1 LUT6=1)
  Clock Path Skew:        -1.576ns (DCD - SCD + CPR)
    Destination Clock Delay (DCD):    -1.576ns
    Source Clock Delay      (SCD):    0.000ns
    Clock Pessimism Removal (CPR):    0.000ns
  Clock Uncertainty:      0.182ns  ((TSJ^2 + DJ^2)^1/2) / 2 + PE
    Total System Jitter     (TSJ):    0.050ns
    Discrete Jitter          (DJ):    0.126ns
    Phase Error              (PE):    0.114ns

    Location             Delay type                Incr(ns)  Path(ns)    Netlist Resource(s)
  -------------------------------------------------------------------    -------------------
    B16                                               0.000     0.000 f  UART_TXD_IN (IN)
                         net (fo=0)                   0.000     0.000    UART_TXD_IN
    B16                  IBUF (Prop_ibuf_I_O)         1.494     1.494 f  UART_TXD_IN_IBUF_inst/O
                         net (fo=11, routed)          5.515     7.008    uart_rx_instance/UART_TXD_IN_IBUF
    SLICE_X51Y23         LUT6 (Prop_lut6_I5_O)        0.124     7.132 r  uart_rx_instance/rn_bit_tmr[6]_i_2/O
                         net (fo=7, routed)           0.520     7.653    uart_rx_instance/rn_bit_tmr
    SLICE_X51Y24         FDRE                                         r  uart_rx_instance/rn_bit_tmr_reg[5]/CE
  -------------------------------------------------------------------    -------------------

                         (clock clk_out4_div_clk_wiz_1 rise edge)
                                                      0.000     0.000 r  
    N15                                               0.000     0.000 r  DDR3_CLK100 (IN)
                         net (fo=0)                   0.000     0.000    ddr3_arbiter_inst/clkgen_ddr3ctrl_instance/inst/clk_in1
    N15                  IBUF (Prop_ibuf_I_O)         1.370     1.370 r  ddr3_arbiter_inst/clkgen_ddr3ctrl_instance/inst/clkin1_ibufg/O
                         net (fo=1, routed)           1.162     2.532    ddr3_arbiter_inst/clkgen_ddr3ctrl_instance/inst/clk_in1_clk_wiz_1
    MMCME2_ADV_X0Y0      MMCME2_ADV (Prop_mmcme2_adv_CLKIN1_CLKOUT4)
                                                     -7.221    -4.689 r  ddr3_arbiter_inst/clkgen_ddr3ctrl_instance/inst/mmcm_adv_inst/CLKOUT4
                         net (fo=1, routed)           1.587    -3.102    ddr3_arbiter_inst/clkgen_ddr3ctrl_instance/inst/clk_out4_div_clk_wiz_1
    BUFGCTRL_X0Y0        BUFG (Prop_bufg_I_O)         0.091    -3.011 r  ddr3_arbiter_inst/clkgen_ddr3ctrl_instance/inst/clkout5_buf/O
                         net (fo=1800, routed)        1.435    -1.576    uart_rx_instance/clk_out4_div
    SLICE_X51Y24         FDRE                                         r  uart_rx_instance/rn_bit_tmr_reg[5]/C

Slack:                    inf
  Source:                 UART_TXD_IN
                            (input port)
  Destination:            uart_rx_instance/rn_bit_tmr_reg[6]/CE
                            (rising edge-triggered cell FDRE clocked by clk_out4_div_clk_wiz_1  {rise@0.000ns fall@2.500ns period=5.000ns})
  Path Group:             (none)
  Path Type:              Setup (Max at Slow Process Corner)
  Data Path Delay:        7.653ns  (logic 1.618ns (21.138%)  route 6.035ns (78.862%))
  Logic Levels:           2  (IBUF=1 LUT6=1)
  Clock Path Skew:        -1.576ns (DCD - SCD + CPR)
    Destination Clock Delay (DCD):    -1.576ns
    Source Clock Delay      (SCD):    0.000ns
    Clock Pessimism Removal (CPR):    0.000ns
  Clock Uncertainty:      0.182ns  ((TSJ^2 + DJ^2)^1/2) / 2 + PE
    Total System Jitter     (TSJ):    0.050ns
    Discrete Jitter          (DJ):    0.126ns
    Phase Error              (PE):    0.114ns

    Location             Delay type                Incr(ns)  Path(ns)    Netlist Resource(s)
  -------------------------------------------------------------------    -------------------
    B16                                               0.000     0.000 f  UART_TXD_IN (IN)
                         net (fo=0)                   0.000     0.000    UART_TXD_IN
    B16                  IBUF (Prop_ibuf_I_O)         1.494     1.494 f  UART_TXD_IN_IBUF_inst/O
                         net (fo=11, routed)          5.515     7.008    uart_rx_instance/UART_TXD_IN_IBUF
    SLICE_X51Y23         LUT6 (Prop_lut6_I5_O)        0.124     7.132 r  uart_rx_instance/rn_bit_tmr[6]_i_2/O
                         net (fo=7, routed)           0.520     7.653    uart_rx_instance/rn_bit_tmr
    SLICE_X51Y24         FDRE                                         r  uart_rx_instance/rn_bit_tmr_reg[6]/CE
  -------------------------------------------------------------------    -------------------

                         (clock clk_out4_div_clk_wiz_1 rise edge)
                                                      0.000     0.000 r  
    N15                                               0.000     0.000 r  DDR3_CLK100 (IN)
                         net (fo=0)                   0.000     0.000    ddr3_arbiter_inst/clkgen_ddr3ctrl_instance/inst/clk_in1
    N15                  IBUF (Prop_ibuf_I_O)         1.370     1.370 r  ddr3_arbiter_inst/clkgen_ddr3ctrl_instance/inst/clkin1_ibufg/O
                         net (fo=1, routed)           1.162     2.532    ddr3_arbiter_inst/clkgen_ddr3ctrl_instance/inst/clk_in1_clk_wiz_1
    MMCME2_ADV_X0Y0      MMCME2_ADV (Prop_mmcme2_adv_CLKIN1_CLKOUT4)
                                                     -7.221    -4.689 r  ddr3_arbiter_inst/clkgen_ddr3ctrl_instance/inst/mmcm_adv_inst/CLKOUT4
                         net (fo=1, routed)           1.587    -3.102    ddr3_arbiter_inst/clkgen_ddr3ctrl_instance/inst/clk_out4_div_clk_wiz_1
    BUFGCTRL_X0Y0        BUFG (Prop_bufg_I_O)         0.091    -3.011 r  ddr3_arbiter_inst/clkgen_ddr3ctrl_instance/inst/clkout5_buf/O
                         net (fo=1800, routed)        1.435    -1.576    uart_rx_instance/clk_out4_div
    SLICE_X51Y24         FDRE                                         r  uart_rx_instance/rn_bit_tmr_reg[6]/C

Slack:                    inf
  Source:                 UART_TXD_IN
                            (input port)
  Destination:            uart_rx_instance/rn_bit_tmr_reg[0]/CE
                            (rising edge-triggered cell FDRE clocked by clk_out4_div_clk_wiz_1  {rise@0.000ns fall@2.500ns period=5.000ns})
  Path Group:             (none)
  Path Type:              Setup (Max at Slow Process Corner)
  Data Path Delay:        7.463ns  (logic 1.618ns (21.674%)  route 5.846ns (78.326%))
  Logic Levels:           2  (IBUF=1 LUT6=1)
  Clock Path Skew:        -1.576ns (DCD - SCD + CPR)
    Destination Clock Delay (DCD):    -1.576ns
    Source Clock Delay      (SCD):    0.000ns
    Clock Pessimism Removal (CPR):    0.000ns
  Clock Uncertainty:      0.182ns  ((TSJ^2 + DJ^2)^1/2) / 2 + PE
    Total System Jitter     (TSJ):    0.050ns
    Discrete Jitter          (DJ):    0.126ns
    Phase Error              (PE):    0.114ns

    Location             Delay type                Incr(ns)  Path(ns)    Netlist Resource(s)
  -------------------------------------------------------------------    -------------------
    B16                                               0.000     0.000 f  UART_TXD_IN (IN)
                         net (fo=0)                   0.000     0.000    UART_TXD_IN
    B16                  IBUF (Prop_ibuf_I_O)         1.494     1.494 f  UART_TXD_IN_IBUF_inst/O
                         net (fo=11, routed)          5.515     7.008    uart_rx_instance/UART_TXD_IN_IBUF
    SLICE_X51Y23         LUT6 (Prop_lut6_I5_O)        0.124     7.132 r  uart_rx_instance/rn_bit_tmr[6]_i_2/O
                         net (fo=7, routed)           0.331     7.463    uart_rx_instance/rn_bit_tmr
    SLICE_X50Y24         FDRE                                         r  uart_rx_instance/rn_bit_tmr_reg[0]/CE
  -------------------------------------------------------------------    -------------------

                         (clock clk_out4_div_clk_wiz_1 rise edge)
                                                      0.000     0.000 r  
    N15                                               0.000     0.000 r  DDR3_CLK100 (IN)
                         net (fo=0)                   0.000     0.000    ddr3_arbiter_inst/clkgen_ddr3ctrl_instance/inst/clk_in1
    N15                  IBUF (Prop_ibuf_I_O)         1.370     1.370 r  ddr3_arbiter_inst/clkgen_ddr3ctrl_instance/inst/clkin1_ibufg/O
                         net (fo=1, routed)           1.162     2.532    ddr3_arbiter_inst/clkgen_ddr3ctrl_instance/inst/clk_in1_clk_wiz_1
    MMCME2_ADV_X0Y0      MMCME2_ADV (Prop_mmcme2_adv_CLKIN1_CLKOUT4)
                                                     -7.221    -4.689 r  ddr3_arbiter_inst/clkgen_ddr3ctrl_instance/inst/mmcm_adv_inst/CLKOUT4
                         net (fo=1, routed)           1.587    -3.102    ddr3_arbiter_inst/clkgen_ddr3ctrl_instance/inst/clk_out4_div_clk_wiz_1
    BUFGCTRL_X0Y0        BUFG (Prop_bufg_I_O)         0.091    -3.011 r  ddr3_arbiter_inst/clkgen_ddr3ctrl_instance/inst/clkout5_buf/O
                         net (fo=1800, routed)        1.435    -1.576    uart_rx_instance/clk_out4_div
    SLICE_X50Y24         FDRE                                         r  uart_rx_instance/rn_bit_tmr_reg[0]/C

Slack:                    inf
  Source:                 UART_TXD_IN
                            (input port)
  Destination:            uart_rx_instance/rn_bit_tmr_reg[2]/CE
                            (rising edge-triggered cell FDRE clocked by clk_out4_div_clk_wiz_1  {rise@0.000ns fall@2.500ns period=5.000ns})
  Path Group:             (none)
  Path Type:              Setup (Max at Slow Process Corner)
  Data Path Delay:        7.463ns  (logic 1.618ns (21.674%)  route 5.846ns (78.326%))
  Logic Levels:           2  (IBUF=1 LUT6=1)
  Clock Path Skew:        -1.576ns (DCD - SCD + CPR)
    Destination Clock Delay (DCD):    -1.576ns
    Source Clock Delay      (SCD):    0.000ns
    Clock Pessimism Removal (CPR):    0.000ns
  Clock Uncertainty:      0.182ns  ((TSJ^2 + DJ^2)^1/2) / 2 + PE
    Total System Jitter     (TSJ):    0.050ns
    Discrete Jitter          (DJ):    0.126ns
    Phase Error              (PE):    0.114ns

    Location             Delay type                Incr(ns)  Path(ns)    Netlist Resource(s)
  -------------------------------------------------------------------    -------------------
    B16                                               0.000     0.000 f  UART_TXD_IN (IN)
                         net (fo=0)                   0.000     0.000    UART_TXD_IN
    B16                  IBUF (Prop_ibuf_I_O)         1.494     1.494 f  UART_TXD_IN_IBUF_inst/O
                         net (fo=11, routed)          5.515     7.008    uart_rx_instance/UART_TXD_IN_IBUF
    SLICE_X51Y23         LUT6 (Prop_lut6_I5_O)        0.124     7.132 r  uart_rx_instance/rn_bit_tmr[6]_i_2/O
                         net (fo=7, routed)           0.331     7.463    uart_rx_instance/rn_bit_tmr
    SLICE_X50Y24         FDRE                                         r  uart_rx_instance/rn_bit_tmr_reg[2]/CE
  -------------------------------------------------------------------    -------------------

                         (clock clk_out4_div_clk_wiz_1 rise edge)
                                                      0.000     0.000 r  
    N15                                               0.000     0.000 r  DDR3_CLK100 (IN)
                         net (fo=0)                   0.000     0.000    ddr3_arbiter_inst/clkgen_ddr3ctrl_instance/inst/clk_in1
    N15                  IBUF (Prop_ibuf_I_O)         1.370     1.370 r  ddr3_arbiter_inst/clkgen_ddr3ctrl_instance/inst/clkin1_ibufg/O
                         net (fo=1, routed)           1.162     2.532    ddr3_arbiter_inst/clkgen_ddr3ctrl_instance/inst/clk_in1_clk_wiz_1
    MMCME2_ADV_X0Y0      MMCME2_ADV (Prop_mmcme2_adv_CLKIN1_CLKOUT4)
                                                     -7.221    -4.689 r  ddr3_arbiter_inst/clkgen_ddr3ctrl_instance/inst/mmcm_adv_inst/CLKOUT4
                         net (fo=1, routed)           1.587    -3.102    ddr3_arbiter_inst/clkgen_ddr3ctrl_instance/inst/clk_out4_div_clk_wiz_1
    BUFGCTRL_X0Y0        BUFG (Prop_bufg_I_O)         0.091    -3.011 r  ddr3_arbiter_inst/clkgen_ddr3ctrl_instance/inst/clkout5_buf/O
                         net (fo=1800, routed)        1.435    -1.576    uart_rx_instance/clk_out4_div
    SLICE_X50Y24         FDRE                                         r  uart_rx_instance/rn_bit_tmr_reg[2]/C

Slack:                    inf
  Source:                 UART_TXD_IN
                            (input port)
  Destination:            uart_rx_instance/rn_bit_tmr_reg[3]/CE
                            (rising edge-triggered cell FDRE clocked by clk_out4_div_clk_wiz_1  {rise@0.000ns fall@2.500ns period=5.000ns})
  Path Group:             (none)
  Path Type:              Setup (Max at Slow Process Corner)
  Data Path Delay:        7.463ns  (logic 1.618ns (21.674%)  route 5.846ns (78.326%))
  Logic Levels:           2  (IBUF=1 LUT6=1)
  Clock Path Skew:        -1.576ns (DCD - SCD + CPR)
    Destination Clock Delay (DCD):    -1.576ns
    Source Clock Delay      (SCD):    0.000ns
    Clock Pessimism Removal (CPR):    0.000ns
  Clock Uncertainty:      0.182ns  ((TSJ^2 + DJ^2)^1/2) / 2 + PE
    Total System Jitter     (TSJ):    0.050ns
    Discrete Jitter          (DJ):    0.126ns
    Phase Error              (PE):    0.114ns

    Location             Delay type                Incr(ns)  Path(ns)    Netlist Resource(s)
  -------------------------------------------------------------------    -------------------
    B16                                               0.000     0.000 f  UART_TXD_IN (IN)
                         net (fo=0)                   0.000     0.000    UART_TXD_IN
    B16                  IBUF (Prop_ibuf_I_O)         1.494     1.494 f  UART_TXD_IN_IBUF_inst/O
                         net (fo=11, routed)          5.515     7.008    uart_rx_instance/UART_TXD_IN_IBUF
    SLICE_X51Y23         LUT6 (Prop_lut6_I5_O)        0.124     7.132 r  uart_rx_instance/rn_bit_tmr[6]_i_2/O
                         net (fo=7, routed)           0.331     7.463    uart_rx_instance/rn_bit_tmr
    SLICE_X50Y24         FDRE                                         r  uart_rx_instance/rn_bit_tmr_reg[3]/CE
  -------------------------------------------------------------------    -------------------

                         (clock clk_out4_div_clk_wiz_1 rise edge)
                                                      0.000     0.000 r  
    N15                                               0.000     0.000 r  DDR3_CLK100 (IN)
                         net (fo=0)                   0.000     0.000    ddr3_arbiter_inst/clkgen_ddr3ctrl_instance/inst/clk_in1
    N15                  IBUF (Prop_ibuf_I_O)         1.370     1.370 r  ddr3_arbiter_inst/clkgen_ddr3ctrl_instance/inst/clkin1_ibufg/O
                         net (fo=1, routed)           1.162     2.532    ddr3_arbiter_inst/clkgen_ddr3ctrl_instance/inst/clk_in1_clk_wiz_1
    MMCME2_ADV_X0Y0      MMCME2_ADV (Prop_mmcme2_adv_CLKIN1_CLKOUT4)
                                                     -7.221    -4.689 r  ddr3_arbiter_inst/clkgen_ddr3ctrl_instance/inst/mmcm_adv_inst/CLKOUT4
                         net (fo=1, routed)           1.587    -3.102    ddr3_arbiter_inst/clkgen_ddr3ctrl_instance/inst/clk_out4_div_clk_wiz_1
    BUFGCTRL_X0Y0        BUFG (Prop_bufg_I_O)         0.091    -3.011 r  ddr3_arbiter_inst/clkgen_ddr3ctrl_instance/inst/clkout5_buf/O
                         net (fo=1800, routed)        1.435    -1.576    uart_rx_instance/clk_out4_div
    SLICE_X50Y24         FDRE                                         r  uart_rx_instance/rn_bit_tmr_reg[3]/C





Min Delay Paths
--------------------------------------------------------------------------------------
Slack:                    inf
  Source:                 SW[3]
                            (input port)
  Destination:            ddr3_arbiter_inst/r_phy_rst_reg/D
                            (rising edge-triggered cell FDRE clocked by clk_out4_div_clk_wiz_1  {rise@0.000ns fall@2.500ns period=5.000ns})
  Path Group:             (none)
  Path Type:              Hold (Min at Fast Process Corner)
  Data Path Delay:        1.351ns  (logic 0.303ns (22.426%)  route 1.048ns (77.574%))
  Logic Levels:           2  (IBUF=1 LUT4=1)
  Clock Path Skew:        -0.856ns (DCD - SCD - CPR)
    Destination Clock Delay (DCD):    -0.856ns
    Source Clock Delay      (SCD):    0.000ns
    Clock Pessimism Removal (CPR):    -0.000ns

    Location             Delay type                Incr(ns)  Path(ns)    Netlist Resource(s)
  -------------------------------------------------------------------    -------------------
    E2                                                0.000     0.000 r  SW[3] (IN)
                         net (fo=0)                   0.000     0.000    SW[3]
    E2                   IBUF (Prop_ibuf_I_O)         0.258     0.258 r  SW_IBUF[3]_inst/O
                         net (fo=2, routed)           1.048     1.306    ddr3_arbiter_inst/SW_IBUF[0]
    SLICE_X64Y23         LUT4 (Prop_lut4_I3_O)        0.045     1.351 r  ddr3_arbiter_inst/r_phy_rst_i_1/O
                         net (fo=1, routed)           0.000     1.351    ddr3_arbiter_inst/r_phy_rst_i_1_n_0
    SLICE_X64Y23         FDRE                                         r  ddr3_arbiter_inst/r_phy_rst_reg/D
  -------------------------------------------------------------------    -------------------

                         (clock clk_out4_div_clk_wiz_1 rise edge)
                                                      0.000     0.000 r  
    N15                                               0.000     0.000 r  DDR3_CLK100 (IN)
                         net (fo=0)                   0.000     0.000    ddr3_arbiter_inst/clkgen_ddr3ctrl_instance/inst/clk_in1
    N15                  IBUF (Prop_ibuf_I_O)         0.396     0.396 r  ddr3_arbiter_inst/clkgen_ddr3ctrl_instance/inst/clkin1_ibufg/O
                         net (fo=1, routed)           0.480     0.876    ddr3_arbiter_inst/clkgen_ddr3ctrl_instance/inst/clk_in1_clk_wiz_1
    MMCME2_ADV_X0Y0      MMCME2_ADV (Prop_mmcme2_adv_CLKIN1_CLKOUT4)
                                                     -3.145    -2.269 r  ddr3_arbiter_inst/clkgen_ddr3ctrl_instance/inst/mmcm_adv_inst/CLKOUT4
                         net (fo=1, routed)           0.534    -1.735    ddr3_arbiter_inst/clkgen_ddr3ctrl_instance/inst/clk_out4_div_clk_wiz_1
    BUFGCTRL_X0Y0        BUFG (Prop_bufg_I_O)         0.029    -1.706 r  ddr3_arbiter_inst/clkgen_ddr3ctrl_instance/inst/clkout5_buf/O
                         net (fo=1800, routed)        0.851    -0.856    ddr3_arbiter_inst/clk_out4_div
    SLICE_X64Y23         FDRE                                         r  ddr3_arbiter_inst/r_phy_rst_reg/C

Slack:                    inf
  Source:                 SW[3]
                            (input port)
  Destination:            ddr3_arbiter_inst/rn_rst_ctr_reg[12]/R
                            (rising edge-triggered cell FDRE clocked by clk_out4_div_clk_wiz_1  {rise@0.000ns fall@2.500ns period=5.000ns})
  Path Group:             (none)
  Path Type:              Hold (Min at Fast Process Corner)
  Data Path Delay:        1.529ns  (logic 0.303ns (19.820%)  route 1.226ns (80.180%))
  Logic Levels:           2  (IBUF=1 LUT2=1)
  Clock Path Skew:        -0.859ns (DCD - SCD - CPR)
    Destination Clock Delay (DCD):    -0.859ns
    Source Clock Delay      (SCD):    0.000ns
    Clock Pessimism Removal (CPR):    -0.000ns

    Location             Delay type                Incr(ns)  Path(ns)    Netlist Resource(s)
  -------------------------------------------------------------------    -------------------
    E2                                                0.000     0.000 r  SW[3] (IN)
                         net (fo=0)                   0.000     0.000    SW[3]
    E2                   IBUF (Prop_ibuf_I_O)         0.258     0.258 r  SW_IBUF[3]_inst/O
                         net (fo=2, routed)           1.052     1.310    ddr3_arbiter_inst/SW_IBUF[0]
    SLICE_X64Y23         LUT2 (Prop_lut2_I0_O)        0.045     1.355 r  ddr3_arbiter_inst/rn_rst_ctr[0]_i_1/O
                         net (fo=16, routed)          0.174     1.529    ddr3_arbiter_inst/rn_rst_ctr[0]_i_1_n_0
    SLICE_X61Y24         FDRE                                         r  ddr3_arbiter_inst/rn_rst_ctr_reg[12]/R
  -------------------------------------------------------------------    -------------------

                         (clock clk_out4_div_clk_wiz_1 rise edge)
                                                      0.000     0.000 r  
    N15                                               0.000     0.000 r  DDR3_CLK100 (IN)
                         net (fo=0)                   0.000     0.000    ddr3_arbiter_inst/clkgen_ddr3ctrl_instance/inst/clk_in1
    N15                  IBUF (Prop_ibuf_I_O)         0.396     0.396 r  ddr3_arbiter_inst/clkgen_ddr3ctrl_instance/inst/clkin1_ibufg/O
                         net (fo=1, routed)           0.480     0.876    ddr3_arbiter_inst/clkgen_ddr3ctrl_instance/inst/clk_in1_clk_wiz_1
    MMCME2_ADV_X0Y0      MMCME2_ADV (Prop_mmcme2_adv_CLKIN1_CLKOUT4)
                                                     -3.145    -2.269 r  ddr3_arbiter_inst/clkgen_ddr3ctrl_instance/inst/mmcm_adv_inst/CLKOUT4
                         net (fo=1, routed)           0.534    -1.735    ddr3_arbiter_inst/clkgen_ddr3ctrl_instance/inst/clk_out4_div_clk_wiz_1
    BUFGCTRL_X0Y0        BUFG (Prop_bufg_I_O)         0.029    -1.706 r  ddr3_arbiter_inst/clkgen_ddr3ctrl_instance/inst/clkout5_buf/O
                         net (fo=1800, routed)        0.848    -0.859    ddr3_arbiter_inst/clk_out4_div
    SLICE_X61Y24         FDRE                                         r  ddr3_arbiter_inst/rn_rst_ctr_reg[12]/C

Slack:                    inf
  Source:                 SW[3]
                            (input port)
  Destination:            ddr3_arbiter_inst/rn_rst_ctr_reg[13]/R
                            (rising edge-triggered cell FDRE clocked by clk_out4_div_clk_wiz_1  {rise@0.000ns fall@2.500ns period=5.000ns})
  Path Group:             (none)
  Path Type:              Hold (Min at Fast Process Corner)
  Data Path Delay:        1.529ns  (logic 0.303ns (19.820%)  route 1.226ns (80.180%))
  Logic Levels:           2  (IBUF=1 LUT2=1)
  Clock Path Skew:        -0.859ns (DCD - SCD - CPR)
    Destination Clock Delay (DCD):    -0.859ns
    Source Clock Delay      (SCD):    0.000ns
    Clock Pessimism Removal (CPR):    -0.000ns

    Location             Delay type                Incr(ns)  Path(ns)    Netlist Resource(s)
  -------------------------------------------------------------------    -------------------
    E2                                                0.000     0.000 r  SW[3] (IN)
                         net (fo=0)                   0.000     0.000    SW[3]
    E2                   IBUF (Prop_ibuf_I_O)         0.258     0.258 r  SW_IBUF[3]_inst/O
                         net (fo=2, routed)           1.052     1.310    ddr3_arbiter_inst/SW_IBUF[0]
    SLICE_X64Y23         LUT2 (Prop_lut2_I0_O)        0.045     1.355 r  ddr3_arbiter_inst/rn_rst_ctr[0]_i_1/O
                         net (fo=16, routed)          0.174     1.529    ddr3_arbiter_inst/rn_rst_ctr[0]_i_1_n_0
    SLICE_X61Y24         FDRE                                         r  ddr3_arbiter_inst/rn_rst_ctr_reg[13]/R
  -------------------------------------------------------------------    -------------------

                         (clock clk_out4_div_clk_wiz_1 rise edge)
                                                      0.000     0.000 r  
    N15                                               0.000     0.000 r  DDR3_CLK100 (IN)
                         net (fo=0)                   0.000     0.000    ddr3_arbiter_inst/clkgen_ddr3ctrl_instance/inst/clk_in1
    N15                  IBUF (Prop_ibuf_I_O)         0.396     0.396 r  ddr3_arbiter_inst/clkgen_ddr3ctrl_instance/inst/clkin1_ibufg/O
                         net (fo=1, routed)           0.480     0.876    ddr3_arbiter_inst/clkgen_ddr3ctrl_instance/inst/clk_in1_clk_wiz_1
    MMCME2_ADV_X0Y0      MMCME2_ADV (Prop_mmcme2_adv_CLKIN1_CLKOUT4)
                                                     -3.145    -2.269 r  ddr3_arbiter_inst/clkgen_ddr3ctrl_instance/inst/mmcm_adv_inst/CLKOUT4
                         net (fo=1, routed)           0.534    -1.735    ddr3_arbiter_inst/clkgen_ddr3ctrl_instance/inst/clk_out4_div_clk_wiz_1
    BUFGCTRL_X0Y0        BUFG (Prop_bufg_I_O)         0.029    -1.706 r  ddr3_arbiter_inst/clkgen_ddr3ctrl_instance/inst/clkout5_buf/O
                         net (fo=1800, routed)        0.848    -0.859    ddr3_arbiter_inst/clk_out4_div
    SLICE_X61Y24         FDRE                                         r  ddr3_arbiter_inst/rn_rst_ctr_reg[13]/C

Slack:                    inf
  Source:                 SW[3]
                            (input port)
  Destination:            ddr3_arbiter_inst/rn_rst_ctr_reg[14]/S
                            (rising edge-triggered cell FDSE clocked by clk_out4_div_clk_wiz_1  {rise@0.000ns fall@2.500ns period=5.000ns})
  Path Group:             (none)
  Path Type:              Hold (Min at Fast Process Corner)
  Data Path Delay:        1.529ns  (logic 0.303ns (19.820%)  route 1.226ns (80.180%))
  Logic Levels:           2  (IBUF=1 LUT2=1)
  Clock Path Skew:        -0.859ns (DCD - SCD - CPR)
    Destination Clock Delay (DCD):    -0.859ns
    Source Clock Delay      (SCD):    0.000ns
    Clock Pessimism Removal (CPR):    -0.000ns

    Location             Delay type                Incr(ns)  Path(ns)    Netlist Resource(s)
  -------------------------------------------------------------------    -------------------
    E2                                                0.000     0.000 r  SW[3] (IN)
                         net (fo=0)                   0.000     0.000    SW[3]
    E2                   IBUF (Prop_ibuf_I_O)         0.258     0.258 r  SW_IBUF[3]_inst/O
                         net (fo=2, routed)           1.052     1.310    ddr3_arbiter_inst/SW_IBUF[0]
    SLICE_X64Y23         LUT2 (Prop_lut2_I0_O)        0.045     1.355 r  ddr3_arbiter_inst/rn_rst_ctr[0]_i_1/O
                         net (fo=16, routed)          0.174     1.529    ddr3_arbiter_inst/rn_rst_ctr[0]_i_1_n_0
    SLICE_X61Y24         FDSE                                         r  ddr3_arbiter_inst/rn_rst_ctr_reg[14]/S
  -------------------------------------------------------------------    -------------------

                         (clock clk_out4_div_clk_wiz_1 rise edge)
                                                      0.000     0.000 r  
    N15                                               0.000     0.000 r  DDR3_CLK100 (IN)
                         net (fo=0)                   0.000     0.000    ddr3_arbiter_inst/clkgen_ddr3ctrl_instance/inst/clk_in1
    N15                  IBUF (Prop_ibuf_I_O)         0.396     0.396 r  ddr3_arbiter_inst/clkgen_ddr3ctrl_instance/inst/clkin1_ibufg/O
                         net (fo=1, routed)           0.480     0.876    ddr3_arbiter_inst/clkgen_ddr3ctrl_instance/inst/clk_in1_clk_wiz_1
    MMCME2_ADV_X0Y0      MMCME2_ADV (Prop_mmcme2_adv_CLKIN1_CLKOUT4)
                                                     -3.145    -2.269 r  ddr3_arbiter_inst/clkgen_ddr3ctrl_instance/inst/mmcm_adv_inst/CLKOUT4
                         net (fo=1, routed)           0.534    -1.735    ddr3_arbiter_inst/clkgen_ddr3ctrl_instance/inst/clk_out4_div_clk_wiz_1
    BUFGCTRL_X0Y0        BUFG (Prop_bufg_I_O)         0.029    -1.706 r  ddr3_arbiter_inst/clkgen_ddr3ctrl_instance/inst/clkout5_buf/O
                         net (fo=1800, routed)        0.848    -0.859    ddr3_arbiter_inst/clk_out4_div
    SLICE_X61Y24         FDSE                                         r  ddr3_arbiter_inst/rn_rst_ctr_reg[14]/C

Slack:                    inf
  Source:                 SW[3]
                            (input port)
  Destination:            ddr3_arbiter_inst/rn_rst_ctr_reg[15]/S
                            (rising edge-triggered cell FDSE clocked by clk_out4_div_clk_wiz_1  {rise@0.000ns fall@2.500ns period=5.000ns})
  Path Group:             (none)
  Path Type:              Hold (Min at Fast Process Corner)
  Data Path Delay:        1.529ns  (logic 0.303ns (19.820%)  route 1.226ns (80.180%))
  Logic Levels:           2  (IBUF=1 LUT2=1)
  Clock Path Skew:        -0.859ns (DCD - SCD - CPR)
    Destination Clock Delay (DCD):    -0.859ns
    Source Clock Delay      (SCD):    0.000ns
    Clock Pessimism Removal (CPR):    -0.000ns

    Location             Delay type                Incr(ns)  Path(ns)    Netlist Resource(s)
  -------------------------------------------------------------------    -------------------
    E2                                                0.000     0.000 r  SW[3] (IN)
                         net (fo=0)                   0.000     0.000    SW[3]
    E2                   IBUF (Prop_ibuf_I_O)         0.258     0.258 r  SW_IBUF[3]_inst/O
                         net (fo=2, routed)           1.052     1.310    ddr3_arbiter_inst/SW_IBUF[0]
    SLICE_X64Y23         LUT2 (Prop_lut2_I0_O)        0.045     1.355 r  ddr3_arbiter_inst/rn_rst_ctr[0]_i_1/O
                         net (fo=16, routed)          0.174     1.529    ddr3_arbiter_inst/rn_rst_ctr[0]_i_1_n_0
    SLICE_X61Y24         FDSE                                         r  ddr3_arbiter_inst/rn_rst_ctr_reg[15]/S
  -------------------------------------------------------------------    -------------------

                         (clock clk_out4_div_clk_wiz_1 rise edge)
                                                      0.000     0.000 r  
    N15                                               0.000     0.000 r  DDR3_CLK100 (IN)
                         net (fo=0)                   0.000     0.000    ddr3_arbiter_inst/clkgen_ddr3ctrl_instance/inst/clk_in1
    N15                  IBUF (Prop_ibuf_I_O)         0.396     0.396 r  ddr3_arbiter_inst/clkgen_ddr3ctrl_instance/inst/clkin1_ibufg/O
                         net (fo=1, routed)           0.480     0.876    ddr3_arbiter_inst/clkgen_ddr3ctrl_instance/inst/clk_in1_clk_wiz_1
    MMCME2_ADV_X0Y0      MMCME2_ADV (Prop_mmcme2_adv_CLKIN1_CLKOUT4)
                                                     -3.145    -2.269 r  ddr3_arbiter_inst/clkgen_ddr3ctrl_instance/inst/mmcm_adv_inst/CLKOUT4
                         net (fo=1, routed)           0.534    -1.735    ddr3_arbiter_inst/clkgen_ddr3ctrl_instance/inst/clk_out4_div_clk_wiz_1
    BUFGCTRL_X0Y0        BUFG (Prop_bufg_I_O)         0.029    -1.706 r  ddr3_arbiter_inst/clkgen_ddr3ctrl_instance/inst/clkout5_buf/O
                         net (fo=1800, routed)        0.848    -0.859    ddr3_arbiter_inst/clk_out4_div
    SLICE_X61Y24         FDSE                                         r  ddr3_arbiter_inst/rn_rst_ctr_reg[15]/C

Slack:                    inf
  Source:                 SW[3]
                            (input port)
  Destination:            ddr3_arbiter_inst/rn_rst_ctr_reg[10]/R
                            (rising edge-triggered cell FDRE clocked by clk_out4_div_clk_wiz_1  {rise@0.000ns fall@2.500ns period=5.000ns})
  Path Group:             (none)
  Path Type:              Hold (Min at Fast Process Corner)
  Data Path Delay:        1.593ns  (logic 0.303ns (19.019%)  route 1.290ns (80.981%))
  Logic Levels:           2  (IBUF=1 LUT2=1)
  Clock Path Skew:        -0.858ns (DCD - SCD - CPR)
    Destination Clock Delay (DCD):    -0.858ns
    Source Clock Delay      (SCD):    0.000ns
    Clock Pessimism Removal (CPR):    -0.000ns

    Location             Delay type                Incr(ns)  Path(ns)    Netlist Resource(s)
  -------------------------------------------------------------------    -------------------
    E2                                                0.000     0.000 r  SW[3] (IN)
                         net (fo=0)                   0.000     0.000    SW[3]
    E2                   IBUF (Prop_ibuf_I_O)         0.258     0.258 r  SW_IBUF[3]_inst/O
                         net (fo=2, routed)           1.052     1.310    ddr3_arbiter_inst/SW_IBUF[0]
    SLICE_X64Y23         LUT2 (Prop_lut2_I0_O)        0.045     1.355 r  ddr3_arbiter_inst/rn_rst_ctr[0]_i_1/O
                         net (fo=16, routed)          0.238     1.593    ddr3_arbiter_inst/rn_rst_ctr[0]_i_1_n_0
    SLICE_X61Y23         FDRE                                         r  ddr3_arbiter_inst/rn_rst_ctr_reg[10]/R
  -------------------------------------------------------------------    -------------------

                         (clock clk_out4_div_clk_wiz_1 rise edge)
                                                      0.000     0.000 r  
    N15                                               0.000     0.000 r  DDR3_CLK100 (IN)
                         net (fo=0)                   0.000     0.000    ddr3_arbiter_inst/clkgen_ddr3ctrl_instance/inst/clk_in1
    N15                  IBUF (Prop_ibuf_I_O)         0.396     0.396 r  ddr3_arbiter_inst/clkgen_ddr3ctrl_instance/inst/clkin1_ibufg/O
                         net (fo=1, routed)           0.480     0.876    ddr3_arbiter_inst/clkgen_ddr3ctrl_instance/inst/clk_in1_clk_wiz_1
    MMCME2_ADV_X0Y0      MMCME2_ADV (Prop_mmcme2_adv_CLKIN1_CLKOUT4)
                                                     -3.145    -2.269 r  ddr3_arbiter_inst/clkgen_ddr3ctrl_instance/inst/mmcm_adv_inst/CLKOUT4
                         net (fo=1, routed)           0.534    -1.735    ddr3_arbiter_inst/clkgen_ddr3ctrl_instance/inst/clk_out4_div_clk_wiz_1
    BUFGCTRL_X0Y0        BUFG (Prop_bufg_I_O)         0.029    -1.706 r  ddr3_arbiter_inst/clkgen_ddr3ctrl_instance/inst/clkout5_buf/O
                         net (fo=1800, routed)        0.849    -0.858    ddr3_arbiter_inst/clk_out4_div
    SLICE_X61Y23         FDRE                                         r  ddr3_arbiter_inst/rn_rst_ctr_reg[10]/C

Slack:                    inf
  Source:                 SW[3]
                            (input port)
  Destination:            ddr3_arbiter_inst/rn_rst_ctr_reg[11]/R
                            (rising edge-triggered cell FDRE clocked by clk_out4_div_clk_wiz_1  {rise@0.000ns fall@2.500ns period=5.000ns})
  Path Group:             (none)
  Path Type:              Hold (Min at Fast Process Corner)
  Data Path Delay:        1.593ns  (logic 0.303ns (19.019%)  route 1.290ns (80.981%))
  Logic Levels:           2  (IBUF=1 LUT2=1)
  Clock Path Skew:        -0.858ns (DCD - SCD - CPR)
    Destination Clock Delay (DCD):    -0.858ns
    Source Clock Delay      (SCD):    0.000ns
    Clock Pessimism Removal (CPR):    -0.000ns

    Location             Delay type                Incr(ns)  Path(ns)    Netlist Resource(s)
  -------------------------------------------------------------------    -------------------
    E2                                                0.000     0.000 r  SW[3] (IN)
                         net (fo=0)                   0.000     0.000    SW[3]
    E2                   IBUF (Prop_ibuf_I_O)         0.258     0.258 r  SW_IBUF[3]_inst/O
                         net (fo=2, routed)           1.052     1.310    ddr3_arbiter_inst/SW_IBUF[0]
    SLICE_X64Y23         LUT2 (Prop_lut2_I0_O)        0.045     1.355 r  ddr3_arbiter_inst/rn_rst_ctr[0]_i_1/O
                         net (fo=16, routed)          0.238     1.593    ddr3_arbiter_inst/rn_rst_ctr[0]_i_1_n_0
    SLICE_X61Y23         FDRE                                         r  ddr3_arbiter_inst/rn_rst_ctr_reg[11]/R
  -------------------------------------------------------------------    -------------------

                         (clock clk_out4_div_clk_wiz_1 rise edge)
                                                      0.000     0.000 r  
    N15                                               0.000     0.000 r  DDR3_CLK100 (IN)
                         net (fo=0)                   0.000     0.000    ddr3_arbiter_inst/clkgen_ddr3ctrl_instance/inst/clk_in1
    N15                  IBUF (Prop_ibuf_I_O)         0.396     0.396 r  ddr3_arbiter_inst/clkgen_ddr3ctrl_instance/inst/clkin1_ibufg/O
                         net (fo=1, routed)           0.480     0.876    ddr3_arbiter_inst/clkgen_ddr3ctrl_instance/inst/clk_in1_clk_wiz_1
    MMCME2_ADV_X0Y0      MMCME2_ADV (Prop_mmcme2_adv_CLKIN1_CLKOUT4)
                                                     -3.145    -2.269 r  ddr3_arbiter_inst/clkgen_ddr3ctrl_instance/inst/mmcm_adv_inst/CLKOUT4
                         net (fo=1, routed)           0.534    -1.735    ddr3_arbiter_inst/clkgen_ddr3ctrl_instance/inst/clk_out4_div_clk_wiz_1
    BUFGCTRL_X0Y0        BUFG (Prop_bufg_I_O)         0.029    -1.706 r  ddr3_arbiter_inst/clkgen_ddr3ctrl_instance/inst/clkout5_buf/O
                         net (fo=1800, routed)        0.849    -0.858    ddr3_arbiter_inst/clk_out4_div
    SLICE_X61Y23         FDRE                                         r  ddr3_arbiter_inst/rn_rst_ctr_reg[11]/C

Slack:                    inf
  Source:                 SW[3]
                            (input port)
  Destination:            ddr3_arbiter_inst/rn_rst_ctr_reg[8]/S
                            (rising edge-triggered cell FDSE clocked by clk_out4_div_clk_wiz_1  {rise@0.000ns fall@2.500ns period=5.000ns})
  Path Group:             (none)
  Path Type:              Hold (Min at Fast Process Corner)
  Data Path Delay:        1.593ns  (logic 0.303ns (19.019%)  route 1.290ns (80.981%))
  Logic Levels:           2  (IBUF=1 LUT2=1)
  Clock Path Skew:        -0.858ns (DCD - SCD - CPR)
    Destination Clock Delay (DCD):    -0.858ns
    Source Clock Delay      (SCD):    0.000ns
    Clock Pessimism Removal (CPR):    -0.000ns

    Location             Delay type                Incr(ns)  Path(ns)    Netlist Resource(s)
  -------------------------------------------------------------------    -------------------
    E2                                                0.000     0.000 r  SW[3] (IN)
                         net (fo=0)                   0.000     0.000    SW[3]
    E2                   IBUF (Prop_ibuf_I_O)         0.258     0.258 r  SW_IBUF[3]_inst/O
                         net (fo=2, routed)           1.052     1.310    ddr3_arbiter_inst/SW_IBUF[0]
    SLICE_X64Y23         LUT2 (Prop_lut2_I0_O)        0.045     1.355 r  ddr3_arbiter_inst/rn_rst_ctr[0]_i_1/O
                         net (fo=16, routed)          0.238     1.593    ddr3_arbiter_inst/rn_rst_ctr[0]_i_1_n_0
    SLICE_X61Y23         FDSE                                         r  ddr3_arbiter_inst/rn_rst_ctr_reg[8]/S
  -------------------------------------------------------------------    -------------------

                         (clock clk_out4_div_clk_wiz_1 rise edge)
                                                      0.000     0.000 r  
    N15                                               0.000     0.000 r  DDR3_CLK100 (IN)
                         net (fo=0)                   0.000     0.000    ddr3_arbiter_inst/clkgen_ddr3ctrl_instance/inst/clk_in1
    N15                  IBUF (Prop_ibuf_I_O)         0.396     0.396 r  ddr3_arbiter_inst/clkgen_ddr3ctrl_instance/inst/clkin1_ibufg/O
                         net (fo=1, routed)           0.480     0.876    ddr3_arbiter_inst/clkgen_ddr3ctrl_instance/inst/clk_in1_clk_wiz_1
    MMCME2_ADV_X0Y0      MMCME2_ADV (Prop_mmcme2_adv_CLKIN1_CLKOUT4)
                                                     -3.145    -2.269 r  ddr3_arbiter_inst/clkgen_ddr3ctrl_instance/inst/mmcm_adv_inst/CLKOUT4
                         net (fo=1, routed)           0.534    -1.735    ddr3_arbiter_inst/clkgen_ddr3ctrl_instance/inst/clk_out4_div_clk_wiz_1
    BUFGCTRL_X0Y0        BUFG (Prop_bufg_I_O)         0.029    -1.706 r  ddr3_arbiter_inst/clkgen_ddr3ctrl_instance/inst/clkout5_buf/O
                         net (fo=1800, routed)        0.849    -0.858    ddr3_arbiter_inst/clk_out4_div
    SLICE_X61Y23         FDSE                                         r  ddr3_arbiter_inst/rn_rst_ctr_reg[8]/C

Slack:                    inf
  Source:                 SW[3]
                            (input port)
  Destination:            ddr3_arbiter_inst/rn_rst_ctr_reg[9]/S
                            (rising edge-triggered cell FDSE clocked by clk_out4_div_clk_wiz_1  {rise@0.000ns fall@2.500ns period=5.000ns})
  Path Group:             (none)
  Path Type:              Hold (Min at Fast Process Corner)
  Data Path Delay:        1.593ns  (logic 0.303ns (19.019%)  route 1.290ns (80.981%))
  Logic Levels:           2  (IBUF=1 LUT2=1)
  Clock Path Skew:        -0.858ns (DCD - SCD - CPR)
    Destination Clock Delay (DCD):    -0.858ns
    Source Clock Delay      (SCD):    0.000ns
    Clock Pessimism Removal (CPR):    -0.000ns

    Location             Delay type                Incr(ns)  Path(ns)    Netlist Resource(s)
  -------------------------------------------------------------------    -------------------
    E2                                                0.000     0.000 r  SW[3] (IN)
                         net (fo=0)                   0.000     0.000    SW[3]
    E2                   IBUF (Prop_ibuf_I_O)         0.258     0.258 r  SW_IBUF[3]_inst/O
                         net (fo=2, routed)           1.052     1.310    ddr3_arbiter_inst/SW_IBUF[0]
    SLICE_X64Y23         LUT2 (Prop_lut2_I0_O)        0.045     1.355 r  ddr3_arbiter_inst/rn_rst_ctr[0]_i_1/O
                         net (fo=16, routed)          0.238     1.593    ddr3_arbiter_inst/rn_rst_ctr[0]_i_1_n_0
    SLICE_X61Y23         FDSE                                         r  ddr3_arbiter_inst/rn_rst_ctr_reg[9]/S
  -------------------------------------------------------------------    -------------------

                         (clock clk_out4_div_clk_wiz_1 rise edge)
                                                      0.000     0.000 r  
    N15                                               0.000     0.000 r  DDR3_CLK100 (IN)
                         net (fo=0)                   0.000     0.000    ddr3_arbiter_inst/clkgen_ddr3ctrl_instance/inst/clk_in1
    N15                  IBUF (Prop_ibuf_I_O)         0.396     0.396 r  ddr3_arbiter_inst/clkgen_ddr3ctrl_instance/inst/clkin1_ibufg/O
                         net (fo=1, routed)           0.480     0.876    ddr3_arbiter_inst/clkgen_ddr3ctrl_instance/inst/clk_in1_clk_wiz_1
    MMCME2_ADV_X0Y0      MMCME2_ADV (Prop_mmcme2_adv_CLKIN1_CLKOUT4)
                                                     -3.145    -2.269 r  ddr3_arbiter_inst/clkgen_ddr3ctrl_instance/inst/mmcm_adv_inst/CLKOUT4
                         net (fo=1, routed)           0.534    -1.735    ddr3_arbiter_inst/clkgen_ddr3ctrl_instance/inst/clk_out4_div_clk_wiz_1
    BUFGCTRL_X0Y0        BUFG (Prop_bufg_I_O)         0.029    -1.706 r  ddr3_arbiter_inst/clkgen_ddr3ctrl_instance/inst/clkout5_buf/O
                         net (fo=1800, routed)        0.849    -0.858    ddr3_arbiter_inst/clk_out4_div
    SLICE_X61Y23         FDSE                                         r  ddr3_arbiter_inst/rn_rst_ctr_reg[9]/C

Slack:                    inf
  Source:                 SW[3]
                            (input port)
  Destination:            ddr3_arbiter_inst/rn_rst_ctr_reg[4]/S
                            (rising edge-triggered cell FDSE clocked by clk_out4_div_clk_wiz_1  {rise@0.000ns fall@2.500ns period=5.000ns})
  Path Group:             (none)
  Path Type:              Hold (Min at Fast Process Corner)
  Data Path Delay:        1.715ns  (logic 0.303ns (17.671%)  route 1.412ns (82.329%))
  Logic Levels:           2  (IBUF=1 LUT2=1)
  Clock Path Skew:        -0.856ns (DCD - SCD - CPR)
    Destination Clock Delay (DCD):    -0.856ns
    Source Clock Delay      (SCD):    0.000ns
    Clock Pessimism Removal (CPR):    -0.000ns

    Location             Delay type                Incr(ns)  Path(ns)    Netlist Resource(s)
  -------------------------------------------------------------------    -------------------
    E2                                                0.000     0.000 r  SW[3] (IN)
                         net (fo=0)                   0.000     0.000    SW[3]
    E2                   IBUF (Prop_ibuf_I_O)         0.258     0.258 r  SW_IBUF[3]_inst/O
                         net (fo=2, routed)           1.052     1.310    ddr3_arbiter_inst/SW_IBUF[0]
    SLICE_X64Y23         LUT2 (Prop_lut2_I0_O)        0.045     1.355 r  ddr3_arbiter_inst/rn_rst_ctr[0]_i_1/O
                         net (fo=16, routed)          0.360     1.715    ddr3_arbiter_inst/rn_rst_ctr[0]_i_1_n_0
    SLICE_X61Y22         FDSE                                         r  ddr3_arbiter_inst/rn_rst_ctr_reg[4]/S
  -------------------------------------------------------------------    -------------------

                         (clock clk_out4_div_clk_wiz_1 rise edge)
                                                      0.000     0.000 r  
    N15                                               0.000     0.000 r  DDR3_CLK100 (IN)
                         net (fo=0)                   0.000     0.000    ddr3_arbiter_inst/clkgen_ddr3ctrl_instance/inst/clk_in1
    N15                  IBUF (Prop_ibuf_I_O)         0.396     0.396 r  ddr3_arbiter_inst/clkgen_ddr3ctrl_instance/inst/clkin1_ibufg/O
                         net (fo=1, routed)           0.480     0.876    ddr3_arbiter_inst/clkgen_ddr3ctrl_instance/inst/clk_in1_clk_wiz_1
    MMCME2_ADV_X0Y0      MMCME2_ADV (Prop_mmcme2_adv_CLKIN1_CLKOUT4)
                                                     -3.145    -2.269 r  ddr3_arbiter_inst/clkgen_ddr3ctrl_instance/inst/mmcm_adv_inst/CLKOUT4
                         net (fo=1, routed)           0.534    -1.735    ddr3_arbiter_inst/clkgen_ddr3ctrl_instance/inst/clk_out4_div_clk_wiz_1
    BUFGCTRL_X0Y0        BUFG (Prop_bufg_I_O)         0.029    -1.706 r  ddr3_arbiter_inst/clkgen_ddr3ctrl_instance/inst/clkout5_buf/O
                         net (fo=1800, routed)        0.851    -0.856    ddr3_arbiter_inst/clk_out4_div
    SLICE_X61Y22         FDSE                                         r  ddr3_arbiter_inst/rn_rst_ctr_reg[4]/C





