Copyright 1986-2022 Xilinx, Inc. All Rights Reserved.
--------------------------------------------------------------------------------------------------------------------------------------------------------------------------------
| Tool Version : Vivado v.2022.2 (win64) Build 3671981 Fri Oct 14 05:00:03 MDT 2022
| Date         : Sat Dec 13 22:07:27 2025
| Host         : Krishnan-Win running 64-bit major release  (build 9200)
| Command      : report_methodology -file flight_sim_top_methodology_drc_routed.rpt -pb flight_sim_top_methodology_drc_routed.pb -rpx flight_sim_top_methodology_drc_routed.rpx
| Design       : flight_sim_top
| Device       : xc7s50csga324-1
| Speed File   : -1
| Design State : Fully Routed
--------------------------------------------------------------------------------------------------------------------------------------------------------------------------------

Report Methodology

Table of Contents
-----------------
1. REPORT SUMMARY
2. REPORT DETAILS

1. REPORT SUMMARY
-----------------
            Netlist: netlist
          Floorplan: design_1
      Design limits: <entire design considered>
             Max violations: <unlimited>
             Violations found: 711
+-----------+------------------+----------------------------------------------------+------------+
| Rule      | Severity         | Description                                        | Violations |
+-----------+------------------+----------------------------------------------------+------------+
| TIMING-2  | Critical Warning | Invalid primary clock source pin                   | 1          |
| TIMING-4  | Critical Warning | Invalid primary clock redefinition on a clock tree | 3          |
| TIMING-6  | Critical Warning | No common primary clock between related clocks     | 2          |
| TIMING-7  | Critical Warning | No common node between related clocks              | 2          |
| TIMING-17 | Critical Warning | Non-clocked sequential cell                        | 32         |
| TIMING-27 | Critical Warning | Invalid primary clock on hierarchical pin          | 2          |
| LUTAR-1   | Warning          | LUT drives async reset alert                       | 4          |
| SYNTH-10  | Warning          | Wide multiplier                                    | 56         |
| TIMING-9  | Warning          | Unknown CDC Logic                                  | 1          |
| TIMING-16 | Warning          | Large setup violation                              | 596        |
| TIMING-18 | Warning          | Missing input or output delay                      | 12         |
+-----------+------------------+----------------------------------------------------+------------+

2. REPORT DETAILS
-----------------
TIMING-2#1 Critical Warning
Invalid primary clock source pin  
A primary clock ddr_renderer_top_inst/clk_wiz/inst/clk_in1 is created on an inappropriate pin ddr_renderer_top_inst/clk_wiz/inst/clk_in1. It is recommended to create a primary clock only on a proper clock source (input port or primitive output pin with no timing arc)
Related violations: <none>

TIMING-4#1 Critical Warning
Invalid primary clock redefinition on a clock tree  
Invalid clock redefinition on a clock tree. The primary clock ddr_renderer_top_inst/clk_wiz/inst/clk_in1 is defined downstream of clock clk and overrides its insertion delay and/or waveform definition
Related violations: <none>

TIMING-4#2 Critical Warning
Invalid primary clock redefinition on a clock tree  
Invalid clock redefinition on a clock tree. The primary clock ddr_renderer_top_inst/ddr3_arbiter_inst/clkgen_ddr3ctrl_instance/inst/clk_in1 is defined downstream of clock clk and overrides its insertion delay and/or waveform definition
Related violations: <none>

TIMING-4#3 Critical Warning
Invalid primary clock redefinition on a clock tree  
Invalid clock redefinition on a clock tree. The primary clock mb_block_inst/clk_wiz_1/inst/clk_in1 is defined downstream of clock clk and overrides its insertion delay and/or waveform definition
Related violations: <none>

TIMING-6#1 Critical Warning
No common primary clock between related clocks  
The clocks clk_out1_clk_wiz_0 and clk_out4_div_clk_wiz_1 are related (timed together) but they have no common primary clock. The design could fail in hardware. To find a timing path between these clocks, run the following command: report_timing -from [get_clocks clk_out1_clk_wiz_0] -to [get_clocks clk_out4_div_clk_wiz_1]
Related violations: <none>

TIMING-6#2 Critical Warning
No common primary clock between related clocks  
The clocks clk_out4_div_clk_wiz_1 and clk_out1_clk_wiz_0 are related (timed together) but they have no common primary clock. The design could fail in hardware. To find a timing path between these clocks, run the following command: report_timing -from [get_clocks clk_out4_div_clk_wiz_1] -to [get_clocks clk_out1_clk_wiz_0]
Related violations: <none>

TIMING-7#1 Critical Warning
No common node between related clocks  
The clocks clk_out1_clk_wiz_0 and clk_out4_div_clk_wiz_1 are related (timed together) but they have no common node. The design could fail in hardware. To find a timing path between these clocks, run the following command: report_timing -from [get_clocks clk_out1_clk_wiz_0] -to [get_clocks clk_out4_div_clk_wiz_1]
Related violations: <none>

TIMING-7#2 Critical Warning
No common node between related clocks  
The clocks clk_out4_div_clk_wiz_1 and clk_out1_clk_wiz_0 are related (timed together) but they have no common node. The design could fail in hardware. To find a timing path between these clocks, run the following command: report_timing -from [get_clocks clk_out4_div_clk_wiz_1] -to [get_clocks clk_out1_clk_wiz_0]
Related violations: <none>

TIMING-17#1 Critical Warning
Non-clocked sequential cell  
The clock pin ddr_renderer_top_inst/ddr3_arbiter_inst/phy_instance/genblk11[0].iserdes_dq_inst/CLK is not reached by a timing clock
Related violations: <none>

TIMING-17#2 Critical Warning
Non-clocked sequential cell  
The clock pin ddr_renderer_top_inst/ddr3_arbiter_inst/phy_instance/genblk11[0].iserdes_dq_inst/CLKB is not reached by a timing clock
Related violations: <none>

TIMING-17#3 Critical Warning
Non-clocked sequential cell  
The clock pin ddr_renderer_top_inst/ddr3_arbiter_inst/phy_instance/genblk11[10].iserdes_dq_inst/CLK is not reached by a timing clock
Related violations: <none>

TIMING-17#4 Critical Warning
Non-clocked sequential cell  
The clock pin ddr_renderer_top_inst/ddr3_arbiter_inst/phy_instance/genblk11[10].iserdes_dq_inst/CLKB is not reached by a timing clock
Related violations: <none>

TIMING-17#5 Critical Warning
Non-clocked sequential cell  
The clock pin ddr_renderer_top_inst/ddr3_arbiter_inst/phy_instance/genblk11[11].iserdes_dq_inst/CLK is not reached by a timing clock
Related violations: <none>

TIMING-17#6 Critical Warning
Non-clocked sequential cell  
The clock pin ddr_renderer_top_inst/ddr3_arbiter_inst/phy_instance/genblk11[11].iserdes_dq_inst/CLKB is not reached by a timing clock
Related violations: <none>

TIMING-17#7 Critical Warning
Non-clocked sequential cell  
The clock pin ddr_renderer_top_inst/ddr3_arbiter_inst/phy_instance/genblk11[12].iserdes_dq_inst/CLK is not reached by a timing clock
Related violations: <none>

TIMING-17#8 Critical Warning
Non-clocked sequential cell  
The clock pin ddr_renderer_top_inst/ddr3_arbiter_inst/phy_instance/genblk11[12].iserdes_dq_inst/CLKB is not reached by a timing clock
Related violations: <none>

TIMING-17#9 Critical Warning
Non-clocked sequential cell  
The clock pin ddr_renderer_top_inst/ddr3_arbiter_inst/phy_instance/genblk11[13].iserdes_dq_inst/CLK is not reached by a timing clock
Related violations: <none>

TIMING-17#10 Critical Warning
Non-clocked sequential cell  
The clock pin ddr_renderer_top_inst/ddr3_arbiter_inst/phy_instance/genblk11[13].iserdes_dq_inst/CLKB is not reached by a timing clock
Related violations: <none>

TIMING-17#11 Critical Warning
Non-clocked sequential cell  
The clock pin ddr_renderer_top_inst/ddr3_arbiter_inst/phy_instance/genblk11[14].iserdes_dq_inst/CLK is not reached by a timing clock
Related violations: <none>

TIMING-17#12 Critical Warning
Non-clocked sequential cell  
The clock pin ddr_renderer_top_inst/ddr3_arbiter_inst/phy_instance/genblk11[14].iserdes_dq_inst/CLKB is not reached by a timing clock
Related violations: <none>

TIMING-17#13 Critical Warning
Non-clocked sequential cell  
The clock pin ddr_renderer_top_inst/ddr3_arbiter_inst/phy_instance/genblk11[15].iserdes_dq_inst/CLK is not reached by a timing clock
Related violations: <none>

TIMING-17#14 Critical Warning
Non-clocked sequential cell  
The clock pin ddr_renderer_top_inst/ddr3_arbiter_inst/phy_instance/genblk11[15].iserdes_dq_inst/CLKB is not reached by a timing clock
Related violations: <none>

TIMING-17#15 Critical Warning
Non-clocked sequential cell  
The clock pin ddr_renderer_top_inst/ddr3_arbiter_inst/phy_instance/genblk11[1].iserdes_dq_inst/CLK is not reached by a timing clock
Related violations: <none>

TIMING-17#16 Critical Warning
Non-clocked sequential cell  
The clock pin ddr_renderer_top_inst/ddr3_arbiter_inst/phy_instance/genblk11[1].iserdes_dq_inst/CLKB is not reached by a timing clock
Related violations: <none>

TIMING-17#17 Critical Warning
Non-clocked sequential cell  
The clock pin ddr_renderer_top_inst/ddr3_arbiter_inst/phy_instance/genblk11[2].iserdes_dq_inst/CLK is not reached by a timing clock
Related violations: <none>

TIMING-17#18 Critical Warning
Non-clocked sequential cell  
The clock pin ddr_renderer_top_inst/ddr3_arbiter_inst/phy_instance/genblk11[2].iserdes_dq_inst/CLKB is not reached by a timing clock
Related violations: <none>

TIMING-17#19 Critical Warning
Non-clocked sequential cell  
The clock pin ddr_renderer_top_inst/ddr3_arbiter_inst/phy_instance/genblk11[3].iserdes_dq_inst/CLK is not reached by a timing clock
Related violations: <none>

TIMING-17#20 Critical Warning
Non-clocked sequential cell  
The clock pin ddr_renderer_top_inst/ddr3_arbiter_inst/phy_instance/genblk11[3].iserdes_dq_inst/CLKB is not reached by a timing clock
Related violations: <none>

TIMING-17#21 Critical Warning
Non-clocked sequential cell  
The clock pin ddr_renderer_top_inst/ddr3_arbiter_inst/phy_instance/genblk11[4].iserdes_dq_inst/CLK is not reached by a timing clock
Related violations: <none>

TIMING-17#22 Critical Warning
Non-clocked sequential cell  
The clock pin ddr_renderer_top_inst/ddr3_arbiter_inst/phy_instance/genblk11[4].iserdes_dq_inst/CLKB is not reached by a timing clock
Related violations: <none>

TIMING-17#23 Critical Warning
Non-clocked sequential cell  
The clock pin ddr_renderer_top_inst/ddr3_arbiter_inst/phy_instance/genblk11[5].iserdes_dq_inst/CLK is not reached by a timing clock
Related violations: <none>

TIMING-17#24 Critical Warning
Non-clocked sequential cell  
The clock pin ddr_renderer_top_inst/ddr3_arbiter_inst/phy_instance/genblk11[5].iserdes_dq_inst/CLKB is not reached by a timing clock
Related violations: <none>

TIMING-17#25 Critical Warning
Non-clocked sequential cell  
The clock pin ddr_renderer_top_inst/ddr3_arbiter_inst/phy_instance/genblk11[6].iserdes_dq_inst/CLK is not reached by a timing clock
Related violations: <none>

TIMING-17#26 Critical Warning
Non-clocked sequential cell  
The clock pin ddr_renderer_top_inst/ddr3_arbiter_inst/phy_instance/genblk11[6].iserdes_dq_inst/CLKB is not reached by a timing clock
Related violations: <none>

TIMING-17#27 Critical Warning
Non-clocked sequential cell  
The clock pin ddr_renderer_top_inst/ddr3_arbiter_inst/phy_instance/genblk11[7].iserdes_dq_inst/CLK is not reached by a timing clock
Related violations: <none>

TIMING-17#28 Critical Warning
Non-clocked sequential cell  
The clock pin ddr_renderer_top_inst/ddr3_arbiter_inst/phy_instance/genblk11[7].iserdes_dq_inst/CLKB is not reached by a timing clock
Related violations: <none>

TIMING-17#29 Critical Warning
Non-clocked sequential cell  
The clock pin ddr_renderer_top_inst/ddr3_arbiter_inst/phy_instance/genblk11[8].iserdes_dq_inst/CLK is not reached by a timing clock
Related violations: <none>

TIMING-17#30 Critical Warning
Non-clocked sequential cell  
The clock pin ddr_renderer_top_inst/ddr3_arbiter_inst/phy_instance/genblk11[8].iserdes_dq_inst/CLKB is not reached by a timing clock
Related violations: <none>

TIMING-17#31 Critical Warning
Non-clocked sequential cell  
The clock pin ddr_renderer_top_inst/ddr3_arbiter_inst/phy_instance/genblk11[9].iserdes_dq_inst/CLK is not reached by a timing clock
Related violations: <none>

TIMING-17#32 Critical Warning
Non-clocked sequential cell  
The clock pin ddr_renderer_top_inst/ddr3_arbiter_inst/phy_instance/genblk11[9].iserdes_dq_inst/CLKB is not reached by a timing clock
Related violations: <none>

TIMING-27#1 Critical Warning
Invalid primary clock on hierarchical pin  
A primary clock ddr_renderer_top_inst/ddr3_arbiter_inst/clkgen_ddr3ctrl_instance/inst/clk_in1 is created on an inappropriate internal pin ddr_renderer_top_inst/ddr3_arbiter_inst/clkgen_ddr3ctrl_instance/inst/clk_in1. It is not recommended to create a primary clock on a hierarchical pin when its driver pin has a fanout connected to multiple clock pins
Related violations: <none>

TIMING-27#2 Critical Warning
Invalid primary clock on hierarchical pin  
A primary clock mb_block_inst/clk_wiz_1/inst/clk_in1 is created on an inappropriate internal pin mb_block_inst/clk_wiz_1/inst/clk_in1. It is not recommended to create a primary clock on a hierarchical pin when its driver pin has a fanout connected to multiple clock pins
Related violations: <none>

LUTAR-1#1 Warning
LUT drives async reset alert  
LUT cell ddr_renderer_top_inst/vga_to_hdmi/inst/encr/oserdes_m_i_1, with 2 or more inputs, drives asynchronous preset/clear pin(s) ddr_renderer_top_inst/vga_to_hdmi/inst/encg/dout_reg[9]/CLR,
ddr_renderer_top_inst/vga_to_hdmi/inst/encr/cnt_reg[1]/CLR,
ddr_renderer_top_inst/vga_to_hdmi/inst/encr/cnt_reg[2]/CLR,
ddr_renderer_top_inst/vga_to_hdmi/inst/encr/cnt_reg[3]/CLR,
ddr_renderer_top_inst/vga_to_hdmi/inst/encr/cnt_reg[4]/CLR,
ddr_renderer_top_inst/vga_to_hdmi/inst/encr/dout_reg[0]/CLR,
ddr_renderer_top_inst/vga_to_hdmi/inst/encr/dout_reg[1]/CLR,
ddr_renderer_top_inst/vga_to_hdmi/inst/encr/dout_reg[2]/CLR,
ddr_renderer_top_inst/vga_to_hdmi/inst/encr/dout_reg[3]/CLR,
ddr_renderer_top_inst/vga_to_hdmi/inst/encr/dout_reg[4]/CLR,
ddr_renderer_top_inst/vga_to_hdmi/inst/encr/dout_reg[5]/CLR,
ddr_renderer_top_inst/vga_to_hdmi/inst/encr/dout_reg[6]/CLR,
ddr_renderer_top_inst/vga_to_hdmi/inst/encr/dout_reg[7]/CLR,
ddr_renderer_top_inst/vga_to_hdmi/inst/encr/dout_reg[8]/CLR,
ddr_renderer_top_inst/vga_to_hdmi/inst/encr/dout_reg[9]/CLR
 (the first 15 of 42 listed). The LUT may glitch and trigger an unexpected reset, even if it is a properly timed path.
Related violations: <none>

LUTAR-1#2 Warning
LUT drives async reset alert  
LUT cell mb_block_inst/mdm_1/U0/MDM_Core_I1/JTAG_CONTROL_I/sel_n_i_2, with 2 or more inputs, drives asynchronous preset/clear pin(s) mb_block_inst/mdm_1/U0/MDM_Core_I1/JTAG_CONTROL_I/sel_n_reg/PRE. The LUT may glitch and trigger an unexpected reset, even if it is a properly timed path.
Related violations: <none>

LUTAR-1#3 Warning
LUT drives async reset alert  
LUT cell mb_block_inst/microblaze_0/U0/MicroBlaze_Core_I/Area.Core/Implement_Debug_Logic.Master_Core.Debug_Area/Serial_Dbg_Intf.force_stop_cmd_rst_i_i_1, with 2 or more inputs, drives asynchronous preset/clear pin(s) mb_block_inst/microblaze_0/U0/MicroBlaze_Core_I/Area.Core/Implement_Debug_Logic.Master_Core.Debug_Area/Serial_Dbg_Intf.force_stop_TClk_reg/CLR. The LUT may glitch and trigger an unexpected reset, even if it is a properly timed path.
Related violations: <none>

LUTAR-1#4 Warning
LUT drives async reset alert  
LUT cell mb_block_inst/microblaze_0/U0/MicroBlaze_Core_I/Area.Core/Implement_Debug_Logic.Master_Core.Debug_Area/Serial_Dbg_Intf.normal_stop_cmd_rst_i_i_1, with 2 or more inputs, drives asynchronous preset/clear pin(s) mb_block_inst/microblaze_0/U0/MicroBlaze_Core_I/Area.Core/Implement_Debug_Logic.Master_Core.Debug_Area/Serial_Dbg_Intf.normal_stop_TClk_reg/CLR. The LUT may glitch and trigger an unexpected reset, even if it is a properly timed path.
Related violations: <none>

SYNTH-10#1 Warning
Wide multiplier  
Detected multiplier at ddr_renderer_top_inst/graphics_inst/projector_inst/dp_q_reg[0][x] of size 15x11, it is decomposed from a wide multipler into 4 DSP blocks.
Related violations: <none>

SYNTH-10#2 Warning
Wide multiplier  
Detected multiplier at ddr_renderer_top_inst/graphics_inst/projector_inst/dp_q_reg[0][x]__0 of size 18x11, it is decomposed from a wide multipler into 4 DSP blocks.
Related violations: <none>

SYNTH-10#3 Warning
Wide multiplier  
Detected multiplier at ddr_renderer_top_inst/graphics_inst/projector_inst/dp_q_reg[0][y] of size 15x11, it is decomposed from a wide multipler into 4 DSP blocks.
Related violations: <none>

SYNTH-10#4 Warning
Wide multiplier  
Detected multiplier at ddr_renderer_top_inst/graphics_inst/projector_inst/dp_q_reg[0][y]__0 of size 18x11, it is decomposed from a wide multipler into 4 DSP blocks.
Related violations: <none>

SYNTH-10#5 Warning
Wide multiplier  
Detected multiplier at ddr_renderer_top_inst/graphics_inst/projector_inst/dp_q_reg[1][x] of size 15x11, it is decomposed from a wide multipler into 4 DSP blocks.
Related violations: <none>

SYNTH-10#6 Warning
Wide multiplier  
Detected multiplier at ddr_renderer_top_inst/graphics_inst/projector_inst/dp_q_reg[1][x]__0 of size 18x11, it is decomposed from a wide multipler into 4 DSP blocks.
Related violations: <none>

SYNTH-10#7 Warning
Wide multiplier  
Detected multiplier at ddr_renderer_top_inst/graphics_inst/projector_inst/dp_q_reg[1][y] of size 15x11, it is decomposed from a wide multipler into 4 DSP blocks.
Related violations: <none>

SYNTH-10#8 Warning
Wide multiplier  
Detected multiplier at ddr_renderer_top_inst/graphics_inst/projector_inst/dp_q_reg[1][y]__0 of size 18x11, it is decomposed from a wide multipler into 4 DSP blocks.
Related violations: <none>

SYNTH-10#9 Warning
Wide multiplier  
Detected multiplier at ddr_renderer_top_inst/graphics_inst/projector_inst/dp_q_reg[2][x] of size 15x11, it is decomposed from a wide multipler into 4 DSP blocks.
Related violations: <none>

SYNTH-10#10 Warning
Wide multiplier  
Detected multiplier at ddr_renderer_top_inst/graphics_inst/projector_inst/dp_q_reg[2][x]__0 of size 18x11, it is decomposed from a wide multipler into 4 DSP blocks.
Related violations: <none>

SYNTH-10#11 Warning
Wide multiplier  
Detected multiplier at ddr_renderer_top_inst/graphics_inst/projector_inst/dp_q_reg[2][y] of size 15x11, it is decomposed from a wide multipler into 4 DSP blocks.
Related violations: <none>

SYNTH-10#12 Warning
Wide multiplier  
Detected multiplier at ddr_renderer_top_inst/graphics_inst/projector_inst/dp_q_reg[2][y]__0 of size 18x11, it is decomposed from a wide multipler into 4 DSP blocks.
Related violations: <none>

SYNTH-10#13 Warning
Wide multiplier  
Detected multiplier at ddr_renderer_top_inst/graphics_inst/projector_inst/mul0_q0 of size 15x18, it is decomposed from a wide multipler into 4 DSP blocks.
Related violations: <none>

SYNTH-10#14 Warning
Wide multiplier  
Detected multiplier at ddr_renderer_top_inst/graphics_inst/projector_inst/mul0_q0__0 of size 18x18, it is decomposed from a wide multipler into 4 DSP blocks.
Related violations: <none>

SYNTH-10#15 Warning
Wide multiplier  
Detected multiplier at ddr_renderer_top_inst/graphics_inst/projector_inst/mul0_q_reg of size 15x15, it is decomposed from a wide multipler into 4 DSP blocks.
Related violations: <none>

SYNTH-10#16 Warning
Wide multiplier  
Detected multiplier at ddr_renderer_top_inst/graphics_inst/projector_inst/mul0_q_reg__0 of size 18x15, it is decomposed from a wide multipler into 4 DSP blocks.
Related violations: <none>

SYNTH-10#17 Warning
Wide multiplier  
Detected multiplier at ddr_renderer_top_inst/graphics_inst/projector_inst/mul1_q0 of size 15x18, it is decomposed from a wide multipler into 4 DSP blocks.
Related violations: <none>

SYNTH-10#18 Warning
Wide multiplier  
Detected multiplier at ddr_renderer_top_inst/graphics_inst/projector_inst/mul1_q0__0 of size 18x18, it is decomposed from a wide multipler into 4 DSP blocks.
Related violations: <none>

SYNTH-10#19 Warning
Wide multiplier  
Detected multiplier at ddr_renderer_top_inst/graphics_inst/projector_inst/mul1_q_reg of size 15x15, it is decomposed from a wide multipler into 4 DSP blocks.
Related violations: <none>

SYNTH-10#20 Warning
Wide multiplier  
Detected multiplier at ddr_renderer_top_inst/graphics_inst/projector_inst/mul1_q_reg__0 of size 18x15, it is decomposed from a wide multipler into 4 DSP blocks.
Related violations: <none>

SYNTH-10#21 Warning
Wide multiplier  
Detected multiplier at ddr_renderer_top_inst/graphics_inst/projector_inst/p_0_out of size 15x18, it is decomposed from a wide multipler into 4 DSP blocks.
Related violations: <none>

SYNTH-10#22 Warning
Wide multiplier  
Detected multiplier at ddr_renderer_top_inst/graphics_inst/projector_inst/p_0_out__0 of size 18x18, it is decomposed from a wide multipler into 4 DSP blocks.
Related violations: <none>

SYNTH-10#23 Warning
Wide multiplier  
Detected multiplier at ddr_renderer_top_inst/graphics_inst/projector_inst/p_0_out__1 of size 15x18, it is decomposed from a wide multipler into 4 DSP blocks.
Related violations: <none>

SYNTH-10#24 Warning
Wide multiplier  
Detected multiplier at ddr_renderer_top_inst/graphics_inst/projector_inst/p_0_out__10 of size 18x18, it is decomposed from a wide multipler into 4 DSP blocks.
Related violations: <none>

SYNTH-10#25 Warning
Wide multiplier  
Detected multiplier at ddr_renderer_top_inst/graphics_inst/projector_inst/p_0_out__2 of size 18x18, it is decomposed from a wide multipler into 4 DSP blocks.
Related violations: <none>

SYNTH-10#26 Warning
Wide multiplier  
Detected multiplier at ddr_renderer_top_inst/graphics_inst/projector_inst/p_0_out__3 of size 15x18, it is decomposed from a wide multipler into 4 DSP blocks.
Related violations: <none>

SYNTH-10#27 Warning
Wide multiplier  
Detected multiplier at ddr_renderer_top_inst/graphics_inst/projector_inst/p_0_out__4 of size 18x18, it is decomposed from a wide multipler into 4 DSP blocks.
Related violations: <none>

SYNTH-10#28 Warning
Wide multiplier  
Detected multiplier at ddr_renderer_top_inst/graphics_inst/projector_inst/p_0_out__5 of size 15x18, it is decomposed from a wide multipler into 4 DSP blocks.
Related violations: <none>

SYNTH-10#29 Warning
Wide multiplier  
Detected multiplier at ddr_renderer_top_inst/graphics_inst/projector_inst/p_0_out__6 of size 18x18, it is decomposed from a wide multipler into 4 DSP blocks.
Related violations: <none>

SYNTH-10#30 Warning
Wide multiplier  
Detected multiplier at ddr_renderer_top_inst/graphics_inst/projector_inst/p_0_out__7 of size 15x18, it is decomposed from a wide multipler into 4 DSP blocks.
Related violations: <none>

SYNTH-10#31 Warning
Wide multiplier  
Detected multiplier at ddr_renderer_top_inst/graphics_inst/projector_inst/p_0_out__8 of size 18x18, it is decomposed from a wide multipler into 4 DSP blocks.
Related violations: <none>

SYNTH-10#32 Warning
Wide multiplier  
Detected multiplier at ddr_renderer_top_inst/graphics_inst/projector_inst/p_0_out__9 of size 15x18, it is decomposed from a wide multipler into 4 DSP blocks.
Related violations: <none>

SYNTH-10#33 Warning
Wide multiplier  
Detected multiplier at ddr_renderer_top_inst/graphics_inst/rasterizer_inst/barycentric_calc_inst/mar1_20 of size 15x18, it is decomposed from a wide multipler into 4 DSP blocks.
Related violations: <none>

SYNTH-10#34 Warning
Wide multiplier  
Detected multiplier at ddr_renderer_top_inst/graphics_inst/rasterizer_inst/barycentric_calc_inst/mar1_20__0 of size 18x18, it is decomposed from a wide multipler into 4 DSP blocks.
Related violations: <none>

SYNTH-10#35 Warning
Wide multiplier  
Detected multiplier at ddr_renderer_top_inst/graphics_inst/rasterizer_inst/barycentric_calc_inst/mar1_2_reg of size 15x15, it is decomposed from a wide multipler into 4 DSP blocks.
Related violations: <none>

SYNTH-10#36 Warning
Wide multiplier  
Detected multiplier at ddr_renderer_top_inst/graphics_inst/rasterizer_inst/barycentric_calc_inst/mar1_2_reg__0 of size 18x15, it is decomposed from a wide multipler into 4 DSP blocks.
Related violations: <none>

SYNTH-10#37 Warning
Wide multiplier  
Detected multiplier at ddr_renderer_top_inst/graphics_inst/rasterizer_inst/barycentric_calc_inst/mar2_20 of size 15x18, it is decomposed from a wide multipler into 4 DSP blocks.
Related violations: <none>

SYNTH-10#38 Warning
Wide multiplier  
Detected multiplier at ddr_renderer_top_inst/graphics_inst/rasterizer_inst/barycentric_calc_inst/mar2_20__0 of size 18x18, it is decomposed from a wide multipler into 4 DSP blocks.
Related violations: <none>

SYNTH-10#39 Warning
Wide multiplier  
Detected multiplier at ddr_renderer_top_inst/graphics_inst/rasterizer_inst/barycentric_calc_inst/mar2_2_reg of size 15x15, it is decomposed from a wide multipler into 4 DSP blocks.
Related violations: <none>

SYNTH-10#40 Warning
Wide multiplier  
Detected multiplier at ddr_renderer_top_inst/graphics_inst/rasterizer_inst/barycentric_calc_inst/mar2_2_reg__0 of size 18x15, it is decomposed from a wide multipler into 4 DSP blocks.
Related violations: <none>

SYNTH-10#41 Warning
Wide multiplier  
Detected multiplier at ddr_renderer_top_inst/graphics_inst/rasterizer_inst/barycentric_calc_inst/mr1_20 of size 15x18, it is decomposed from a wide multipler into 4 DSP blocks.
Related violations: <none>

SYNTH-10#42 Warning
Wide multiplier  
Detected multiplier at ddr_renderer_top_inst/graphics_inst/rasterizer_inst/barycentric_calc_inst/mr1_20__0 of size 18x18, it is decomposed from a wide multipler into 4 DSP blocks.
Related violations: <none>

SYNTH-10#43 Warning
Wide multiplier  
Detected multiplier at ddr_renderer_top_inst/graphics_inst/rasterizer_inst/barycentric_calc_inst/mr1_2_reg of size 15x15, it is decomposed from a wide multipler into 4 DSP blocks.
Related violations: <none>

SYNTH-10#44 Warning
Wide multiplier  
Detected multiplier at ddr_renderer_top_inst/graphics_inst/rasterizer_inst/barycentric_calc_inst/mr1_2_reg__0 of size 18x15, it is decomposed from a wide multipler into 4 DSP blocks.
Related violations: <none>

SYNTH-10#45 Warning
Wide multiplier  
Detected multiplier at ddr_renderer_top_inst/graphics_inst/rasterizer_inst/barycentric_calc_inst/mr2_20 of size 15x18, it is decomposed from a wide multipler into 4 DSP blocks.
Related violations: <none>

SYNTH-10#46 Warning
Wide multiplier  
Detected multiplier at ddr_renderer_top_inst/graphics_inst/rasterizer_inst/barycentric_calc_inst/mr2_20__0 of size 18x18, it is decomposed from a wide multipler into 4 DSP blocks.
Related violations: <none>

SYNTH-10#47 Warning
Wide multiplier  
Detected multiplier at ddr_renderer_top_inst/graphics_inst/rasterizer_inst/barycentric_calc_inst/mr2_2_reg of size 15x15, it is decomposed from a wide multipler into 4 DSP blocks.
Related violations: <none>

SYNTH-10#48 Warning
Wide multiplier  
Detected multiplier at ddr_renderer_top_inst/graphics_inst/rasterizer_inst/barycentric_calc_inst/mr2_2_reg__0 of size 18x15, it is decomposed from a wide multipler into 4 DSP blocks.
Related violations: <none>

SYNTH-10#49 Warning
Wide multiplier  
Detected multiplier at ddr_renderer_top_inst/graphics_inst/rasterizer_inst/barycentric_calc_inst/mr3_20 of size 15x18, it is decomposed from a wide multipler into 4 DSP blocks.
Related violations: <none>

SYNTH-10#50 Warning
Wide multiplier  
Detected multiplier at ddr_renderer_top_inst/graphics_inst/rasterizer_inst/barycentric_calc_inst/mr3_20__0 of size 18x18, it is decomposed from a wide multipler into 4 DSP blocks.
Related violations: <none>

SYNTH-10#51 Warning
Wide multiplier  
Detected multiplier at ddr_renderer_top_inst/graphics_inst/rasterizer_inst/barycentric_calc_inst/mr3_2_reg of size 15x15, it is decomposed from a wide multipler into 4 DSP blocks.
Related violations: <none>

SYNTH-10#52 Warning
Wide multiplier  
Detected multiplier at ddr_renderer_top_inst/graphics_inst/rasterizer_inst/barycentric_calc_inst/mr3_2_reg__0 of size 18x15, it is decomposed from a wide multipler into 4 DSP blocks.
Related violations: <none>

SYNTH-10#53 Warning
Wide multiplier  
Detected multiplier at ddr_renderer_top_inst/graphics_inst/rasterizer_inst/barycentric_calc_inst/mr4_20 of size 15x18, it is decomposed from a wide multipler into 4 DSP blocks.
Related violations: <none>

SYNTH-10#54 Warning
Wide multiplier  
Detected multiplier at ddr_renderer_top_inst/graphics_inst/rasterizer_inst/barycentric_calc_inst/mr4_20__0 of size 18x18, it is decomposed from a wide multipler into 4 DSP blocks.
Related violations: <none>

SYNTH-10#55 Warning
Wide multiplier  
Detected multiplier at ddr_renderer_top_inst/graphics_inst/rasterizer_inst/barycentric_calc_inst/mr4_2_reg of size 15x15, it is decomposed from a wide multipler into 4 DSP blocks.
Related violations: <none>

SYNTH-10#56 Warning
Wide multiplier  
Detected multiplier at ddr_renderer_top_inst/graphics_inst/rasterizer_inst/barycentric_calc_inst/mr4_2_reg__0 of size 18x15, it is decomposed from a wide multipler into 4 DSP blocks.
Related violations: <none>

TIMING-9#1 Warning
Unknown CDC Logic  
One or more asynchronous Clock Domain Crossing has been detected between 2 clock domains through a set_false_path or a set_clock_groups or set_max_delay -datapath_only constraint but no double-registers logic synchronizer has been found on the side of the capture clock. It is recommended to run report_cdc for a complete and detailed CDC coverage. Please consider using XPM_CDC to avoid Critical severities
Related violations: <none>

TIMING-16#1 Warning
Large setup violation  
There is a large setup violation of -1.000 ns between ddr_renderer_top_inst/dmc_inst/cache_state_q_reg[2]/C (clocked by clk_out4_div_clk_wiz_1) and ddr_renderer_top_inst/dmc_inst/bram1/U0/inst_blk_mem_gen/gnbram.gnativebmg.native_blk_mem_gen/valid.cstr/ramloop[0].ram.r/prim_noinit.ram/DEVICE_7SERIES.NO_BMM_INFO.SP.WIDE_PRIM36.ram/DIBDI[23] (clocked by clk_out4_div_clk_wiz_1). Large setup violations at the end of those stages might be difficult to fix during the post-placement implementation flow and could be the result of non-optimal XDC constraints or non-optimal design architecture
Related violations: <none>

TIMING-16#2 Warning
Large setup violation  
There is a large setup violation of -1.005 ns between ddr_renderer_top_inst/graphics_inst/projector_inst/op_x_q_reg[2][20]/C (clocked by clk_out4_div_clk_wiz_1) and ddr_renderer_top_inst/graphics_inst/rasterizer_inst/barycentric_calc_inst/mr2_20/B[7] (clocked by clk_out4_div_clk_wiz_1). Large setup violations at the end of those stages might be difficult to fix during the post-placement implementation flow and could be the result of non-optimal XDC constraints or non-optimal design architecture
Related violations: <none>

TIMING-16#3 Warning
Large setup violation  
There is a large setup violation of -1.012 ns between ddr_renderer_top_inst/ddr3_arbiter_inst/phy_instance/rn_rd_op_delayed_reg[8]/C (clocked by clk_out4_div_clk_wiz_1) and ddr_renderer_top_inst/dmc_inst/bram1/U0/inst_blk_mem_gen/gnbram.gnativebmg.native_blk_mem_gen/valid.cstr/ramloop[5].ram.r/prim_noinit.ram/DEVICE_7SERIES.NO_BMM_INFO.SP.WIDE_PRIM36.ram/DIADI[8] (clocked by clk_out4_div_clk_wiz_1). Large setup violations at the end of those stages might be difficult to fix during the post-placement implementation flow and could be the result of non-optimal XDC constraints or non-optimal design architecture
Related violations: <none>

TIMING-16#4 Warning
Large setup violation  
There is a large setup violation of -1.014 ns between ddr_renderer_top_inst/graphics_inst/projector_inst/op_y_q_reg[1][17]/C (clocked by clk_out4_div_clk_wiz_1) and ddr_renderer_top_inst/graphics_inst/rasterizer_inst/barycentric_calc_inst/mar1_20/B[5] (clocked by clk_out4_div_clk_wiz_1). Large setup violations at the end of those stages might be difficult to fix during the post-placement implementation flow and could be the result of non-optimal XDC constraints or non-optimal design architecture
Related violations: <none>

TIMING-16#5 Warning
Large setup violation  
There is a large setup violation of -1.018 ns between ddr_renderer_top_inst/graphics_inst/projector_inst/op_x_q_reg[2][25]/C (clocked by clk_out4_div_clk_wiz_1) and ddr_renderer_top_inst/graphics_inst/rasterizer_inst/barycentric_calc_inst/mr2_2_reg/A[26] (clocked by clk_out4_div_clk_wiz_1). Large setup violations at the end of those stages might be difficult to fix during the post-placement implementation flow and could be the result of non-optimal XDC constraints or non-optimal design architecture
Related violations: <none>

TIMING-16#6 Warning
Large setup violation  
There is a large setup violation of -1.018 ns between ddr_renderer_top_inst/graphics_inst/projector_inst/op_x_q_reg[2][25]/C (clocked by clk_out4_div_clk_wiz_1) and ddr_renderer_top_inst/graphics_inst/rasterizer_inst/barycentric_calc_inst/mr2_2_reg/A[27] (clocked by clk_out4_div_clk_wiz_1). Large setup violations at the end of those stages might be difficult to fix during the post-placement implementation flow and could be the result of non-optimal XDC constraints or non-optimal design architecture
Related violations: <none>

TIMING-16#7 Warning
Large setup violation  
There is a large setup violation of -1.018 ns between ddr_renderer_top_inst/graphics_inst/projector_inst/op_x_q_reg[2][25]/C (clocked by clk_out4_div_clk_wiz_1) and ddr_renderer_top_inst/graphics_inst/rasterizer_inst/barycentric_calc_inst/mr2_2_reg/A[28] (clocked by clk_out4_div_clk_wiz_1). Large setup violations at the end of those stages might be difficult to fix during the post-placement implementation flow and could be the result of non-optimal XDC constraints or non-optimal design architecture
Related violations: <none>

TIMING-16#8 Warning
Large setup violation  
There is a large setup violation of -1.018 ns between ddr_renderer_top_inst/graphics_inst/projector_inst/op_x_q_reg[2][25]/C (clocked by clk_out4_div_clk_wiz_1) and ddr_renderer_top_inst/graphics_inst/rasterizer_inst/barycentric_calc_inst/mr2_2_reg/A[29] (clocked by clk_out4_div_clk_wiz_1). Large setup violations at the end of those stages might be difficult to fix during the post-placement implementation flow and could be the result of non-optimal XDC constraints or non-optimal design architecture
Related violations: <none>

TIMING-16#9 Warning
Large setup violation  
There is a large setup violation of -1.019 ns between ddr_renderer_top_inst/ddr3_arbiter_inst/phy_instance/rn_rd_op_delayed_reg[8]/C (clocked by clk_out4_div_clk_wiz_1) and ddr_renderer_top_inst/dmc_inst/bram1/U0/inst_blk_mem_gen/gnbram.gnativebmg.native_blk_mem_gen/valid.cstr/ramloop[1].ram.r/prim_noinit.ram/DEVICE_7SERIES.NO_BMM_INFO.SP.WIDE_PRIM36.ram/DIADI[4] (clocked by clk_out4_div_clk_wiz_1). Large setup violations at the end of those stages might be difficult to fix during the post-placement implementation flow and could be the result of non-optimal XDC constraints or non-optimal design architecture
Related violations: <none>

TIMING-16#10 Warning
Large setup violation  
There is a large setup violation of -1.019 ns between ddr_renderer_top_inst/ddr3_arbiter_inst/phy_instance/rn_rd_op_delayed_reg[8]/C (clocked by clk_out4_div_clk_wiz_1) and ddr_renderer_top_inst/dmc_inst/bram1/U0/inst_blk_mem_gen/gnbram.gnativebmg.native_blk_mem_gen/valid.cstr/ramloop[4].ram.r/prim_noinit.ram/DEVICE_7SERIES.NO_BMM_INFO.SP.WIDE_PRIM36.ram/DIADI[2] (clocked by clk_out4_div_clk_wiz_1). Large setup violations at the end of those stages might be difficult to fix during the post-placement implementation flow and could be the result of non-optimal XDC constraints or non-optimal design architecture
Related violations: <none>

TIMING-16#11 Warning
Large setup violation  
There is a large setup violation of -1.019 ns between ddr_renderer_top_inst/graphics_inst/zbuffer_inst/zbuf_q2_reg[addr][6]_srl2_srlopt/C (clocked by clk_out4_div_clk_wiz_1) and ddr_renderer_top_inst/graphics_inst/rasterizer_inst/addr_pipe_q_reg[5][14]_srl6___ddr_renderer_top_inst_graphics_inst_rasterizer_inst_v_pipe_q_reg_r_4/CE (clocked by clk_out4_div_clk_wiz_1). Large setup violations at the end of those stages might be difficult to fix during the post-placement implementation flow and could be the result of non-optimal XDC constraints or non-optimal design architecture
Related violations: <none>

TIMING-16#12 Warning
Large setup violation  
There is a large setup violation of -1.019 ns between ddr_renderer_top_inst/graphics_inst/zbuffer_inst/zbuf_q2_reg[addr][6]_srl2_srlopt/C (clocked by clk_out4_div_clk_wiz_1) and ddr_renderer_top_inst/graphics_inst/rasterizer_inst/addr_pipe_q_reg[5][2]_srl6___ddr_renderer_top_inst_graphics_inst_rasterizer_inst_v_pipe_q_reg_r_4/CE (clocked by clk_out4_div_clk_wiz_1). Large setup violations at the end of those stages might be difficult to fix during the post-placement implementation flow and could be the result of non-optimal XDC constraints or non-optimal design architecture
Related violations: <none>

TIMING-16#13 Warning
Large setup violation  
There is a large setup violation of -1.019 ns between ddr_renderer_top_inst/graphics_inst/zbuffer_inst/zbuf_q2_reg[addr][6]_srl2_srlopt/C (clocked by clk_out4_div_clk_wiz_1) and ddr_renderer_top_inst/graphics_inst/rasterizer_inst/addr_pipe_q_reg[5][6]_srl6___ddr_renderer_top_inst_graphics_inst_rasterizer_inst_v_pipe_q_reg_r_4/CE (clocked by clk_out4_div_clk_wiz_1). Large setup violations at the end of those stages might be difficult to fix during the post-placement implementation flow and could be the result of non-optimal XDC constraints or non-optimal design architecture
Related violations: <none>

TIMING-16#14 Warning
Large setup violation  
There is a large setup violation of -1.019 ns between ddr_renderer_top_inst/graphics_inst/zbuffer_inst/zbuf_q2_reg[addr][6]_srl2_srlopt/C (clocked by clk_out4_div_clk_wiz_1) and ddr_renderer_top_inst/graphics_inst/rasterizer_inst/addr_pipe_q_reg[5][7]_srl6___ddr_renderer_top_inst_graphics_inst_rasterizer_inst_v_pipe_q_reg_r_4/CE (clocked by clk_out4_div_clk_wiz_1). Large setup violations at the end of those stages might be difficult to fix during the post-placement implementation flow and could be the result of non-optimal XDC constraints or non-optimal design architecture
Related violations: <none>

TIMING-16#15 Warning
Large setup violation  
There is a large setup violation of -1.021 ns between ddr_renderer_top_inst/graphics_inst/projector_inst/divider_i_487_psdsp/C (clocked by clk_out4_div_clk_wiz_1) and ddr_renderer_top_inst/graphics_inst/projector_inst/divider/U0/i_synth/i_has_input_skid.i_2to1/gen_has_z_tready.reg1_a_tdata_reg[5]/D (clocked by clk_out4_div_clk_wiz_1). Large setup violations at the end of those stages might be difficult to fix during the post-placement implementation flow and could be the result of non-optimal XDC constraints or non-optimal design architecture
Related violations: <none>

TIMING-16#16 Warning
Large setup violation  
There is a large setup violation of -1.022 ns between ddr_renderer_top_inst/graphics_inst/zbuffer_inst/zbuf_q2_reg[addr][6]_srl2_srlopt/C (clocked by clk_out4_div_clk_wiz_1) and ddr_renderer_top_inst/graphics_inst/rasterizer_inst/barycentric_calc_inst/mr2_20__0/CEM (clocked by clk_out4_div_clk_wiz_1). Large setup violations at the end of those stages might be difficult to fix during the post-placement implementation flow and could be the result of non-optimal XDC constraints or non-optimal design architecture
Related violations: <none>

TIMING-16#17 Warning
Large setup violation  
There is a large setup violation of -1.026 ns between ddr_renderer_top_inst/ddr3_arbiter_inst/phy_instance/rn_rd_op_delayed_reg[8]/C (clocked by clk_out4_div_clk_wiz_1) and ddr_renderer_top_inst/dmc_inst/bram1/U0/inst_blk_mem_gen/gnbram.gnativebmg.native_blk_mem_gen/valid.cstr/ramloop[0].ram.r/prim_noinit.ram/DEVICE_7SERIES.NO_BMM_INFO.SP.WIDE_PRIM36.ram/DIADI[0] (clocked by clk_out4_div_clk_wiz_1). Large setup violations at the end of those stages might be difficult to fix during the post-placement implementation flow and could be the result of non-optimal XDC constraints or non-optimal design architecture
Related violations: <none>

TIMING-16#18 Warning
Large setup violation  
There is a large setup violation of -1.027 ns between ddr_renderer_top_inst/graphics_inst/projector_inst/state_q_reg[1]/C (clocked by clk_out4_div_clk_wiz_1) and ddr_renderer_top_inst/graphics_inst/projector_inst/mul0_q_reg/CEA2 (clocked by clk_out4_div_clk_wiz_1). Large setup violations at the end of those stages might be difficult to fix during the post-placement implementation flow and could be the result of non-optimal XDC constraints or non-optimal design architecture
Related violations: <none>

TIMING-16#19 Warning
Large setup violation  
There is a large setup violation of -1.028 ns between ddr_renderer_top_inst/ddr3_arbiter_inst/phy_instance/rn_rd_op_delayed_reg[8]/C (clocked by clk_out4_div_clk_wiz_1) and ddr_renderer_top_inst/dmc_inst/bram1/U0/inst_blk_mem_gen/gnbram.gnativebmg.native_blk_mem_gen/valid.cstr/ramloop[5].ram.r/prim_noinit.ram/DEVICE_7SERIES.NO_BMM_INFO.SP.WIDE_PRIM36.ram/DIBDI[6] (clocked by clk_out4_div_clk_wiz_1). Large setup violations at the end of those stages might be difficult to fix during the post-placement implementation flow and could be the result of non-optimal XDC constraints or non-optimal design architecture
Related violations: <none>

TIMING-16#20 Warning
Large setup violation  
There is a large setup violation of -1.034 ns between ddr_renderer_top_inst/ddr3_arbiter_inst/phy_instance/rn_rd_op_delayed_reg[8]/C (clocked by clk_out4_div_clk_wiz_1) and ddr_renderer_top_inst/dmc_inst/bram1/U0/inst_blk_mem_gen/gnbram.gnativebmg.native_blk_mem_gen/valid.cstr/ramloop[1].ram.r/prim_noinit.ram/DEVICE_7SERIES.NO_BMM_INFO.SP.WIDE_PRIM36.ram/DIBDI[27] (clocked by clk_out4_div_clk_wiz_1). Large setup violations at the end of those stages might be difficult to fix during the post-placement implementation flow and could be the result of non-optimal XDC constraints or non-optimal design architecture
Related violations: <none>

TIMING-16#21 Warning
Large setup violation  
There is a large setup violation of -1.036 ns between ddr_renderer_top_inst/ddr3_arbiter_inst/rdcal_instance/r_rd_cal_done_reg/C (clocked by clk_out4_div_clk_wiz_1) and ddr_renderer_top_inst/ddr3_arbiter_inst/phy_instance/cmdfifo_inst/U0/inst_fifo_gen/gconvfifo.rf/grf.rf/gntv_or_sync_fifo.mem/gbm.gbmg.gbmga.ngecc.bmg/inst_blk_mem_gen/gnbram.gnativebmg.native_blk_mem_gen/valid.cstr/ramloop[2].ram.r/prim_noinit.ram/DEVICE_7SERIES.NO_BMM_INFO.SDP.WIDE_PRIM36_NO_ECC.ram/DIBDI[16] (clocked by clk_out4_div_clk_wiz_1). Large setup violations at the end of those stages might be difficult to fix during the post-placement implementation flow and could be the result of non-optimal XDC constraints or non-optimal design architecture
Related violations: <none>

TIMING-16#22 Warning
Large setup violation  
There is a large setup violation of -1.036 ns between ddr_renderer_top_inst/graphics_inst/projector_inst/op_y_q_reg[1][17]/C (clocked by clk_out4_div_clk_wiz_1) and ddr_renderer_top_inst/graphics_inst/rasterizer_inst/barycentric_calc_inst/mar1_20/B[12] (clocked by clk_out4_div_clk_wiz_1). Large setup violations at the end of those stages might be difficult to fix during the post-placement implementation flow and could be the result of non-optimal XDC constraints or non-optimal design architecture
Related violations: <none>

TIMING-16#23 Warning
Large setup violation  
There is a large setup violation of -1.038 ns between ddr_renderer_top_inst/graphics_inst/projector_inst/op_y_q_reg[1][12]/C (clocked by clk_out4_div_clk_wiz_1) and ddr_renderer_top_inst/graphics_inst/projector_inst/mul0_q0/B[7] (clocked by clk_out4_div_clk_wiz_1). Large setup violations at the end of those stages might be difficult to fix during the post-placement implementation flow and could be the result of non-optimal XDC constraints or non-optimal design architecture
Related violations: <none>

TIMING-16#24 Warning
Large setup violation  
There is a large setup violation of -1.039 ns between ddr_renderer_top_inst/ddr3_arbiter_inst/phy_instance/rn_rd_op_delayed_reg[8]/C (clocked by clk_out4_div_clk_wiz_1) and ddr_renderer_top_inst/dmc_inst/bram1/U0/inst_blk_mem_gen/gnbram.gnativebmg.native_blk_mem_gen/valid.cstr/ramloop[0].ram.r/prim_noinit.ram/DEVICE_7SERIES.NO_BMM_INFO.SP.WIDE_PRIM36.ram/DIBDI[12] (clocked by clk_out4_div_clk_wiz_1). Large setup violations at the end of those stages might be difficult to fix during the post-placement implementation flow and could be the result of non-optimal XDC constraints or non-optimal design architecture
Related violations: <none>

TIMING-16#25 Warning
Large setup violation  
There is a large setup violation of -1.040 ns between ddr_renderer_top_inst/ddr3_arbiter_inst/phy_instance/rn_rd_op_delayed_reg[8]/C (clocked by clk_out4_div_clk_wiz_1) and ddr_renderer_top_inst/dmc_inst/bram1/U0/inst_blk_mem_gen/gnbram.gnativebmg.native_blk_mem_gen/valid.cstr/ramloop[1].ram.r/prim_noinit.ram/DEVICE_7SERIES.NO_BMM_INFO.SP.WIDE_PRIM36.ram/DIADI[1] (clocked by clk_out4_div_clk_wiz_1). Large setup violations at the end of those stages might be difficult to fix during the post-placement implementation flow and could be the result of non-optimal XDC constraints or non-optimal design architecture
Related violations: <none>

TIMING-16#26 Warning
Large setup violation  
There is a large setup violation of -1.040 ns between ddr_renderer_top_inst/graphics_inst/projector_inst/op_x_q_reg[2][25]/C (clocked by clk_out4_div_clk_wiz_1) and ddr_renderer_top_inst/graphics_inst/rasterizer_inst/barycentric_calc_inst/mr2_20/B[9] (clocked by clk_out4_div_clk_wiz_1). Large setup violations at the end of those stages might be difficult to fix during the post-placement implementation flow and could be the result of non-optimal XDC constraints or non-optimal design architecture
Related violations: <none>

TIMING-16#27 Warning
Large setup violation  
There is a large setup violation of -1.040 ns between ddr_renderer_top_inst/graphics_inst/projector_inst/op_y_q_reg[1][17]/C (clocked by clk_out4_div_clk_wiz_1) and ddr_renderer_top_inst/graphics_inst/rasterizer_inst/barycentric_calc_inst/mar1_20/B[13] (clocked by clk_out4_div_clk_wiz_1). Large setup violations at the end of those stages might be difficult to fix during the post-placement implementation flow and could be the result of non-optimal XDC constraints or non-optimal design architecture
Related violations: <none>

TIMING-16#28 Warning
Large setup violation  
There is a large setup violation of -1.041 ns between ddr_renderer_top_inst/ddr3_arbiter_inst/phy_instance/rn_rd_op_delayed_reg[8]/C (clocked by clk_out4_div_clk_wiz_1) and ddr_renderer_top_inst/dmc_inst/bram1/U0/inst_blk_mem_gen/gnbram.gnativebmg.native_blk_mem_gen/valid.cstr/ramloop[1].ram.r/prim_noinit.ram/DEVICE_7SERIES.NO_BMM_INFO.SP.WIDE_PRIM36.ram/DIBDI[3] (clocked by clk_out4_div_clk_wiz_1). Large setup violations at the end of those stages might be difficult to fix during the post-placement implementation flow and could be the result of non-optimal XDC constraints or non-optimal design architecture
Related violations: <none>

TIMING-16#29 Warning
Large setup violation  
There is a large setup violation of -1.041 ns between ddr_renderer_top_inst/graphics_inst/projector_inst/op_y_q_reg[0][8]/C (clocked by clk_out4_div_clk_wiz_1) and ddr_renderer_top_inst/graphics_inst/projector_inst/mul1_q_reg__0/B[16] (clocked by clk_out4_div_clk_wiz_1). Large setup violations at the end of those stages might be difficult to fix during the post-placement implementation flow and could be the result of non-optimal XDC constraints or non-optimal design architecture
Related violations: <none>

TIMING-16#30 Warning
Large setup violation  
There is a large setup violation of -1.043 ns between ddr_renderer_top_inst/graphics_inst/projector_inst/op_y_q_reg[2][16]/C (clocked by clk_out4_div_clk_wiz_1) and ddr_renderer_top_inst/graphics_inst/rasterizer_inst/barycentric_calc_inst/mr3_20__0/A[16] (clocked by clk_out4_div_clk_wiz_1). Large setup violations at the end of those stages might be difficult to fix during the post-placement implementation flow and could be the result of non-optimal XDC constraints or non-optimal design architecture
Related violations: <none>

TIMING-16#31 Warning
Large setup violation  
There is a large setup violation of -1.044 ns between ddr_renderer_top_inst/ddr3_arbiter_inst/phy_instance/rn_rd_op_delayed_reg[8]/C (clocked by clk_out4_div_clk_wiz_1) and ddr_renderer_top_inst/dmc_inst/bram1/U0/inst_blk_mem_gen/gnbram.gnativebmg.native_blk_mem_gen/valid.cstr/ramloop[7].ram.r/prim_noinit.ram/DEVICE_7SERIES.NO_BMM_INFO.SP.WIDE_PRIM36.ram/DIBDI[3] (clocked by clk_out4_div_clk_wiz_1). Large setup violations at the end of those stages might be difficult to fix during the post-placement implementation flow and could be the result of non-optimal XDC constraints or non-optimal design architecture
Related violations: <none>

TIMING-16#32 Warning
Large setup violation  
There is a large setup violation of -1.048 ns between ddr_renderer_top_inst/ddr3_arbiter_inst/phy_instance/rn_rd_op_delayed_reg[8]/C (clocked by clk_out4_div_clk_wiz_1) and ddr_renderer_top_inst/dmc_inst/bram1/U0/inst_blk_mem_gen/gnbram.gnativebmg.native_blk_mem_gen/valid.cstr/ramloop[6].ram.r/prim_noinit.ram/DEVICE_7SERIES.NO_BMM_INFO.SP.WIDE_PRIM36.ram/DIADI[28] (clocked by clk_out4_div_clk_wiz_1). Large setup violations at the end of those stages might be difficult to fix during the post-placement implementation flow and could be the result of non-optimal XDC constraints or non-optimal design architecture
Related violations: <none>

TIMING-16#33 Warning
Large setup violation  
There is a large setup violation of -1.048 ns between ddr_renderer_top_inst/graphics_inst/projector_inst/op_y_q_reg[1][17]/C (clocked by clk_out4_div_clk_wiz_1) and ddr_renderer_top_inst/graphics_inst/rasterizer_inst/barycentric_calc_inst/mar1_20/B[4] (clocked by clk_out4_div_clk_wiz_1). Large setup violations at the end of those stages might be difficult to fix during the post-placement implementation flow and could be the result of non-optimal XDC constraints or non-optimal design architecture
Related violations: <none>

TIMING-16#34 Warning
Large setup violation  
There is a large setup violation of -1.051 ns between ddr_renderer_top_inst/ddr3_arbiter_inst/phy_instance/rn_rd_op_delayed_reg[8]/C (clocked by clk_out4_div_clk_wiz_1) and ddr_renderer_top_inst/dmc_inst/bram1/U0/inst_blk_mem_gen/gnbram.gnativebmg.native_blk_mem_gen/valid.cstr/ramloop[2].ram.r/prim_noinit.ram/DEVICE_7SERIES.NO_BMM_INFO.SP.WIDE_PRIM36.ram/DIADI[2] (clocked by clk_out4_div_clk_wiz_1). Large setup violations at the end of those stages might be difficult to fix during the post-placement implementation flow and could be the result of non-optimal XDC constraints or non-optimal design architecture
Related violations: <none>

TIMING-16#35 Warning
Large setup violation  
There is a large setup violation of -1.051 ns between ddr_renderer_top_inst/graphics_inst/projector_inst/op_y_q_reg[1][12]/C (clocked by clk_out4_div_clk_wiz_1) and ddr_renderer_top_inst/graphics_inst/projector_inst/mul0_q0/B[17] (clocked by clk_out4_div_clk_wiz_1). Large setup violations at the end of those stages might be difficult to fix during the post-placement implementation flow and could be the result of non-optimal XDC constraints or non-optimal design architecture
Related violations: <none>

TIMING-16#36 Warning
Large setup violation  
There is a large setup violation of -1.052 ns between ddr_renderer_top_inst/graphics_inst/projector_inst/divider_i_487_psdsp/C (clocked by clk_out4_div_clk_wiz_1) and ddr_renderer_top_inst/graphics_inst/projector_inst/divider/U0/i_synth/i_has_input_skid.i_2to1/gen_has_z_tready.reg1_a_tdata_reg[9]/D (clocked by clk_out4_div_clk_wiz_1). Large setup violations at the end of those stages might be difficult to fix during the post-placement implementation flow and could be the result of non-optimal XDC constraints or non-optimal design architecture
Related violations: <none>

TIMING-16#37 Warning
Large setup violation  
There is a large setup violation of -1.052 ns between ddr_renderer_top_inst/graphics_inst/projector_inst/op_y_q_reg[1][17]/C (clocked by clk_out4_div_clk_wiz_1) and ddr_renderer_top_inst/graphics_inst/rasterizer_inst/barycentric_calc_inst/mar1_20/B[11] (clocked by clk_out4_div_clk_wiz_1). Large setup violations at the end of those stages might be difficult to fix during the post-placement implementation flow and could be the result of non-optimal XDC constraints or non-optimal design architecture
Related violations: <none>

TIMING-16#38 Warning
Large setup violation  
There is a large setup violation of -1.052 ns between ddr_renderer_top_inst/graphics_inst/projector_inst/op_y_q_reg[1][17]/C (clocked by clk_out4_div_clk_wiz_1) and ddr_renderer_top_inst/graphics_inst/rasterizer_inst/barycentric_calc_inst/mar1_20/B[17] (clocked by clk_out4_div_clk_wiz_1). Large setup violations at the end of those stages might be difficult to fix during the post-placement implementation flow and could be the result of non-optimal XDC constraints or non-optimal design architecture
Related violations: <none>

TIMING-16#39 Warning
Large setup violation  
There is a large setup violation of -1.053 ns between ddr_renderer_top_inst/graphics_inst/projector_inst/op_y_q_reg[2][21]/C (clocked by clk_out4_div_clk_wiz_1) and ddr_renderer_top_inst/graphics_inst/rasterizer_inst/barycentric_calc_inst/mr2_2_reg/B[12] (clocked by clk_out4_div_clk_wiz_1). Large setup violations at the end of those stages might be difficult to fix during the post-placement implementation flow and could be the result of non-optimal XDC constraints or non-optimal design architecture
Related violations: <none>

TIMING-16#40 Warning
Large setup violation  
There is a large setup violation of -1.054 ns between ddr_renderer_top_inst/ddr3_arbiter_inst/phy_instance/rn_rd_op_delayed_reg[8]/C (clocked by clk_out4_div_clk_wiz_1) and ddr_renderer_top_inst/dmc_inst/bram1/U0/inst_blk_mem_gen/gnbram.gnativebmg.native_blk_mem_gen/valid.cstr/ramloop[1].ram.r/prim_noinit.ram/DEVICE_7SERIES.NO_BMM_INFO.SP.WIDE_PRIM36.ram/DIBDI[28] (clocked by clk_out4_div_clk_wiz_1). Large setup violations at the end of those stages might be difficult to fix during the post-placement implementation flow and could be the result of non-optimal XDC constraints or non-optimal design architecture
Related violations: <none>

TIMING-16#41 Warning
Large setup violation  
There is a large setup violation of -1.056 ns between ddr_renderer_top_inst/ddr3_arbiter_inst/phy_instance/r_mem_rst_reg/C (clocked by clk_out4_div_clk_wiz_1) and ddr_renderer_top_inst/ddr3_arbiter_inst/phy_instance/genblk12[8].oserdes_dq_inst/RST (clocked by clk_out4_div_clk_wiz_1). Large setup violations at the end of those stages might be difficult to fix during the post-placement implementation flow and could be the result of non-optimal XDC constraints or non-optimal design architecture
Related violations: <none>

TIMING-16#42 Warning
Large setup violation  
There is a large setup violation of -1.057 ns between ddr_renderer_top_inst/ddr3_arbiter_inst/phy_instance/rn_rd_op_delayed_reg[8]/C (clocked by clk_out4_div_clk_wiz_1) and ddr_renderer_top_inst/dmc_inst/bram1/U0/inst_blk_mem_gen/gnbram.gnativebmg.native_blk_mem_gen/valid.cstr/ramloop[6].ram.r/prim_noinit.ram/DEVICE_7SERIES.NO_BMM_INFO.SP.WIDE_PRIM36.ram/DIADI[2] (clocked by clk_out4_div_clk_wiz_1). Large setup violations at the end of those stages might be difficult to fix during the post-placement implementation flow and could be the result of non-optimal XDC constraints or non-optimal design architecture
Related violations: <none>

TIMING-16#43 Warning
Large setup violation  
There is a large setup violation of -1.058 ns between ddr_renderer_top_inst/ddr3_arbiter_inst/phy_instance/cmdfifo_inst/U0/inst_fifo_gen/gconvfifo.rf/grf.rf/gntv_or_sync_fifo.mem/gbm.gbmg.gbmga.ngecc.bmg/inst_blk_mem_gen/gnbram.gnativebmg.native_blk_mem_gen/valid.cstr/ramloop[2].ram.r/prim_noinit.ram/DEVICE_7SERIES.NO_BMM_INFO.SDP.WIDE_PRIM36_NO_ECC.ram/CLKARDCLK (clocked by clk_out4_div_clk_wiz_1) and ddr_renderer_top_inst/ddr3_arbiter_inst/phy_instance/rn_state_2ahead_reg[2]/D (clocked by clk_out4_div_clk_wiz_1). Large setup violations at the end of those stages might be difficult to fix during the post-placement implementation flow and could be the result of non-optimal XDC constraints or non-optimal design architecture
Related violations: <none>

TIMING-16#44 Warning
Large setup violation  
There is a large setup violation of -1.062 ns between ddr_renderer_top_inst/graphics_inst/projector_inst/divider_i_487_psdsp/C (clocked by clk_out4_div_clk_wiz_1) and ddr_renderer_top_inst/graphics_inst/projector_inst/divider/U0/i_synth/i_has_input_skid.i_2to1/gen_has_z_tready.reg1_a_tdata_reg[0]/D (clocked by clk_out4_div_clk_wiz_1). Large setup violations at the end of those stages might be difficult to fix during the post-placement implementation flow and could be the result of non-optimal XDC constraints or non-optimal design architecture
Related violations: <none>

TIMING-16#45 Warning
Large setup violation  
There is a large setup violation of -1.064 ns between ddr_renderer_top_inst/graphics_inst/zbuffer_inst/zbuf_q2_reg[addr][6]_srl2_srlopt/C (clocked by clk_out4_div_clk_wiz_1) and ddr_renderer_top_inst/graphics_inst/rasterizer_inst/barycentric_calc_inst/mr2_2_reg__0/CEB2 (clocked by clk_out4_div_clk_wiz_1). Large setup violations at the end of those stages might be difficult to fix during the post-placement implementation flow and could be the result of non-optimal XDC constraints or non-optimal design architecture
Related violations: <none>

TIMING-16#46 Warning
Large setup violation  
There is a large setup violation of -1.066 ns between ddr_renderer_top_inst/FSM_onehot_fbuf_wr_state_q_reg[0]/C (clocked by clk_out4_div_clk_wiz_1) and ddr_renderer_top_inst/ddr3_arbiter_inst/phy_instance/cmdfifo_inst/U0/inst_fifo_gen/gconvfifo.rf/grf.rf/gntv_or_sync_fifo.mem/gbm.gbmg.gbmga.ngecc.bmg/inst_blk_mem_gen/gnbram.gnativebmg.native_blk_mem_gen/valid.cstr/ramloop[0].ram.r/prim_noinit.ram/DEVICE_7SERIES.NO_BMM_INFO.SDP.WIDE_PRIM18.ram/WEBWE[1] (clocked by clk_out4_div_clk_wiz_1). Large setup violations at the end of those stages might be difficult to fix during the post-placement implementation flow and could be the result of non-optimal XDC constraints or non-optimal design architecture
Related violations: <none>

TIMING-16#47 Warning
Large setup violation  
There is a large setup violation of -1.066 ns between ddr_renderer_top_inst/graphics_inst/projector_inst/op_y_q_reg[1][12]/C (clocked by clk_out4_div_clk_wiz_1) and ddr_renderer_top_inst/graphics_inst/projector_inst/mul0_q0/B[10] (clocked by clk_out4_div_clk_wiz_1). Large setup violations at the end of those stages might be difficult to fix during the post-placement implementation flow and could be the result of non-optimal XDC constraints or non-optimal design architecture
Related violations: <none>

TIMING-16#48 Warning
Large setup violation  
There is a large setup violation of -1.067 ns between ddr_renderer_top_inst/ddr3_arbiter_inst/phy_instance/rn_rd_op_delayed_reg[8]/C (clocked by clk_out4_div_clk_wiz_1) and ddr_renderer_top_inst/dmc_inst/bram1/U0/inst_blk_mem_gen/gnbram.gnativebmg.native_blk_mem_gen/valid.cstr/ramloop[5].ram.r/prim_noinit.ram/DEVICE_7SERIES.NO_BMM_INFO.SP.WIDE_PRIM36.ram/DIADI[9] (clocked by clk_out4_div_clk_wiz_1). Large setup violations at the end of those stages might be difficult to fix during the post-placement implementation flow and could be the result of non-optimal XDC constraints or non-optimal design architecture
Related violations: <none>

TIMING-16#49 Warning
Large setup violation  
There is a large setup violation of -1.074 ns between ddr_renderer_top_inst/graphics_inst/projector_inst/op_x_q_reg[2][20]/C (clocked by clk_out4_div_clk_wiz_1) and ddr_renderer_top_inst/graphics_inst/rasterizer_inst/barycentric_calc_inst/mr2_20/B[8] (clocked by clk_out4_div_clk_wiz_1). Large setup violations at the end of those stages might be difficult to fix during the post-placement implementation flow and could be the result of non-optimal XDC constraints or non-optimal design architecture
Related violations: <none>

TIMING-16#50 Warning
Large setup violation  
There is a large setup violation of -1.079 ns between ddr_renderer_top_inst/graphics_inst/projector_inst/op_y_q_reg[1][17]/C (clocked by clk_out4_div_clk_wiz_1) and ddr_renderer_top_inst/graphics_inst/rasterizer_inst/barycentric_calc_inst/mar1_20/B[16] (clocked by clk_out4_div_clk_wiz_1). Large setup violations at the end of those stages might be difficult to fix during the post-placement implementation flow and could be the result of non-optimal XDC constraints or non-optimal design architecture
Related violations: <none>

TIMING-16#51 Warning
Large setup violation  
There is a large setup violation of -1.081 ns between ddr_renderer_top_inst/graphics_inst/FSM_sequential_graphics_state_q_reg[1]/C (clocked by clk_out4_div_clk_wiz_1) and ddr_renderer_top_inst/ddr3_arbiter_inst/phy_instance/cmdfifo_inst/U0/inst_fifo_gen/gconvfifo.rf/grf.rf/gntv_or_sync_fifo.mem/gbm.gbmg.gbmga.ngecc.bmg/inst_blk_mem_gen/gnbram.gnativebmg.native_blk_mem_gen/valid.cstr/ramloop[0].ram.r/prim_noinit.ram/DEVICE_7SERIES.NO_BMM_INFO.SDP.WIDE_PRIM18.ram/DIADI[8] (clocked by clk_out4_div_clk_wiz_1). Large setup violations at the end of those stages might be difficult to fix during the post-placement implementation flow and could be the result of non-optimal XDC constraints or non-optimal design architecture
Related violations: <none>

TIMING-16#52 Warning
Large setup violation  
There is a large setup violation of -1.083 ns between ddr_renderer_top_inst/FSM_onehot_fbuf_wr_state_q_reg[0]/C (clocked by clk_out4_div_clk_wiz_1) and ddr_renderer_top_inst/ddr3_arbiter_inst/phy_instance/cmdfifo_inst/U0/inst_fifo_gen/gconvfifo.rf/grf.rf/gntv_or_sync_fifo.mem/gbm.gbmg.gbmga.ngecc.bmg/inst_blk_mem_gen/gnbram.gnativebmg.native_blk_mem_gen/valid.cstr/ramloop[2].ram.r/prim_noinit.ram/DEVICE_7SERIES.NO_BMM_INFO.SDP.WIDE_PRIM36_NO_ECC.ram/ENBWREN (clocked by clk_out4_div_clk_wiz_1). Large setup violations at the end of those stages might be difficult to fix during the post-placement implementation flow and could be the result of non-optimal XDC constraints or non-optimal design architecture
Related violations: <none>

TIMING-16#53 Warning
Large setup violation  
There is a large setup violation of -1.085 ns between ddr_renderer_top_inst/graphics_inst/projector_inst/divider/U0/i_synth/i_nonzero_fract.i_synth/opt_high_radix.i_nonzero_fract.i_high_radix/i_quotient_collector/i_typical_case.i_addsub/i_vx5_sp3.i_casc_dsp48.i_lower_p_balance/opt_has_pipe.first_q_reg[10]/C (clocked by clk_out4_div_clk_wiz_1) and ddr_renderer_top_inst/graphics_inst/projector_inst/op_y_q_reg[0][21]/D (clocked by clk_out4_div_clk_wiz_1). Large setup violations at the end of those stages might be difficult to fix during the post-placement implementation flow and could be the result of non-optimal XDC constraints or non-optimal design architecture
Related violations: <none>

TIMING-16#54 Warning
Large setup violation  
There is a large setup violation of -1.087 ns between ddr_renderer_top_inst/graphics_inst/zbuffer_inst/zbuf_q2_reg[addr][6]_srl2_srlopt/C (clocked by clk_out4_div_clk_wiz_1) and ddr_renderer_top_inst/graphics_inst/rasterizer_inst/barycentric_calc_inst/mr4_2_reg__0/CEB2 (clocked by clk_out4_div_clk_wiz_1). Large setup violations at the end of those stages might be difficult to fix during the post-placement implementation flow and could be the result of non-optimal XDC constraints or non-optimal design architecture
Related violations: <none>

TIMING-16#55 Warning
Large setup violation  
There is a large setup violation of -1.088 ns between ddr_renderer_top_inst/graphics_inst/projector_inst/divider_i_487_psdsp/C (clocked by clk_out4_div_clk_wiz_1) and ddr_renderer_top_inst/graphics_inst/projector_inst/divider/U0/i_synth/i_has_input_skid.i_2to1/gen_has_z_tready.reg1_a_tdata_reg[3]/D (clocked by clk_out4_div_clk_wiz_1). Large setup violations at the end of those stages might be difficult to fix during the post-placement implementation flow and could be the result of non-optimal XDC constraints or non-optimal design architecture
Related violations: <none>

TIMING-16#56 Warning
Large setup violation  
There is a large setup violation of -1.089 ns between ddr_renderer_top_inst/FSM_onehot_fbuf_wr_state_q_reg[0]/C (clocked by clk_out4_div_clk_wiz_1) and ddr_renderer_top_inst/ddr3_arbiter_inst/phy_instance/cmdfifo_inst/U0/inst_fifo_gen/gconvfifo.rf/grf.rf/gntv_or_sync_fifo.mem/gbm.gbmg.gbmga.ngecc.bmg/inst_blk_mem_gen/gnbram.gnativebmg.native_blk_mem_gen/valid.cstr/ramloop[0].ram.r/prim_noinit.ram/DEVICE_7SERIES.NO_BMM_INFO.SDP.WIDE_PRIM18.ram/DIADI[12] (clocked by clk_out4_div_clk_wiz_1). Large setup violations at the end of those stages might be difficult to fix during the post-placement implementation flow and could be the result of non-optimal XDC constraints or non-optimal design architecture
Related violations: <none>

TIMING-16#57 Warning
Large setup violation  
There is a large setup violation of -1.090 ns between ddr_renderer_top_inst/ddr3_arbiter_inst/phy_instance/rn_rd_op_delayed_reg[8]/C (clocked by clk_out4_div_clk_wiz_1) and ddr_renderer_top_inst/dmc_inst/bram1/U0/inst_blk_mem_gen/gnbram.gnativebmg.native_blk_mem_gen/valid.cstr/ramloop[1].ram.r/prim_noinit.ram/DEVICE_7SERIES.NO_BMM_INFO.SP.WIDE_PRIM36.ram/DIBDI[17] (clocked by clk_out4_div_clk_wiz_1). Large setup violations at the end of those stages might be difficult to fix during the post-placement implementation flow and could be the result of non-optimal XDC constraints or non-optimal design architecture
Related violations: <none>

TIMING-16#58 Warning
Large setup violation  
There is a large setup violation of -1.090 ns between ddr_renderer_top_inst/graphics_inst/projector_inst/op_y_q_reg[1][12]/C (clocked by clk_out4_div_clk_wiz_1) and ddr_renderer_top_inst/graphics_inst/projector_inst/mul0_q0/B[3] (clocked by clk_out4_div_clk_wiz_1). Large setup violations at the end of those stages might be difficult to fix during the post-placement implementation flow and could be the result of non-optimal XDC constraints or non-optimal design architecture
Related violations: <none>

TIMING-16#59 Warning
Large setup violation  
There is a large setup violation of -1.093 ns between ddr_renderer_top_inst/graphics_inst/projector_inst/dp_q_reg[0][x]__0/CLK (clocked by clk_out4_div_clk_wiz_1) and ddr_renderer_top_inst/graphics_inst/projector_inst/divider/U0/i_synth/i_has_input_skid.i_2to1/gen_has_z_tready.reg1_a_tdata_reg[11]/D (clocked by clk_out4_div_clk_wiz_1). Large setup violations at the end of those stages might be difficult to fix during the post-placement implementation flow and could be the result of non-optimal XDC constraints or non-optimal design architecture
Related violations: <none>

TIMING-16#60 Warning
Large setup violation  
There is a large setup violation of -1.094 ns between ddr_renderer_top_inst/graphics_inst/projector_inst/divider/U0/i_synth/i_nonzero_fract.i_synth/opt_high_radix.i_nonzero_fract.i_high_radix/i_quotient_collector/i_typical_case.i_addsub/i_vx5_sp3.i_casc_dsp48.i_lower_p_balance/opt_has_pipe.first_q_reg[10]/C (clocked by clk_out4_div_clk_wiz_1) and ddr_renderer_top_inst/graphics_inst/projector_inst/op_y_q_reg[2][7]/D (clocked by clk_out4_div_clk_wiz_1). Large setup violations at the end of those stages might be difficult to fix during the post-placement implementation flow and could be the result of non-optimal XDC constraints or non-optimal design architecture
Related violations: <none>

TIMING-16#61 Warning
Large setup violation  
There is a large setup violation of -1.096 ns between ddr_renderer_top_inst/ddr3_arbiter_inst/phy_instance/rn_rd_op_delayed_reg[8]/C (clocked by clk_out4_div_clk_wiz_1) and ddr_renderer_top_inst/dmc_inst/bram1/U0/inst_blk_mem_gen/gnbram.gnativebmg.native_blk_mem_gen/valid.cstr/ramloop[6].ram.r/prim_noinit.ram/DEVICE_7SERIES.NO_BMM_INFO.SP.WIDE_PRIM36.ram/DIADI[16] (clocked by clk_out4_div_clk_wiz_1). Large setup violations at the end of those stages might be difficult to fix during the post-placement implementation flow and could be the result of non-optimal XDC constraints or non-optimal design architecture
Related violations: <none>

TIMING-16#62 Warning
Large setup violation  
There is a large setup violation of -1.100 ns between ddr_renderer_top_inst/graphics_inst/projector_inst/divider_i_487_psdsp/C (clocked by clk_out4_div_clk_wiz_1) and ddr_renderer_top_inst/graphics_inst/projector_inst/divider/U0/i_synth/i_has_input_skid.i_2to1/gen_has_z_tready.reg2_a_tdata_reg[4]/D (clocked by clk_out4_div_clk_wiz_1). Large setup violations at the end of those stages might be difficult to fix during the post-placement implementation flow and could be the result of non-optimal XDC constraints or non-optimal design architecture
Related violations: <none>

TIMING-16#63 Warning
Large setup violation  
There is a large setup violation of -1.102 ns between ddr_renderer_top_inst/FSM_onehot_fbuf_wr_state_q_reg[0]/C (clocked by clk_out4_div_clk_wiz_1) and ddr_renderer_top_inst/ddr3_arbiter_inst/phy_instance/cmdfifo_inst/U0/inst_fifo_gen/gconvfifo.rf/grf.rf/gntv_or_sync_fifo.mem/gbm.gbmg.gbmga.ngecc.bmg/inst_blk_mem_gen/gnbram.gnativebmg.native_blk_mem_gen/valid.cstr/ramloop[0].ram.r/prim_noinit.ram/DEVICE_7SERIES.NO_BMM_INFO.SDP.WIDE_PRIM18.ram/DIBDI[4] (clocked by clk_out4_div_clk_wiz_1). Large setup violations at the end of those stages might be difficult to fix during the post-placement implementation flow and could be the result of non-optimal XDC constraints or non-optimal design architecture
Related violations: <none>

TIMING-16#64 Warning
Large setup violation  
There is a large setup violation of -1.102 ns between ddr_renderer_top_inst/graphics_inst/FSM_sequential_graphics_state_q_reg[1]/C (clocked by clk_out4_div_clk_wiz_1) and ddr_renderer_top_inst/ddr3_arbiter_inst/phy_instance/cmdfifo_inst/U0/inst_fifo_gen/gconvfifo.rf/grf.rf/gntv_or_sync_fifo.mem/gbm.gbmg.gbmga.ngecc.bmg/inst_blk_mem_gen/gnbram.gnativebmg.native_blk_mem_gen/valid.cstr/ramloop[0].ram.r/prim_noinit.ram/DEVICE_7SERIES.NO_BMM_INFO.SDP.WIDE_PRIM18.ram/DIADI[0] (clocked by clk_out4_div_clk_wiz_1). Large setup violations at the end of those stages might be difficult to fix during the post-placement implementation flow and could be the result of non-optimal XDC constraints or non-optimal design architecture
Related violations: <none>

TIMING-16#65 Warning
Large setup violation  
There is a large setup violation of -1.104 ns between ddr_renderer_top_inst/graphics_inst/projector_inst/op_x_q_reg[2][25]/C (clocked by clk_out4_div_clk_wiz_1) and ddr_renderer_top_inst/graphics_inst/rasterizer_inst/barycentric_calc_inst/mar2_20/B[16] (clocked by clk_out4_div_clk_wiz_1). Large setup violations at the end of those stages might be difficult to fix during the post-placement implementation flow and could be the result of non-optimal XDC constraints or non-optimal design architecture
Related violations: <none>

TIMING-16#66 Warning
Large setup violation  
There is a large setup violation of -1.104 ns between ddr_renderer_top_inst/graphics_inst/projector_inst/op_x_q_reg[2][25]/C (clocked by clk_out4_div_clk_wiz_1) and ddr_renderer_top_inst/graphics_inst/rasterizer_inst/barycentric_calc_inst/mar2_20/B[17] (clocked by clk_out4_div_clk_wiz_1). Large setup violations at the end of those stages might be difficult to fix during the post-placement implementation flow and could be the result of non-optimal XDC constraints or non-optimal design architecture
Related violations: <none>

TIMING-16#67 Warning
Large setup violation  
There is a large setup violation of -1.105 ns between ddr_renderer_top_inst/graphics_inst/projector_inst/op_y_q_reg[1][12]/C (clocked by clk_out4_div_clk_wiz_1) and ddr_renderer_top_inst/graphics_inst/projector_inst/mul0_q0/B[6] (clocked by clk_out4_div_clk_wiz_1). Large setup violations at the end of those stages might be difficult to fix during the post-placement implementation flow and could be the result of non-optimal XDC constraints or non-optimal design architecture
Related violations: <none>

TIMING-16#68 Warning
Large setup violation  
There is a large setup violation of -1.106 ns between ddr_renderer_top_inst/ddr3_arbiter_inst/phy_instance/rn_rd_op_delayed_reg[8]/C (clocked by clk_out4_div_clk_wiz_1) and ddr_renderer_top_inst/dmc_inst/bram1/U0/inst_blk_mem_gen/gnbram.gnativebmg.native_blk_mem_gen/valid.cstr/ramloop[7].ram.r/prim_noinit.ram/DEVICE_7SERIES.NO_BMM_INFO.SP.WIDE_PRIM36.ram/DIADI[22] (clocked by clk_out4_div_clk_wiz_1). Large setup violations at the end of those stages might be difficult to fix during the post-placement implementation flow and could be the result of non-optimal XDC constraints or non-optimal design architecture
Related violations: <none>

TIMING-16#69 Warning
Large setup violation  
There is a large setup violation of -1.109 ns between ddr_renderer_top_inst/ddr3_arbiter_inst/phy_instance/rn_rd_op_delayed_reg[8]/C (clocked by clk_out4_div_clk_wiz_1) and ddr_renderer_top_inst/dmc_inst/bram1/U0/inst_blk_mem_gen/gnbram.gnativebmg.native_blk_mem_gen/valid.cstr/ramloop[0].ram.r/prim_noinit.ram/DEVICE_7SERIES.NO_BMM_INFO.SP.WIDE_PRIM36.ram/DIADI[2] (clocked by clk_out4_div_clk_wiz_1). Large setup violations at the end of those stages might be difficult to fix during the post-placement implementation flow and could be the result of non-optimal XDC constraints or non-optimal design architecture
Related violations: <none>

TIMING-16#70 Warning
Large setup violation  
There is a large setup violation of -1.111 ns between ddr_renderer_top_inst/ddr3_arbiter_inst/phy_instance/rn_rd_op_delayed_reg[8]/C (clocked by clk_out4_div_clk_wiz_1) and ddr_renderer_top_inst/dmc_inst/bram1/U0/inst_blk_mem_gen/gnbram.gnativebmg.native_blk_mem_gen/valid.cstr/ramloop[6].ram.r/prim_noinit.ram/DEVICE_7SERIES.NO_BMM_INFO.SP.WIDE_PRIM36.ram/DIBDI[14] (clocked by clk_out4_div_clk_wiz_1). Large setup violations at the end of those stages might be difficult to fix during the post-placement implementation flow and could be the result of non-optimal XDC constraints or non-optimal design architecture
Related violations: <none>

TIMING-16#71 Warning
Large setup violation  
There is a large setup violation of -1.116 ns between ddr_renderer_top_inst/ddr3_arbiter_inst/phy_instance/rn_rd_op_delayed_reg[8]/C (clocked by clk_out4_div_clk_wiz_1) and ddr_renderer_top_inst/dmc_inst/bram1/U0/inst_blk_mem_gen/gnbram.gnativebmg.native_blk_mem_gen/valid.cstr/ramloop[7].ram.r/prim_noinit.ram/DEVICE_7SERIES.NO_BMM_INFO.SP.WIDE_PRIM36.ram/DIADI[1] (clocked by clk_out4_div_clk_wiz_1). Large setup violations at the end of those stages might be difficult to fix during the post-placement implementation flow and could be the result of non-optimal XDC constraints or non-optimal design architecture
Related violations: <none>

TIMING-16#72 Warning
Large setup violation  
There is a large setup violation of -1.117 ns between ddr_renderer_top_inst/graphics_inst/projector_inst/dp_q_reg[0][y][3]/C (clocked by clk_out4_div_clk_wiz_1) and ddr_renderer_top_inst/graphics_inst/projector_inst/divider/U0/i_synth/i_has_input_skid.i_2to1/gen_has_z_tready.reg1_a_tdata_reg[1]/D (clocked by clk_out4_div_clk_wiz_1). Large setup violations at the end of those stages might be difficult to fix during the post-placement implementation flow and could be the result of non-optimal XDC constraints or non-optimal design architecture
Related violations: <none>

TIMING-16#73 Warning
Large setup violation  
There is a large setup violation of -1.117 ns between ddr_renderer_top_inst/graphics_inst/projector_inst/op_y_q_reg[2][21]/C (clocked by clk_out4_div_clk_wiz_1) and ddr_renderer_top_inst/graphics_inst/rasterizer_inst/barycentric_calc_inst/mr4_2_reg__0/B[8] (clocked by clk_out4_div_clk_wiz_1). Large setup violations at the end of those stages might be difficult to fix during the post-placement implementation flow and could be the result of non-optimal XDC constraints or non-optimal design architecture
Related violations: <none>

TIMING-16#74 Warning
Large setup violation  
There is a large setup violation of -1.118 ns between ddr_renderer_top_inst/graphics_inst/projector_inst/divider/U0/i_synth/i_nonzero_fract.i_synth/opt_high_radix.i_nonzero_fract.i_high_radix/i_quotient_collector/i_typical_case.i_addsub/i_vx5_sp3.i_casc_dsp48.i_lower_p_balance/opt_has_pipe.first_q_reg[10]/C (clocked by clk_out4_div_clk_wiz_1) and ddr_renderer_top_inst/graphics_inst/projector_inst/op_y_q_reg[0][23]/D (clocked by clk_out4_div_clk_wiz_1). Large setup violations at the end of those stages might be difficult to fix during the post-placement implementation flow and could be the result of non-optimal XDC constraints or non-optimal design architecture
Related violations: <none>

TIMING-16#75 Warning
Large setup violation  
There is a large setup violation of -1.119 ns between ddr_renderer_top_inst/graphics_inst/FSM_sequential_graphics_state_q_reg[1]/C (clocked by clk_out4_div_clk_wiz_1) and ddr_renderer_top_inst/ddr3_arbiter_inst/phy_instance/cmdfifo_inst/U0/inst_fifo_gen/gconvfifo.rf/grf.rf/gntv_or_sync_fifo.mem/gbm.gbmg.gbmga.ngecc.bmg/inst_blk_mem_gen/gnbram.gnativebmg.native_blk_mem_gen/valid.cstr/ramloop[0].ram.r/prim_noinit.ram/DEVICE_7SERIES.NO_BMM_INFO.SDP.WIDE_PRIM18.ram/DIPBDIP[1] (clocked by clk_out4_div_clk_wiz_1). Large setup violations at the end of those stages might be difficult to fix during the post-placement implementation flow and could be the result of non-optimal XDC constraints or non-optimal design architecture
Related violations: <none>

TIMING-16#76 Warning
Large setup violation  
There is a large setup violation of -1.121 ns between ddr_renderer_top_inst/graphics_inst/zbuffer_inst/zbuf_q2_reg[addr][6]_srl2_srlopt/C (clocked by clk_out4_div_clk_wiz_1) and ddr_renderer_top_inst/graphics_inst/rasterizer_inst/barycentric_calc_inst/mr4_2_reg/CEA2 (clocked by clk_out4_div_clk_wiz_1). Large setup violations at the end of those stages might be difficult to fix during the post-placement implementation flow and could be the result of non-optimal XDC constraints or non-optimal design architecture
Related violations: <none>

TIMING-16#77 Warning
Large setup violation  
There is a large setup violation of -1.121 ns between ddr_renderer_top_inst/vga_controller_inst/vs_reg/C (clocked by clk_out1_clk_wiz_0) and ddr_renderer_top_inst/graphics_inst/FSM_sequential_graphics_state_q_reg[0]/D (clocked by clk_out4_div_clk_wiz_1). Large setup violations at the end of those stages might be difficult to fix during the post-placement implementation flow and could be the result of non-optimal XDC constraints or non-optimal design architecture
Related violations: <none>

TIMING-16#78 Warning
Large setup violation  
There is a large setup violation of -1.122 ns between ddr_renderer_top_inst/ddr3_arbiter_inst/phy_instance/rn_rd_op_delayed_reg[8]/C (clocked by clk_out4_div_clk_wiz_1) and ddr_renderer_top_inst/dmc_inst/bram1/U0/inst_blk_mem_gen/gnbram.gnativebmg.native_blk_mem_gen/valid.cstr/ramloop[0].ram.r/prim_noinit.ram/DEVICE_7SERIES.NO_BMM_INFO.SP.WIDE_PRIM36.ram/DIADI[8] (clocked by clk_out4_div_clk_wiz_1). Large setup violations at the end of those stages might be difficult to fix during the post-placement implementation flow and could be the result of non-optimal XDC constraints or non-optimal design architecture
Related violations: <none>

TIMING-16#79 Warning
Large setup violation  
There is a large setup violation of -1.122 ns between ddr_renderer_top_inst/ddr3_arbiter_inst/phy_instance/rn_rd_op_delayed_reg[8]/C (clocked by clk_out4_div_clk_wiz_1) and ddr_renderer_top_inst/dmc_inst/bram1/U0/inst_blk_mem_gen/gnbram.gnativebmg.native_blk_mem_gen/valid.cstr/ramloop[5].ram.r/prim_noinit.ram/DEVICE_7SERIES.NO_BMM_INFO.SP.WIDE_PRIM36.ram/DIBDI[11] (clocked by clk_out4_div_clk_wiz_1). Large setup violations at the end of those stages might be difficult to fix during the post-placement implementation flow and could be the result of non-optimal XDC constraints or non-optimal design architecture
Related violations: <none>

TIMING-16#80 Warning
Large setup violation  
There is a large setup violation of -1.124 ns between ddr_renderer_top_inst/ddr3_arbiter_inst/rdcal_instance/r_rd_cal_done_reg/C (clocked by clk_out4_div_clk_wiz_1) and ddr_renderer_top_inst/ddr3_arbiter_inst/phy_instance/cmdfifo_inst/U0/inst_fifo_gen/gconvfifo.rf/grf.rf/gntv_or_sync_fifo.mem/gbm.gbmg.gbmga.ngecc.bmg/inst_blk_mem_gen/gnbram.gnativebmg.native_blk_mem_gen/valid.cstr/ramloop[2].ram.r/prim_noinit.ram/DEVICE_7SERIES.NO_BMM_INFO.SDP.WIDE_PRIM36_NO_ECC.ram/DIBDI[25] (clocked by clk_out4_div_clk_wiz_1). Large setup violations at the end of those stages might be difficult to fix during the post-placement implementation flow and could be the result of non-optimal XDC constraints or non-optimal design architecture
Related violations: <none>

TIMING-16#81 Warning
Large setup violation  
There is a large setup violation of -1.125 ns between ddr_renderer_top_inst/graphics_inst/projector_inst/dp_q_reg[2][x]__0/CLK (clocked by clk_out4_div_clk_wiz_1) and ddr_renderer_top_inst/graphics_inst/projector_inst/divider/U0/i_synth/i_has_input_skid.i_2to1/gen_has_z_tready.reg1_a_tdata_reg[14]/D (clocked by clk_out4_div_clk_wiz_1). Large setup violations at the end of those stages might be difficult to fix during the post-placement implementation flow and could be the result of non-optimal XDC constraints or non-optimal design architecture
Related violations: <none>

TIMING-16#82 Warning
Large setup violation  
There is a large setup violation of -1.132 ns between ddr_renderer_top_inst/ddr3_arbiter_inst/phy_instance/rn_rd_op_delayed_reg[8]/C (clocked by clk_out4_div_clk_wiz_1) and ddr_renderer_top_inst/dmc_inst/bram1/U0/inst_blk_mem_gen/gnbram.gnativebmg.native_blk_mem_gen/valid.cstr/ramloop[7].ram.r/prim_noinit.ram/DEVICE_7SERIES.NO_BMM_INFO.SP.WIDE_PRIM36.ram/DIADI[25] (clocked by clk_out4_div_clk_wiz_1). Large setup violations at the end of those stages might be difficult to fix during the post-placement implementation flow and could be the result of non-optimal XDC constraints or non-optimal design architecture
Related violations: <none>

TIMING-16#83 Warning
Large setup violation  
There is a large setup violation of -1.137 ns between ddr_renderer_top_inst/graphics_inst/projector_inst/dp_q_reg[0][y][3]/C (clocked by clk_out4_div_clk_wiz_1) and ddr_renderer_top_inst/graphics_inst/projector_inst/divider/U0/i_synth/i_has_input_skid.i_2to1/gen_has_z_tready.reg1_a_tdata_reg[7]/D (clocked by clk_out4_div_clk_wiz_1). Large setup violations at the end of those stages might be difficult to fix during the post-placement implementation flow and could be the result of non-optimal XDC constraints or non-optimal design architecture
Related violations: <none>

TIMING-16#84 Warning
Large setup violation  
There is a large setup violation of -1.138 ns between ddr_renderer_top_inst/graphics_inst/zbuffer_inst/zbuf_q2_reg[addr][6]_srl2_srlopt/C (clocked by clk_out4_div_clk_wiz_1) and ddr_renderer_top_inst/graphics_inst/rasterizer_inst/addr_pipe_q_reg[5][15]_srl6___ddr_renderer_top_inst_graphics_inst_rasterizer_inst_v_pipe_q_reg_r_4/CE (clocked by clk_out4_div_clk_wiz_1). Large setup violations at the end of those stages might be difficult to fix during the post-placement implementation flow and could be the result of non-optimal XDC constraints or non-optimal design architecture
Related violations: <none>

TIMING-16#85 Warning
Large setup violation  
There is a large setup violation of -1.138 ns between ddr_renderer_top_inst/graphics_inst/zbuffer_inst/zbuf_q2_reg[addr][6]_srl2_srlopt/C (clocked by clk_out4_div_clk_wiz_1) and ddr_renderer_top_inst/graphics_inst/rasterizer_inst/addr_pipe_q_reg[5][16]_srl6___ddr_renderer_top_inst_graphics_inst_rasterizer_inst_v_pipe_q_reg_r_4/CE (clocked by clk_out4_div_clk_wiz_1). Large setup violations at the end of those stages might be difficult to fix during the post-placement implementation flow and could be the result of non-optimal XDC constraints or non-optimal design architecture
Related violations: <none>

TIMING-16#86 Warning
Large setup violation  
There is a large setup violation of -1.138 ns between ddr_renderer_top_inst/graphics_inst/zbuffer_inst/zbuf_q2_reg[addr][6]_srl2_srlopt/C (clocked by clk_out4_div_clk_wiz_1) and ddr_renderer_top_inst/graphics_inst/rasterizer_inst/addr_pipe_q_reg[5][17]_srl6___ddr_renderer_top_inst_graphics_inst_rasterizer_inst_v_pipe_q_reg_r_4/CE (clocked by clk_out4_div_clk_wiz_1). Large setup violations at the end of those stages might be difficult to fix during the post-placement implementation flow and could be the result of non-optimal XDC constraints or non-optimal design architecture
Related violations: <none>

TIMING-16#87 Warning
Large setup violation  
There is a large setup violation of -1.138 ns between ddr_renderer_top_inst/graphics_inst/zbuffer_inst/zbuf_q2_reg[addr][6]_srl2_srlopt/C (clocked by clk_out4_div_clk_wiz_1) and ddr_renderer_top_inst/graphics_inst/rasterizer_inst/addr_pipe_q_reg[5][18]_srl6___ddr_renderer_top_inst_graphics_inst_rasterizer_inst_v_pipe_q_reg_r_4/CE (clocked by clk_out4_div_clk_wiz_1). Large setup violations at the end of those stages might be difficult to fix during the post-placement implementation flow and could be the result of non-optimal XDC constraints or non-optimal design architecture
Related violations: <none>

TIMING-16#88 Warning
Large setup violation  
There is a large setup violation of -1.138 ns between ddr_renderer_top_inst/graphics_inst/zbuffer_inst/zbuf_q2_reg[addr][6]_srl2_srlopt/C (clocked by clk_out4_div_clk_wiz_1) and ddr_renderer_top_inst/graphics_inst/rasterizer_inst/barycentric_calc_inst/mar1_2_reg__0/CEA2 (clocked by clk_out4_div_clk_wiz_1). Large setup violations at the end of those stages might be difficult to fix during the post-placement implementation flow and could be the result of non-optimal XDC constraints or non-optimal design architecture
Related violations: <none>

TIMING-16#89 Warning
Large setup violation  
There is a large setup violation of -1.138 ns between ddr_renderer_top_inst/graphics_inst/zbuffer_inst/zbuf_q2_reg[addr][6]_srl2_srlopt/C (clocked by clk_out4_div_clk_wiz_1) and ddr_renderer_top_inst/graphics_inst/rasterizer_inst/barycentric_calc_inst/mr4_2_reg/CEB2 (clocked by clk_out4_div_clk_wiz_1). Large setup violations at the end of those stages might be difficult to fix during the post-placement implementation flow and could be the result of non-optimal XDC constraints or non-optimal design architecture
Related violations: <none>

TIMING-16#90 Warning
Large setup violation  
There is a large setup violation of -1.139 ns between ddr_renderer_top_inst/FSM_onehot_fbuf_wr_state_q_reg[0]/C (clocked by clk_out4_div_clk_wiz_1) and ddr_renderer_top_inst/ddr3_arbiter_inst/phy_instance/cmdfifo_inst/U0/inst_fifo_gen/gconvfifo.rf/grf.rf/gntv_or_sync_fifo.mem/gbm.gbmg.gbmga.ngecc.bmg/inst_blk_mem_gen/gnbram.gnativebmg.native_blk_mem_gen/valid.cstr/ramloop[2].ram.r/prim_noinit.ram/DEVICE_7SERIES.NO_BMM_INFO.SDP.WIDE_PRIM36_NO_ECC.ram/WEBWE[1] (clocked by clk_out4_div_clk_wiz_1). Large setup violations at the end of those stages might be difficult to fix during the post-placement implementation flow and could be the result of non-optimal XDC constraints or non-optimal design architecture
Related violations: <none>

TIMING-16#91 Warning
Large setup violation  
There is a large setup violation of -1.139 ns between ddr_renderer_top_inst/graphics_inst/FSM_sequential_graphics_state_q_reg[1]/C (clocked by clk_out4_div_clk_wiz_1) and ddr_renderer_top_inst/ddr3_arbiter_inst/phy_instance/cmdfifo_inst/U0/inst_fifo_gen/gconvfifo.rf/grf.rf/gntv_or_sync_fifo.mem/gbm.gbmg.gbmga.ngecc.bmg/inst_blk_mem_gen/gnbram.gnativebmg.native_blk_mem_gen/valid.cstr/ramloop[0].ram.r/prim_noinit.ram/DEVICE_7SERIES.NO_BMM_INFO.SDP.WIDE_PRIM18.ram/DIBDI[7] (clocked by clk_out4_div_clk_wiz_1). Large setup violations at the end of those stages might be difficult to fix during the post-placement implementation flow and could be the result of non-optimal XDC constraints or non-optimal design architecture
Related violations: <none>

TIMING-16#92 Warning
Large setup violation  
There is a large setup violation of -1.142 ns between ddr_renderer_top_inst/ddr3_arbiter_inst/phy_instance/rn_rd_op_delayed_reg[8]/C (clocked by clk_out4_div_clk_wiz_1) and ddr_renderer_top_inst/dmc_inst/bram1/U0/inst_blk_mem_gen/gnbram.gnativebmg.native_blk_mem_gen/valid.cstr/ramloop[7].ram.r/prim_noinit.ram/DEVICE_7SERIES.NO_BMM_INFO.SP.WIDE_PRIM36.ram/DIADI[8] (clocked by clk_out4_div_clk_wiz_1). Large setup violations at the end of those stages might be difficult to fix during the post-placement implementation flow and could be the result of non-optimal XDC constraints or non-optimal design architecture
Related violations: <none>

TIMING-16#93 Warning
Large setup violation  
There is a large setup violation of -1.142 ns between ddr_renderer_top_inst/graphics_inst/zbuffer_inst/zbuf_q2_reg[addr][6]_srl2_srlopt/C (clocked by clk_out4_div_clk_wiz_1) and ddr_renderer_top_inst/graphics_inst/rasterizer_inst/barycentric_calc_inst/mr4_2_reg__0/CEA2 (clocked by clk_out4_div_clk_wiz_1). Large setup violations at the end of those stages might be difficult to fix during the post-placement implementation flow and could be the result of non-optimal XDC constraints or non-optimal design architecture
Related violations: <none>

TIMING-16#94 Warning
Large setup violation  
There is a large setup violation of -1.146 ns between ddr_renderer_top_inst/graphics_inst/zbuffer_inst/zbuf_q2_reg[addr][6]_srl2_srlopt/C (clocked by clk_out4_div_clk_wiz_1) and ddr_renderer_top_inst/graphics_inst/rasterizer_inst/barycentric_calc_inst/mr4_2_reg/CEP (clocked by clk_out4_div_clk_wiz_1). Large setup violations at the end of those stages might be difficult to fix during the post-placement implementation flow and could be the result of non-optimal XDC constraints or non-optimal design architecture
Related violations: <none>

TIMING-16#95 Warning
Large setup violation  
There is a large setup violation of -1.151 ns between ddr_renderer_top_inst/graphics_inst/projector_inst/divider_i_487_psdsp/C (clocked by clk_out4_div_clk_wiz_1) and ddr_renderer_top_inst/graphics_inst/projector_inst/divider/U0/i_synth/i_has_input_skid.i_2to1/gen_has_z_tready.reg1_a_tdata_reg[6]/D (clocked by clk_out4_div_clk_wiz_1). Large setup violations at the end of those stages might be difficult to fix during the post-placement implementation flow and could be the result of non-optimal XDC constraints or non-optimal design architecture
Related violations: <none>

TIMING-16#96 Warning
Large setup violation  
There is a large setup violation of -1.157 ns between ddr_renderer_top_inst/graphics_inst/projector_inst/divider_i_487_psdsp/C (clocked by clk_out4_div_clk_wiz_1) and ddr_renderer_top_inst/graphics_inst/projector_inst/divider/U0/i_synth/i_has_input_skid.i_2to1/gen_has_z_tready.reg1_a_tdata_reg[15]/D (clocked by clk_out4_div_clk_wiz_1). Large setup violations at the end of those stages might be difficult to fix during the post-placement implementation flow and could be the result of non-optimal XDC constraints or non-optimal design architecture
Related violations: <none>

TIMING-16#97 Warning
Large setup violation  
There is a large setup violation of -1.158 ns between ddr_renderer_top_inst/graphics_inst/projector_inst/divider_i_487_psdsp/C (clocked by clk_out4_div_clk_wiz_1) and ddr_renderer_top_inst/graphics_inst/projector_inst/divider/U0/i_synth/i_has_input_skid.i_2to1/gen_has_z_tready.reg1_a_tdata_reg[10]/D (clocked by clk_out4_div_clk_wiz_1). Large setup violations at the end of those stages might be difficult to fix during the post-placement implementation flow and could be the result of non-optimal XDC constraints or non-optimal design architecture
Related violations: <none>

TIMING-16#98 Warning
Large setup violation  
There is a large setup violation of -1.161 ns between ddr_renderer_top_inst/graphics_inst/projector_inst/op_y_q_reg[1][17]/C (clocked by clk_out4_div_clk_wiz_1) and ddr_renderer_top_inst/graphics_inst/rasterizer_inst/barycentric_calc_inst/mar1_20/B[10] (clocked by clk_out4_div_clk_wiz_1). Large setup violations at the end of those stages might be difficult to fix during the post-placement implementation flow and could be the result of non-optimal XDC constraints or non-optimal design architecture
Related violations: <none>

TIMING-16#99 Warning
Large setup violation  
There is a large setup violation of -1.165 ns between ddr_renderer_top_inst/graphics_inst/zbuffer_inst/zbuf_q2_reg[addr][6]_srl2_srlopt/C (clocked by clk_out4_div_clk_wiz_1) and ddr_renderer_top_inst/graphics_inst/rasterizer_inst/barycentric_calc_inst/mar2_2_reg/CEP (clocked by clk_out4_div_clk_wiz_1). Large setup violations at the end of those stages might be difficult to fix during the post-placement implementation flow and could be the result of non-optimal XDC constraints or non-optimal design architecture
Related violations: <none>

TIMING-16#100 Warning
Large setup violation  
There is a large setup violation of -1.166 ns between ddr_renderer_top_inst/graphics_inst/projector_inst/divider/U0/i_synth/i_nonzero_fract.i_synth/opt_high_radix.i_nonzero_fract.i_high_radix/i_quotient_collector/i_typical_case.i_addsub/i_vx5_sp3.i_casc_dsp48.i_lower_p_balance/opt_has_pipe.first_q_reg[10]/C (clocked by clk_out4_div_clk_wiz_1) and ddr_renderer_top_inst/graphics_inst/projector_inst/op_y_q_reg[1][7]/D (clocked by clk_out4_div_clk_wiz_1). Large setup violations at the end of those stages might be difficult to fix during the post-placement implementation flow and could be the result of non-optimal XDC constraints or non-optimal design architecture
Related violations: <none>

TIMING-16#101 Warning
Large setup violation  
There is a large setup violation of -1.168 ns between ddr_renderer_top_inst/graphics_inst/zbuffer_inst/zbuf_q2_reg[addr][6]_srl2_srlopt/C (clocked by clk_out4_div_clk_wiz_1) and ddr_renderer_top_inst/graphics_inst/rasterizer_inst/barycentric_calc_inst/mar1_2_reg__0/CEP (clocked by clk_out4_div_clk_wiz_1). Large setup violations at the end of those stages might be difficult to fix during the post-placement implementation flow and could be the result of non-optimal XDC constraints or non-optimal design architecture
Related violations: <none>

TIMING-16#102 Warning
Large setup violation  
There is a large setup violation of -1.169 ns between ddr_renderer_top_inst/graphics_inst/zbuffer_inst/zbuf_q2_reg[addr][6]_srl2_srlopt/C (clocked by clk_out4_div_clk_wiz_1) and ddr_renderer_top_inst/graphics_inst/rasterizer_inst/barycentric_calc_inst/mr2_2_reg__0/CEA2 (clocked by clk_out4_div_clk_wiz_1). Large setup violations at the end of those stages might be difficult to fix during the post-placement implementation flow and could be the result of non-optimal XDC constraints or non-optimal design architecture
Related violations: <none>

TIMING-16#103 Warning
Large setup violation  
There is a large setup violation of -1.171 ns between ddr_renderer_top_inst/graphics_inst/projector_inst/divider/U0/i_synth/i_nonzero_fract.i_synth/opt_high_radix.i_nonzero_fract.i_high_radix/i_quotient_collector/i_typical_case.i_addsub/i_vx5_sp3.i_casc_dsp48.i_lower_p_balance/opt_has_pipe.first_q_reg[10]/C (clocked by clk_out4_div_clk_wiz_1) and ddr_renderer_top_inst/graphics_inst/projector_inst/op_y_q_reg[1][8]/D (clocked by clk_out4_div_clk_wiz_1). Large setup violations at the end of those stages might be difficult to fix during the post-placement implementation flow and could be the result of non-optimal XDC constraints or non-optimal design architecture
Related violations: <none>

TIMING-16#104 Warning
Large setup violation  
There is a large setup violation of -1.171 ns between ddr_renderer_top_inst/graphics_inst/projector_inst/divider_i_487_psdsp/C (clocked by clk_out4_div_clk_wiz_1) and ddr_renderer_top_inst/graphics_inst/projector_inst/divider/U0/i_synth/i_has_input_skid.i_2to1/gen_has_z_tready.reg2_a_tdata_reg[10]/D (clocked by clk_out4_div_clk_wiz_1). Large setup violations at the end of those stages might be difficult to fix during the post-placement implementation flow and could be the result of non-optimal XDC constraints or non-optimal design architecture
Related violations: <none>

TIMING-16#105 Warning
Large setup violation  
There is a large setup violation of -1.177 ns between ddr_renderer_top_inst/ddr3_arbiter_inst/phy_instance/rn_rd_op_delayed_reg[8]/C (clocked by clk_out4_div_clk_wiz_1) and ddr_renderer_top_inst/dmc_inst/bram1/U0/inst_blk_mem_gen/gnbram.gnativebmg.native_blk_mem_gen/valid.cstr/ramloop[5].ram.r/prim_noinit.ram/DEVICE_7SERIES.NO_BMM_INFO.SP.WIDE_PRIM36.ram/WEA[0] (clocked by clk_out4_div_clk_wiz_1). Large setup violations at the end of those stages might be difficult to fix during the post-placement implementation flow and could be the result of non-optimal XDC constraints or non-optimal design architecture
Related violations: <none>

TIMING-16#106 Warning
Large setup violation  
There is a large setup violation of -1.177 ns between ddr_renderer_top_inst/graphics_inst/projector_inst/divider_i_487_psdsp/C (clocked by clk_out4_div_clk_wiz_1) and ddr_renderer_top_inst/graphics_inst/projector_inst/divider/U0/i_synth/i_has_input_skid.i_2to1/gen_has_z_tready.reg1_a_tdata_reg[8]/D (clocked by clk_out4_div_clk_wiz_1). Large setup violations at the end of those stages might be difficult to fix during the post-placement implementation flow and could be the result of non-optimal XDC constraints or non-optimal design architecture
Related violations: <none>

TIMING-16#107 Warning
Large setup violation  
There is a large setup violation of -1.178 ns between ddr_renderer_top_inst/graphics_inst/projector_inst/op_x_q_reg[2][25]/C (clocked by clk_out4_div_clk_wiz_1) and ddr_renderer_top_inst/graphics_inst/rasterizer_inst/barycentric_calc_inst/mr2_20/B[11] (clocked by clk_out4_div_clk_wiz_1). Large setup violations at the end of those stages might be difficult to fix during the post-placement implementation flow and could be the result of non-optimal XDC constraints or non-optimal design architecture
Related violations: <none>

TIMING-16#108 Warning
Large setup violation  
There is a large setup violation of -1.179 ns between ddr_renderer_top_inst/ddr3_arbiter_inst/phy_instance/r_mem_rst_reg/C (clocked by clk_out4_div_clk_wiz_1) and ddr_renderer_top_inst/ddr3_arbiter_inst/phy_instance/genblk11[11].iserdes_dq_inst/RST (clocked by clk_out4_div_clk_wiz_1). Large setup violations at the end of those stages might be difficult to fix during the post-placement implementation flow and could be the result of non-optimal XDC constraints or non-optimal design architecture
Related violations: <none>

TIMING-16#109 Warning
Large setup violation  
There is a large setup violation of -1.179 ns between ddr_renderer_top_inst/graphics_inst/projector_inst/dp_q_reg[2][x]__0/CLK (clocked by clk_out4_div_clk_wiz_1) and ddr_renderer_top_inst/graphics_inst/projector_inst/divider/U0/i_synth/i_has_input_skid.i_2to1/gen_has_z_tready.reg1_a_tdata_reg[30]/D (clocked by clk_out4_div_clk_wiz_1). Large setup violations at the end of those stages might be difficult to fix during the post-placement implementation flow and could be the result of non-optimal XDC constraints or non-optimal design architecture
Related violations: <none>

TIMING-16#110 Warning
Large setup violation  
There is a large setup violation of -1.183 ns between ddr_renderer_top_inst/FSM_onehot_fbuf_wr_state_q_reg[0]/C (clocked by clk_out4_div_clk_wiz_1) and ddr_renderer_top_inst/ddr3_arbiter_inst/phy_instance/cmdfifo_inst/U0/inst_fifo_gen/gconvfifo.rf/grf.rf/gntv_or_sync_fifo.mem/gbm.gbmg.gbmga.ngecc.bmg/inst_blk_mem_gen/gnbram.gnativebmg.native_blk_mem_gen/valid.cstr/ramloop[2].ram.r/prim_noinit.ram/DEVICE_7SERIES.NO_BMM_INFO.SDP.WIDE_PRIM36_NO_ECC.ram/WEBWE[2] (clocked by clk_out4_div_clk_wiz_1). Large setup violations at the end of those stages might be difficult to fix during the post-placement implementation flow and could be the result of non-optimal XDC constraints or non-optimal design architecture
Related violations: <none>

TIMING-16#111 Warning
Large setup violation  
There is a large setup violation of -1.183 ns between ddr_renderer_top_inst/FSM_onehot_fbuf_wr_state_q_reg[0]/C (clocked by clk_out4_div_clk_wiz_1) and ddr_renderer_top_inst/ddr3_arbiter_inst/phy_instance/cmdfifo_inst/U0/inst_fifo_gen/gconvfifo.rf/grf.rf/gntv_or_sync_fifo.mem/gbm.gbmg.gbmga.ngecc.bmg/inst_blk_mem_gen/gnbram.gnativebmg.native_blk_mem_gen/valid.cstr/ramloop[2].ram.r/prim_noinit.ram/DEVICE_7SERIES.NO_BMM_INFO.SDP.WIDE_PRIM36_NO_ECC.ram/WEBWE[5] (clocked by clk_out4_div_clk_wiz_1). Large setup violations at the end of those stages might be difficult to fix during the post-placement implementation flow and could be the result of non-optimal XDC constraints or non-optimal design architecture
Related violations: <none>

TIMING-16#112 Warning
Large setup violation  
There is a large setup violation of -1.183 ns between ddr_renderer_top_inst/FSM_onehot_fbuf_wr_state_q_reg[0]/C (clocked by clk_out4_div_clk_wiz_1) and ddr_renderer_top_inst/ddr3_arbiter_inst/phy_instance/cmdfifo_inst/U0/inst_fifo_gen/gconvfifo.rf/grf.rf/gntv_or_sync_fifo.mem/gbm.gbmg.gbmga.ngecc.bmg/inst_blk_mem_gen/gnbram.gnativebmg.native_blk_mem_gen/valid.cstr/ramloop[2].ram.r/prim_noinit.ram/DEVICE_7SERIES.NO_BMM_INFO.SDP.WIDE_PRIM36_NO_ECC.ram/WEBWE[6] (clocked by clk_out4_div_clk_wiz_1). Large setup violations at the end of those stages might be difficult to fix during the post-placement implementation flow and could be the result of non-optimal XDC constraints or non-optimal design architecture
Related violations: <none>

TIMING-16#113 Warning
Large setup violation  
There is a large setup violation of -1.184 ns between ddr_renderer_top_inst/graphics_inst/projector_inst/divider/U0/i_synth/i_nonzero_fract.i_synth/opt_high_radix.i_nonzero_fract.i_high_radix/i_quotient_collector/i_typical_case.i_addsub/i_vx5_sp3.i_casc_dsp48.i_lower_p_balance/opt_has_pipe.first_q_reg[10]/C (clocked by clk_out4_div_clk_wiz_1) and ddr_renderer_top_inst/graphics_inst/projector_inst/op_y_q_reg[0][24]/D (clocked by clk_out4_div_clk_wiz_1). Large setup violations at the end of those stages might be difficult to fix during the post-placement implementation flow and could be the result of non-optimal XDC constraints or non-optimal design architecture
Related violations: <none>

TIMING-16#114 Warning
Large setup violation  
There is a large setup violation of -1.185 ns between ddr_renderer_top_inst/graphics_inst/projector_inst/op_x_q_reg[2][25]/C (clocked by clk_out4_div_clk_wiz_1) and ddr_renderer_top_inst/graphics_inst/rasterizer_inst/barycentric_calc_inst/mr2_2_reg/A[20] (clocked by clk_out4_div_clk_wiz_1). Large setup violations at the end of those stages might be difficult to fix during the post-placement implementation flow and could be the result of non-optimal XDC constraints or non-optimal design architecture
Related violations: <none>

TIMING-16#115 Warning
Large setup violation  
There is a large setup violation of -1.185 ns between ddr_renderer_top_inst/graphics_inst/projector_inst/op_x_q_reg[2][25]/C (clocked by clk_out4_div_clk_wiz_1) and ddr_renderer_top_inst/graphics_inst/rasterizer_inst/barycentric_calc_inst/mr2_2_reg/A[21] (clocked by clk_out4_div_clk_wiz_1). Large setup violations at the end of those stages might be difficult to fix during the post-placement implementation flow and could be the result of non-optimal XDC constraints or non-optimal design architecture
Related violations: <none>

TIMING-16#116 Warning
Large setup violation  
There is a large setup violation of -1.190 ns between ddr_renderer_top_inst/graphics_inst/projector_inst/divider/U0/i_synth/i_nonzero_fract.i_synth/opt_high_radix.i_nonzero_fract.i_high_radix/i_quotient_collector/i_typical_case.i_addsub/i_vx5_sp3.i_casc_dsp48.i_lower_p_balance/opt_has_pipe.first_q_reg[10]/C (clocked by clk_out4_div_clk_wiz_1) and ddr_renderer_top_inst/graphics_inst/projector_inst/op_y_q_reg[0][22]/D (clocked by clk_out4_div_clk_wiz_1). Large setup violations at the end of those stages might be difficult to fix during the post-placement implementation flow and could be the result of non-optimal XDC constraints or non-optimal design architecture
Related violations: <none>

TIMING-16#117 Warning
Large setup violation  
There is a large setup violation of -1.195 ns between ddr_renderer_top_inst/graphics_inst/projector_inst/op_x_q_reg[2][25]/C (clocked by clk_out4_div_clk_wiz_1) and ddr_renderer_top_inst/graphics_inst/rasterizer_inst/barycentric_calc_inst/mr2_20/B[10] (clocked by clk_out4_div_clk_wiz_1). Large setup violations at the end of those stages might be difficult to fix during the post-placement implementation flow and could be the result of non-optimal XDC constraints or non-optimal design architecture
Related violations: <none>

TIMING-16#118 Warning
Large setup violation  
There is a large setup violation of -1.198 ns between ddr_renderer_top_inst/graphics_inst/projector_inst/op_y_q_reg[0][20]/C (clocked by clk_out4_div_clk_wiz_1) and ddr_renderer_top_inst/graphics_inst/rasterizer_inst/barycentric_calc_inst/mar2_2_reg__0/B[8] (clocked by clk_out4_div_clk_wiz_1). Large setup violations at the end of those stages might be difficult to fix during the post-placement implementation flow and could be the result of non-optimal XDC constraints or non-optimal design architecture
Related violations: <none>

TIMING-16#119 Warning
Large setup violation  
There is a large setup violation of -1.201 ns between ddr_renderer_top_inst/graphics_inst/projector_inst/divider/U0/i_synth/i_nonzero_fract.i_synth/opt_high_radix.i_nonzero_fract.i_high_radix/i_quotient_collector/i_typical_case.i_addsub/i_vx5_sp3.i_casc_dsp48.i_lower_p_balance/opt_has_pipe.first_q_reg[9]/C (clocked by clk_out4_div_clk_wiz_1) and ddr_renderer_top_inst/graphics_inst/projector_inst/op_y_q_reg[2][11]/D (clocked by clk_out4_div_clk_wiz_1). Large setup violations at the end of those stages might be difficult to fix during the post-placement implementation flow and could be the result of non-optimal XDC constraints or non-optimal design architecture
Related violations: <none>

TIMING-16#120 Warning
Large setup violation  
There is a large setup violation of -1.205 ns between ddr_renderer_top_inst/graphics_inst/projector_inst/dp_q_reg[0][y][3]/C (clocked by clk_out4_div_clk_wiz_1) and ddr_renderer_top_inst/graphics_inst/projector_inst/divider/U0/i_synth/i_has_input_skid.i_2to1/gen_has_z_tready.reg1_a_tdata_reg[16]/D (clocked by clk_out4_div_clk_wiz_1). Large setup violations at the end of those stages might be difficult to fix during the post-placement implementation flow and could be the result of non-optimal XDC constraints or non-optimal design architecture
Related violations: <none>

TIMING-16#121 Warning
Large setup violation  
There is a large setup violation of -1.205 ns between ddr_renderer_top_inst/graphics_inst/zbuffer_inst/zbuf_q2_reg[addr][6]_srl2_srlopt/C (clocked by clk_out4_div_clk_wiz_1) and ddr_renderer_top_inst/graphics_inst/rasterizer_inst/barycentric_calc_inst/mr2_2_reg__0/CEP (clocked by clk_out4_div_clk_wiz_1). Large setup violations at the end of those stages might be difficult to fix during the post-placement implementation flow and could be the result of non-optimal XDC constraints or non-optimal design architecture
Related violations: <none>

TIMING-16#122 Warning
Large setup violation  
There is a large setup violation of -1.209 ns between ddr_renderer_top_inst/graphics_inst/projector_inst/op_y_q_reg[1][12]/C (clocked by clk_out4_div_clk_wiz_1) and ddr_renderer_top_inst/graphics_inst/projector_inst/mul0_q0/B[16] (clocked by clk_out4_div_clk_wiz_1). Large setup violations at the end of those stages might be difficult to fix during the post-placement implementation flow and could be the result of non-optimal XDC constraints or non-optimal design architecture
Related violations: <none>

TIMING-16#123 Warning
Large setup violation  
There is a large setup violation of -1.214 ns between ddr_renderer_top_inst/ddr3_arbiter_inst/rdcal_instance/r_rd_cal_done_reg/C (clocked by clk_out4_div_clk_wiz_1) and ddr_renderer_top_inst/ddr3_arbiter_inst/phy_instance/cmdfifo_inst/U0/inst_fifo_gen/gconvfifo.rf/grf.rf/gntv_or_sync_fifo.mem/gbm.gbmg.gbmga.ngecc.bmg/inst_blk_mem_gen/gnbram.gnativebmg.native_blk_mem_gen/valid.cstr/ramloop[2].ram.r/prim_noinit.ram/DEVICE_7SERIES.NO_BMM_INFO.SDP.WIDE_PRIM36_NO_ECC.ram/DIBDI[11] (clocked by clk_out4_div_clk_wiz_1). Large setup violations at the end of those stages might be difficult to fix during the post-placement implementation flow and could be the result of non-optimal XDC constraints or non-optimal design architecture
Related violations: <none>

TIMING-16#124 Warning
Large setup violation  
There is a large setup violation of -1.216 ns between ddr_renderer_top_inst/graphics_inst/projector_inst/dp_q_reg[0][y][3]/C (clocked by clk_out4_div_clk_wiz_1) and ddr_renderer_top_inst/graphics_inst/projector_inst/divider/U0/i_synth/i_has_input_skid.i_2to1/gen_has_z_tready.reg1_a_tdata_reg[13]/D (clocked by clk_out4_div_clk_wiz_1). Large setup violations at the end of those stages might be difficult to fix during the post-placement implementation flow and could be the result of non-optimal XDC constraints or non-optimal design architecture
Related violations: <none>

TIMING-16#125 Warning
Large setup violation  
There is a large setup violation of -1.219 ns between ddr_renderer_top_inst/graphics_inst/projector_inst/op_x_q_reg[2][25]/C (clocked by clk_out4_div_clk_wiz_1) and ddr_renderer_top_inst/graphics_inst/rasterizer_inst/barycentric_calc_inst/mr2_2_reg/A[24] (clocked by clk_out4_div_clk_wiz_1). Large setup violations at the end of those stages might be difficult to fix during the post-placement implementation flow and could be the result of non-optimal XDC constraints or non-optimal design architecture
Related violations: <none>

TIMING-16#126 Warning
Large setup violation  
There is a large setup violation of -1.219 ns between ddr_renderer_top_inst/graphics_inst/projector_inst/op_x_q_reg[2][25]/C (clocked by clk_out4_div_clk_wiz_1) and ddr_renderer_top_inst/graphics_inst/rasterizer_inst/barycentric_calc_inst/mr2_2_reg/A[25] (clocked by clk_out4_div_clk_wiz_1). Large setup violations at the end of those stages might be difficult to fix during the post-placement implementation flow and could be the result of non-optimal XDC constraints or non-optimal design architecture
Related violations: <none>

TIMING-16#127 Warning
Large setup violation  
There is a large setup violation of -1.221 ns between ddr_renderer_top_inst/ddr3_arbiter_inst/phy_instance/rn_rd_op_delayed_reg[8]/C (clocked by clk_out4_div_clk_wiz_1) and ddr_renderer_top_inst/dmc_inst/bram1/U0/inst_blk_mem_gen/gnbram.gnativebmg.native_blk_mem_gen/valid.cstr/ramloop[7].ram.r/prim_noinit.ram/DEVICE_7SERIES.NO_BMM_INFO.SP.WIDE_PRIM36.ram/DIADI[24] (clocked by clk_out4_div_clk_wiz_1). Large setup violations at the end of those stages might be difficult to fix during the post-placement implementation flow and could be the result of non-optimal XDC constraints or non-optimal design architecture
Related violations: <none>

TIMING-16#128 Warning
Large setup violation  
There is a large setup violation of -1.222 ns between ddr_renderer_top_inst/graphics_inst/projector_inst/op_x_q_reg[2][25]/C (clocked by clk_out4_div_clk_wiz_1) and ddr_renderer_top_inst/graphics_inst/rasterizer_inst/barycentric_calc_inst/mr2_20/B[13] (clocked by clk_out4_div_clk_wiz_1). Large setup violations at the end of those stages might be difficult to fix during the post-placement implementation flow and could be the result of non-optimal XDC constraints or non-optimal design architecture
Related violations: <none>

TIMING-16#129 Warning
Large setup violation  
There is a large setup violation of -1.226 ns between ddr_renderer_top_inst/graphics_inst/projector_inst/dp_q_reg[2][x]__0/CLK (clocked by clk_out4_div_clk_wiz_1) and ddr_renderer_top_inst/graphics_inst/projector_inst/divider/U0/i_synth/i_has_input_skid.i_2to1/gen_has_z_tready.reg2_a_tdata_reg[14]/D (clocked by clk_out4_div_clk_wiz_1). Large setup violations at the end of those stages might be difficult to fix during the post-placement implementation flow and could be the result of non-optimal XDC constraints or non-optimal design architecture
Related violations: <none>

TIMING-16#130 Warning
Large setup violation  
There is a large setup violation of -1.227 ns between ddr_renderer_top_inst/ddr3_arbiter_inst/rdcal_instance/r_rd_cal_done_reg/C (clocked by clk_out4_div_clk_wiz_1) and ddr_renderer_top_inst/ddr3_arbiter_inst/phy_instance/cmdfifo_inst/U0/inst_fifo_gen/gconvfifo.rf/grf.rf/gntv_or_sync_fifo.mem/gbm.gbmg.gbmga.ngecc.bmg/inst_blk_mem_gen/gnbram.gnativebmg.native_blk_mem_gen/valid.cstr/ramloop[2].ram.r/prim_noinit.ram/DEVICE_7SERIES.NO_BMM_INFO.SDP.WIDE_PRIM36_NO_ECC.ram/DIBDI[8] (clocked by clk_out4_div_clk_wiz_1). Large setup violations at the end of those stages might be difficult to fix during the post-placement implementation flow and could be the result of non-optimal XDC constraints or non-optimal design architecture
Related violations: <none>

TIMING-16#131 Warning
Large setup violation  
There is a large setup violation of -1.233 ns between ddr_renderer_top_inst/ddr3_arbiter_inst/phy_instance/rn_rd_op_delayed_reg[8]/C (clocked by clk_out4_div_clk_wiz_1) and ddr_renderer_top_inst/dmc_inst/bram1/U0/inst_blk_mem_gen/gnbram.gnativebmg.native_blk_mem_gen/valid.cstr/ramloop[7].ram.r/prim_noinit.ram/DEVICE_7SERIES.NO_BMM_INFO.SP.WIDE_PRIM36.ram/DIADI[4] (clocked by clk_out4_div_clk_wiz_1). Large setup violations at the end of those stages might be difficult to fix during the post-placement implementation flow and could be the result of non-optimal XDC constraints or non-optimal design architecture
Related violations: <none>

TIMING-16#132 Warning
Large setup violation  
There is a large setup violation of -1.233 ns between ddr_renderer_top_inst/ddr3_arbiter_inst/rdcal_instance/r_rd_cal_done_reg/C (clocked by clk_out4_div_clk_wiz_1) and ddr_renderer_top_inst/ddr3_arbiter_inst/phy_instance/cmdfifo_inst/U0/inst_fifo_gen/gconvfifo.rf/grf.rf/gntv_or_sync_fifo.mem/gbm.gbmg.gbmga.ngecc.bmg/inst_blk_mem_gen/gnbram.gnativebmg.native_blk_mem_gen/valid.cstr/ramloop[2].ram.r/prim_noinit.ram/DEVICE_7SERIES.NO_BMM_INFO.SDP.WIDE_PRIM36_NO_ECC.ram/DIBDI[10] (clocked by clk_out4_div_clk_wiz_1). Large setup violations at the end of those stages might be difficult to fix during the post-placement implementation flow and could be the result of non-optimal XDC constraints or non-optimal design architecture
Related violations: <none>

TIMING-16#133 Warning
Large setup violation  
There is a large setup violation of -1.234 ns between ddr_renderer_top_inst/ddr3_arbiter_inst/rdcal_instance/r_rd_cal_done_reg/C (clocked by clk_out4_div_clk_wiz_1) and ddr_renderer_top_inst/ddr3_arbiter_inst/phy_instance/cmdfifo_inst/U0/inst_fifo_gen/gconvfifo.rf/grf.rf/gntv_or_sync_fifo.mem/gbm.gbmg.gbmga.ngecc.bmg/inst_blk_mem_gen/gnbram.gnativebmg.native_blk_mem_gen/valid.cstr/ramloop[2].ram.r/prim_noinit.ram/DEVICE_7SERIES.NO_BMM_INFO.SDP.WIDE_PRIM36_NO_ECC.ram/DIBDI[19] (clocked by clk_out4_div_clk_wiz_1). Large setup violations at the end of those stages might be difficult to fix during the post-placement implementation flow and could be the result of non-optimal XDC constraints or non-optimal design architecture
Related violations: <none>

TIMING-16#134 Warning
Large setup violation  
There is a large setup violation of -1.235 ns between ddr_renderer_top_inst/FSM_onehot_fbuf_wr_state_q_reg[0]/C (clocked by clk_out4_div_clk_wiz_1) and ddr_renderer_top_inst/ddr3_arbiter_inst/phy_instance/cmdfifo_inst/U0/inst_fifo_gen/gconvfifo.rf/grf.rf/gntv_or_sync_fifo.mem/gbm.gbmg.gbmga.ngecc.bmg/inst_blk_mem_gen/gnbram.gnativebmg.native_blk_mem_gen/valid.cstr/ramloop[2].ram.r/prim_noinit.ram/DEVICE_7SERIES.NO_BMM_INFO.SDP.WIDE_PRIM36_NO_ECC.ram/WEBWE[0] (clocked by clk_out4_div_clk_wiz_1). Large setup violations at the end of those stages might be difficult to fix during the post-placement implementation flow and could be the result of non-optimal XDC constraints or non-optimal design architecture
Related violations: <none>

TIMING-16#135 Warning
Large setup violation  
There is a large setup violation of -1.240 ns between ddr_renderer_top_inst/graphics_inst/projector_inst/op_x_q_reg[2][25]/C (clocked by clk_out4_div_clk_wiz_1) and ddr_renderer_top_inst/graphics_inst/rasterizer_inst/barycentric_calc_inst/mar2_20/B[14] (clocked by clk_out4_div_clk_wiz_1). Large setup violations at the end of those stages might be difficult to fix during the post-placement implementation flow and could be the result of non-optimal XDC constraints or non-optimal design architecture
Related violations: <none>

TIMING-16#136 Warning
Large setup violation  
There is a large setup violation of -1.240 ns between ddr_renderer_top_inst/graphics_inst/projector_inst/op_x_q_reg[2][25]/C (clocked by clk_out4_div_clk_wiz_1) and ddr_renderer_top_inst/graphics_inst/rasterizer_inst/barycentric_calc_inst/mar2_20/B[15] (clocked by clk_out4_div_clk_wiz_1). Large setup violations at the end of those stages might be difficult to fix during the post-placement implementation flow and could be the result of non-optimal XDC constraints or non-optimal design architecture
Related violations: <none>

TIMING-16#137 Warning
Large setup violation  
There is a large setup violation of -1.241 ns between ddr_renderer_top_inst/ddr3_arbiter_inst/phy_instance/rn_rd_op_delayed_reg[8]/C (clocked by clk_out4_div_clk_wiz_1) and ddr_renderer_top_inst/dmc_inst/bram1/U0/inst_blk_mem_gen/gnbram.gnativebmg.native_blk_mem_gen/valid.cstr/ramloop[5].ram.r/prim_noinit.ram/DEVICE_7SERIES.NO_BMM_INFO.SP.WIDE_PRIM36.ram/DIADI[16] (clocked by clk_out4_div_clk_wiz_1). Large setup violations at the end of those stages might be difficult to fix during the post-placement implementation flow and could be the result of non-optimal XDC constraints or non-optimal design architecture
Related violations: <none>

TIMING-16#138 Warning
Large setup violation  
There is a large setup violation of -1.243 ns between ddr_renderer_top_inst/graphics_inst/projector_inst/dp_q_reg[1][y]__0/CLK (clocked by clk_out4_div_clk_wiz_1) and ddr_renderer_top_inst/graphics_inst/projector_inst/divider/U0/i_synth/i_has_input_skid.i_2to1/gen_has_z_tready.reg1_a_tdata_reg[20]/D (clocked by clk_out4_div_clk_wiz_1). Large setup violations at the end of those stages might be difficult to fix during the post-placement implementation flow and could be the result of non-optimal XDC constraints or non-optimal design architecture
Related violations: <none>

TIMING-16#139 Warning
Large setup violation  
There is a large setup violation of -1.249 ns between ddr_renderer_top_inst/ddr3_arbiter_inst/phy_instance/rn_rd_op_delayed_reg[8]/C (clocked by clk_out4_div_clk_wiz_1) and ddr_renderer_top_inst/dmc_inst/bram1/U0/inst_blk_mem_gen/gnbram.gnativebmg.native_blk_mem_gen/valid.cstr/ramloop[5].ram.r/prim_noinit.ram/DEVICE_7SERIES.NO_BMM_INFO.SP.WIDE_PRIM36.ram/DIADI[14] (clocked by clk_out4_div_clk_wiz_1). Large setup violations at the end of those stages might be difficult to fix during the post-placement implementation flow and could be the result of non-optimal XDC constraints or non-optimal design architecture
Related violations: <none>

TIMING-16#140 Warning
Large setup violation  
There is a large setup violation of -1.252 ns between ddr_renderer_top_inst/graphics_inst/rasterizer_inst/end_x_q_reg[1]/C (clocked by clk_out4_div_clk_wiz_1) and ddr_renderer_top_inst/graphics_inst/rasterizer_inst/curr_addr_q_reg[25]/D (clocked by clk_out4_div_clk_wiz_1). Large setup violations at the end of those stages might be difficult to fix during the post-placement implementation flow and could be the result of non-optimal XDC constraints or non-optimal design architecture
Related violations: <none>

TIMING-16#141 Warning
Large setup violation  
There is a large setup violation of -1.259 ns between ddr_renderer_top_inst/ddr3_arbiter_inst/rdcal_instance/r_rd_cal_done_reg/C (clocked by clk_out4_div_clk_wiz_1) and ddr_renderer_top_inst/ddr3_arbiter_inst/phy_instance/cmdfifo_inst/U0/inst_fifo_gen/gconvfifo.rf/grf.rf/gntv_or_sync_fifo.mem/gbm.gbmg.gbmga.ngecc.bmg/inst_blk_mem_gen/gnbram.gnativebmg.native_blk_mem_gen/valid.cstr/ramloop[2].ram.r/prim_noinit.ram/DEVICE_7SERIES.NO_BMM_INFO.SDP.WIDE_PRIM36_NO_ECC.ram/DIBDI[13] (clocked by clk_out4_div_clk_wiz_1). Large setup violations at the end of those stages might be difficult to fix during the post-placement implementation flow and could be the result of non-optimal XDC constraints or non-optimal design architecture
Related violations: <none>

TIMING-16#142 Warning
Large setup violation  
There is a large setup violation of -1.260 ns between ddr_renderer_top_inst/ddr3_arbiter_inst/phy_instance/rn_rd_op_delayed_reg[8]/C (clocked by clk_out4_div_clk_wiz_1) and ddr_renderer_top_inst/dmc_inst/bram1/U0/inst_blk_mem_gen/gnbram.gnativebmg.native_blk_mem_gen/valid.cstr/ramloop[5].ram.r/prim_noinit.ram/DEVICE_7SERIES.NO_BMM_INFO.SP.WIDE_PRIM36.ram/DIBDI[30] (clocked by clk_out4_div_clk_wiz_1). Large setup violations at the end of those stages might be difficult to fix during the post-placement implementation flow and could be the result of non-optimal XDC constraints or non-optimal design architecture
Related violations: <none>

TIMING-16#143 Warning
Large setup violation  
There is a large setup violation of -1.262 ns between ddr_renderer_top_inst/graphics_inst/projector_inst/divider/U0/i_synth/i_nonzero_fract.i_synth/opt_high_radix.i_nonzero_fract.i_high_radix/i_quotient_collector/i_typical_case.i_addsub/i_vx5_sp3.i_casc_dsp48.i_lower_p_balance/opt_has_pipe.first_q_reg[10]/C (clocked by clk_out4_div_clk_wiz_1) and ddr_renderer_top_inst/graphics_inst/projector_inst/op_y_q_reg[2][10]/D (clocked by clk_out4_div_clk_wiz_1). Large setup violations at the end of those stages might be difficult to fix during the post-placement implementation flow and could be the result of non-optimal XDC constraints or non-optimal design architecture
Related violations: <none>

TIMING-16#144 Warning
Large setup violation  
There is a large setup violation of -1.262 ns between ddr_renderer_top_inst/graphics_inst/zbuffer_inst/zbuf_q2_reg[addr][6]_srl2_srlopt/C (clocked by clk_out4_div_clk_wiz_1) and ddr_renderer_top_inst/graphics_inst/rasterizer_inst/barycentric_calc_inst/mar2_2_reg/CEA2 (clocked by clk_out4_div_clk_wiz_1). Large setup violations at the end of those stages might be difficult to fix during the post-placement implementation flow and could be the result of non-optimal XDC constraints or non-optimal design architecture
Related violations: <none>

TIMING-16#145 Warning
Large setup violation  
There is a large setup violation of -1.265 ns between ddr_renderer_top_inst/graphics_inst/projector_inst/divider/U0/i_synth/i_nonzero_fract.i_synth/opt_high_radix.i_nonzero_fract.i_high_radix/i_quotient_collector/i_typical_case.i_addsub/i_vx5_sp3.i_casc_dsp48.i_lower_p_balance/opt_has_pipe.first_q_reg[10]/C (clocked by clk_out4_div_clk_wiz_1) and ddr_renderer_top_inst/graphics_inst/projector_inst/op_y_q_reg[1][9]/D (clocked by clk_out4_div_clk_wiz_1). Large setup violations at the end of those stages might be difficult to fix during the post-placement implementation flow and could be the result of non-optimal XDC constraints or non-optimal design architecture
Related violations: <none>

TIMING-16#146 Warning
Large setup violation  
There is a large setup violation of -1.266 ns between ddr_renderer_top_inst/ddr3_arbiter_inst/phy_instance/rn_rd_op_delayed_reg[8]/C (clocked by clk_out4_div_clk_wiz_1) and ddr_renderer_top_inst/dmc_inst/bram1/U0/inst_blk_mem_gen/gnbram.gnativebmg.native_blk_mem_gen/valid.cstr/ramloop[5].ram.r/prim_noinit.ram/DEVICE_7SERIES.NO_BMM_INFO.SP.WIDE_PRIM36.ram/DIBDI[25] (clocked by clk_out4_div_clk_wiz_1). Large setup violations at the end of those stages might be difficult to fix during the post-placement implementation flow and could be the result of non-optimal XDC constraints or non-optimal design architecture
Related violations: <none>

TIMING-16#147 Warning
Large setup violation  
There is a large setup violation of -1.266 ns between ddr_renderer_top_inst/graphics_inst/projector_inst/divider/U0/i_synth/i_nonzero_fract.i_synth/opt_high_radix.i_nonzero_fract.i_high_radix/i_quotient_collector/i_typical_case.i_addsub/i_vx5_sp3.i_casc_dsp48.i_lower_p_balance/opt_has_pipe.first_q_reg[10]/C (clocked by clk_out4_div_clk_wiz_1) and ddr_renderer_top_inst/graphics_inst/projector_inst/op_y_q_reg[2][9]/D (clocked by clk_out4_div_clk_wiz_1). Large setup violations at the end of those stages might be difficult to fix during the post-placement implementation flow and could be the result of non-optimal XDC constraints or non-optimal design architecture
Related violations: <none>

TIMING-16#148 Warning
Large setup violation  
There is a large setup violation of -1.266 ns between ddr_renderer_top_inst/graphics_inst/projector_inst/op_y_q_reg[1][12]/C (clocked by clk_out4_div_clk_wiz_1) and ddr_renderer_top_inst/graphics_inst/projector_inst/mul0_q0/B[11] (clocked by clk_out4_div_clk_wiz_1). Large setup violations at the end of those stages might be difficult to fix during the post-placement implementation flow and could be the result of non-optimal XDC constraints or non-optimal design architecture
Related violations: <none>

TIMING-16#149 Warning
Large setup violation  
There is a large setup violation of -1.269 ns between ddr_renderer_top_inst/graphics_inst/projector_inst/divider_i_487_psdsp/C (clocked by clk_out4_div_clk_wiz_1) and ddr_renderer_top_inst/graphics_inst/projector_inst/divider/U0/i_synth/i_has_input_skid.i_2to1/gen_has_z_tready.reg1_a_tdata_reg[12]/D (clocked by clk_out4_div_clk_wiz_1). Large setup violations at the end of those stages might be difficult to fix during the post-placement implementation flow and could be the result of non-optimal XDC constraints or non-optimal design architecture
Related violations: <none>

TIMING-16#150 Warning
Large setup violation  
There is a large setup violation of -1.270 ns between ddr_renderer_top_inst/graphics_inst/projector_inst/state_q_reg[0]/C (clocked by clk_out4_div_clk_wiz_1) and ddr_renderer_top_inst/graphics_inst/model_engine_inst/vertex_ctr_q_reg[0]/CE (clocked by clk_out4_div_clk_wiz_1). Large setup violations at the end of those stages might be difficult to fix during the post-placement implementation flow and could be the result of non-optimal XDC constraints or non-optimal design architecture
Related violations: <none>

TIMING-16#151 Warning
Large setup violation  
There is a large setup violation of -1.270 ns between ddr_renderer_top_inst/graphics_inst/projector_inst/state_q_reg[0]/C (clocked by clk_out4_div_clk_wiz_1) and ddr_renderer_top_inst/graphics_inst/model_engine_inst/vertex_ctr_q_reg[1]/CE (clocked by clk_out4_div_clk_wiz_1). Large setup violations at the end of those stages might be difficult to fix during the post-placement implementation flow and could be the result of non-optimal XDC constraints or non-optimal design architecture
Related violations: <none>

TIMING-16#152 Warning
Large setup violation  
There is a large setup violation of -1.270 ns between ddr_renderer_top_inst/graphics_inst/projector_inst/state_q_reg[0]/C (clocked by clk_out4_div_clk_wiz_1) and ddr_renderer_top_inst/graphics_inst/model_engine_inst/vertex_ctr_q_reg[2]/CE (clocked by clk_out4_div_clk_wiz_1). Large setup violations at the end of those stages might be difficult to fix during the post-placement implementation flow and could be the result of non-optimal XDC constraints or non-optimal design architecture
Related violations: <none>

TIMING-16#153 Warning
Large setup violation  
There is a large setup violation of -1.270 ns between ddr_renderer_top_inst/graphics_inst/projector_inst/state_q_reg[0]/C (clocked by clk_out4_div_clk_wiz_1) and ddr_renderer_top_inst/graphics_inst/model_engine_inst/vertex_ctr_q_reg[3]/CE (clocked by clk_out4_div_clk_wiz_1). Large setup violations at the end of those stages might be difficult to fix during the post-placement implementation flow and could be the result of non-optimal XDC constraints or non-optimal design architecture
Related violations: <none>

TIMING-16#154 Warning
Large setup violation  
There is a large setup violation of -1.271 ns between ddr_renderer_top_inst/graphics_inst/projector_inst/divider/U0/i_synth/i_nonzero_fract.i_synth/opt_high_radix.i_nonzero_fract.i_high_radix/i_quotient_collector/i_typical_case.i_addsub/i_vx5_sp3.i_casc_dsp48.i_lower_p_balance/opt_has_pipe.first_q_reg[10]/C (clocked by clk_out4_div_clk_wiz_1) and ddr_renderer_top_inst/graphics_inst/projector_inst/op_y_q_reg[2][8]/D (clocked by clk_out4_div_clk_wiz_1). Large setup violations at the end of those stages might be difficult to fix during the post-placement implementation flow and could be the result of non-optimal XDC constraints or non-optimal design architecture
Related violations: <none>

TIMING-16#155 Warning
Large setup violation  
There is a large setup violation of -1.271 ns between ddr_renderer_top_inst/graphics_inst/projector_inst/op_y_q_reg[1][12]/C (clocked by clk_out4_div_clk_wiz_1) and ddr_renderer_top_inst/graphics_inst/projector_inst/mul0_q0/B[14] (clocked by clk_out4_div_clk_wiz_1). Large setup violations at the end of those stages might be difficult to fix during the post-placement implementation flow and could be the result of non-optimal XDC constraints or non-optimal design architecture
Related violations: <none>

TIMING-16#156 Warning
Large setup violation  
There is a large setup violation of -1.271 ns between ddr_renderer_top_inst/graphics_inst/projector_inst/op_y_q_reg[1][12]/C (clocked by clk_out4_div_clk_wiz_1) and ddr_renderer_top_inst/graphics_inst/projector_inst/mul0_q0/B[15] (clocked by clk_out4_div_clk_wiz_1). Large setup violations at the end of those stages might be difficult to fix during the post-placement implementation flow and could be the result of non-optimal XDC constraints or non-optimal design architecture
Related violations: <none>

TIMING-16#157 Warning
Large setup violation  
There is a large setup violation of -1.277 ns between ddr_renderer_top_inst/graphics_inst/projector_inst/op_x_q_reg[2][25]/C (clocked by clk_out4_div_clk_wiz_1) and ddr_renderer_top_inst/graphics_inst/rasterizer_inst/barycentric_calc_inst/mr2_20/B[15] (clocked by clk_out4_div_clk_wiz_1). Large setup violations at the end of those stages might be difficult to fix during the post-placement implementation flow and could be the result of non-optimal XDC constraints or non-optimal design architecture
Related violations: <none>

TIMING-16#158 Warning
Large setup violation  
There is a large setup violation of -1.279 ns between ddr_renderer_top_inst/FSM_onehot_fbuf_wr_state_q_reg[0]/C (clocked by clk_out4_div_clk_wiz_1) and ddr_renderer_top_inst/ddr3_arbiter_inst/phy_instance/cmdfifo_inst/U0/inst_fifo_gen/gconvfifo.rf/grf.rf/gntv_or_sync_fifo.mem/gbm.gbmg.gbmga.ngecc.bmg/inst_blk_mem_gen/gnbram.gnativebmg.native_blk_mem_gen/valid.cstr/ramloop[2].ram.r/prim_noinit.ram/DEVICE_7SERIES.NO_BMM_INFO.SDP.WIDE_PRIM36_NO_ECC.ram/WEBWE[3] (clocked by clk_out4_div_clk_wiz_1). Large setup violations at the end of those stages might be difficult to fix during the post-placement implementation flow and could be the result of non-optimal XDC constraints or non-optimal design architecture
Related violations: <none>

TIMING-16#159 Warning
Large setup violation  
There is a large setup violation of -1.279 ns between ddr_renderer_top_inst/FSM_onehot_fbuf_wr_state_q_reg[0]/C (clocked by clk_out4_div_clk_wiz_1) and ddr_renderer_top_inst/ddr3_arbiter_inst/phy_instance/cmdfifo_inst/U0/inst_fifo_gen/gconvfifo.rf/grf.rf/gntv_or_sync_fifo.mem/gbm.gbmg.gbmga.ngecc.bmg/inst_blk_mem_gen/gnbram.gnativebmg.native_blk_mem_gen/valid.cstr/ramloop[2].ram.r/prim_noinit.ram/DEVICE_7SERIES.NO_BMM_INFO.SDP.WIDE_PRIM36_NO_ECC.ram/WEBWE[4] (clocked by clk_out4_div_clk_wiz_1). Large setup violations at the end of those stages might be difficult to fix during the post-placement implementation flow and could be the result of non-optimal XDC constraints or non-optimal design architecture
Related violations: <none>

TIMING-16#160 Warning
Large setup violation  
There is a large setup violation of -1.279 ns between ddr_renderer_top_inst/FSM_onehot_fbuf_wr_state_q_reg[0]/C (clocked by clk_out4_div_clk_wiz_1) and ddr_renderer_top_inst/ddr3_arbiter_inst/phy_instance/cmdfifo_inst/U0/inst_fifo_gen/gconvfifo.rf/grf.rf/gntv_or_sync_fifo.mem/gbm.gbmg.gbmga.ngecc.bmg/inst_blk_mem_gen/gnbram.gnativebmg.native_blk_mem_gen/valid.cstr/ramloop[2].ram.r/prim_noinit.ram/DEVICE_7SERIES.NO_BMM_INFO.SDP.WIDE_PRIM36_NO_ECC.ram/WEBWE[7] (clocked by clk_out4_div_clk_wiz_1). Large setup violations at the end of those stages might be difficult to fix during the post-placement implementation flow and could be the result of non-optimal XDC constraints or non-optimal design architecture
Related violations: <none>

TIMING-16#161 Warning
Large setup violation  
There is a large setup violation of -1.279 ns between ddr_renderer_top_inst/graphics_inst/projector_inst/divider_i_487_psdsp/C (clocked by clk_out4_div_clk_wiz_1) and ddr_renderer_top_inst/graphics_inst/projector_inst/divider/U0/i_synth/i_has_input_skid.i_2to1/gen_has_z_tready.reg2_a_tdata_reg[6]/D (clocked by clk_out4_div_clk_wiz_1). Large setup violations at the end of those stages might be difficult to fix during the post-placement implementation flow and could be the result of non-optimal XDC constraints or non-optimal design architecture
Related violations: <none>

TIMING-16#162 Warning
Large setup violation  
There is a large setup violation of -1.279 ns between ddr_renderer_top_inst/graphics_inst/zbuffer_inst/zbuf_q2_reg[addr][6]_srl2_srlopt/C (clocked by clk_out4_div_clk_wiz_1) and ddr_renderer_top_inst/graphics_inst/rasterizer_inst/barycentric_calc_inst/mar2_2_reg/CEB2 (clocked by clk_out4_div_clk_wiz_1). Large setup violations at the end of those stages might be difficult to fix during the post-placement implementation flow and could be the result of non-optimal XDC constraints or non-optimal design architecture
Related violations: <none>

TIMING-16#163 Warning
Large setup violation  
There is a large setup violation of -1.280 ns between ddr_renderer_top_inst/graphics_inst/projector_inst/op_x_q_reg[2][25]/C (clocked by clk_out4_div_clk_wiz_1) and ddr_renderer_top_inst/graphics_inst/rasterizer_inst/barycentric_calc_inst/mar2_20/B[13] (clocked by clk_out4_div_clk_wiz_1). Large setup violations at the end of those stages might be difficult to fix during the post-placement implementation flow and could be the result of non-optimal XDC constraints or non-optimal design architecture
Related violations: <none>

TIMING-16#164 Warning
Large setup violation  
There is a large setup violation of -1.284 ns between ddr_renderer_top_inst/ddr3_arbiter_inst/phy_instance/rn_rd_op_delayed_reg[8]/C (clocked by clk_out4_div_clk_wiz_1) and ddr_renderer_top_inst/dmc_inst/bram1/U0/inst_blk_mem_gen/gnbram.gnativebmg.native_blk_mem_gen/valid.cstr/ramloop[5].ram.r/prim_noinit.ram/DEVICE_7SERIES.NO_BMM_INFO.SP.WIDE_PRIM36.ram/DIADI[1] (clocked by clk_out4_div_clk_wiz_1). Large setup violations at the end of those stages might be difficult to fix during the post-placement implementation flow and could be the result of non-optimal XDC constraints or non-optimal design architecture
Related violations: <none>

TIMING-16#165 Warning
Large setup violation  
There is a large setup violation of -1.286 ns between ddr_renderer_top_inst/graphics_inst/projector_inst/op_x_q_reg[2][25]/C (clocked by clk_out4_div_clk_wiz_1) and ddr_renderer_top_inst/graphics_inst/rasterizer_inst/barycentric_calc_inst/mr2_20/B[12] (clocked by clk_out4_div_clk_wiz_1). Large setup violations at the end of those stages might be difficult to fix during the post-placement implementation flow and could be the result of non-optimal XDC constraints or non-optimal design architecture
Related violations: <none>

TIMING-16#166 Warning
Large setup violation  
There is a large setup violation of -1.290 ns between ddr_renderer_top_inst/ddr3_arbiter_inst/rdcal_instance/r_rd_cal_done_reg/C (clocked by clk_out4_div_clk_wiz_1) and ddr_renderer_top_inst/ddr3_arbiter_inst/phy_instance/cmdfifo_inst/U0/inst_fifo_gen/gconvfifo.rf/grf.rf/gntv_or_sync_fifo.mem/gbm.gbmg.gbmga.ngecc.bmg/inst_blk_mem_gen/gnbram.gnativebmg.native_blk_mem_gen/valid.cstr/ramloop[2].ram.r/prim_noinit.ram/DEVICE_7SERIES.NO_BMM_INFO.SDP.WIDE_PRIM36_NO_ECC.ram/DIBDI[22] (clocked by clk_out4_div_clk_wiz_1). Large setup violations at the end of those stages might be difficult to fix during the post-placement implementation flow and could be the result of non-optimal XDC constraints or non-optimal design architecture
Related violations: <none>

TIMING-16#167 Warning
Large setup violation  
There is a large setup violation of -1.295 ns between ddr_renderer_top_inst/graphics_inst/projector_inst/divider/U0/i_synth/i_nonzero_fract.i_synth/opt_high_radix.i_nonzero_fract.i_high_radix/i_quotient_collector/i_typical_case.i_addsub/i_vx5_sp3.i_casc_dsp48.i_lower_p_balance/opt_has_pipe.first_q_reg[10]/C (clocked by clk_out4_div_clk_wiz_1) and ddr_renderer_top_inst/graphics_inst/projector_inst/op_y_q_reg[1][10]/D (clocked by clk_out4_div_clk_wiz_1). Large setup violations at the end of those stages might be difficult to fix during the post-placement implementation flow and could be the result of non-optimal XDC constraints or non-optimal design architecture
Related violations: <none>

TIMING-16#168 Warning
Large setup violation  
There is a large setup violation of -1.302 ns between ddr_renderer_top_inst/graphics_inst/projector_inst/dp_q_reg[1][y]__0/CLK (clocked by clk_out4_div_clk_wiz_1) and ddr_renderer_top_inst/graphics_inst/projector_inst/divider/U0/i_synth/i_has_input_skid.i_2to1/gen_has_z_tready.reg2_a_tdata_reg[19]/D (clocked by clk_out4_div_clk_wiz_1). Large setup violations at the end of those stages might be difficult to fix during the post-placement implementation flow and could be the result of non-optimal XDC constraints or non-optimal design architecture
Related violations: <none>

TIMING-16#169 Warning
Large setup violation  
There is a large setup violation of -1.304 ns between ddr_renderer_top_inst/graphics_inst/projector_inst/divider/U0/i_synth/i_nonzero_fract.i_synth/opt_high_radix.i_nonzero_fract.i_high_radix/i_quotient_collector/i_typical_case.i_addsub/i_vx5_sp3.i_casc_dsp48.i_lower_p_balance/opt_has_pipe.first_q_reg[10]/C (clocked by clk_out4_div_clk_wiz_1) and ddr_renderer_top_inst/graphics_inst/projector_inst/op_y_q_reg[0][25]/D (clocked by clk_out4_div_clk_wiz_1). Large setup violations at the end of those stages might be difficult to fix during the post-placement implementation flow and could be the result of non-optimal XDC constraints or non-optimal design architecture
Related violations: <none>

TIMING-16#170 Warning
Large setup violation  
There is a large setup violation of -1.304 ns between ddr_renderer_top_inst/graphics_inst/projector_inst/dp_q_reg[1][y]__0/CLK (clocked by clk_out4_div_clk_wiz_1) and ddr_renderer_top_inst/graphics_inst/projector_inst/divider/U0/i_synth/i_has_input_skid.i_2to1/gen_has_z_tready.reg1_a_tdata_reg[19]/D (clocked by clk_out4_div_clk_wiz_1). Large setup violations at the end of those stages might be difficult to fix during the post-placement implementation flow and could be the result of non-optimal XDC constraints or non-optimal design architecture
Related violations: <none>

TIMING-16#171 Warning
Large setup violation  
There is a large setup violation of -1.307 ns between ddr_renderer_top_inst/graphics_inst/projector_inst/divider_i_487_psdsp/C (clocked by clk_out4_div_clk_wiz_1) and ddr_renderer_top_inst/graphics_inst/projector_inst/divider/U0/i_synth/i_has_input_skid.i_2to1/gen_has_z_tready.reg2_a_tdata_reg[8]/D (clocked by clk_out4_div_clk_wiz_1). Large setup violations at the end of those stages might be difficult to fix during the post-placement implementation flow and could be the result of non-optimal XDC constraints or non-optimal design architecture
Related violations: <none>

TIMING-16#172 Warning
Large setup violation  
There is a large setup violation of -1.308 ns between ddr_renderer_top_inst/graphics_inst/projector_inst/op_x_q_reg[2][25]/C (clocked by clk_out4_div_clk_wiz_1) and ddr_renderer_top_inst/graphics_inst/rasterizer_inst/barycentric_calc_inst/mr2_20/B[16] (clocked by clk_out4_div_clk_wiz_1). Large setup violations at the end of those stages might be difficult to fix during the post-placement implementation flow and could be the result of non-optimal XDC constraints or non-optimal design architecture
Related violations: <none>

TIMING-16#173 Warning
Large setup violation  
There is a large setup violation of -1.308 ns between ddr_renderer_top_inst/graphics_inst/projector_inst/op_x_q_reg[2][25]/C (clocked by clk_out4_div_clk_wiz_1) and ddr_renderer_top_inst/graphics_inst/rasterizer_inst/barycentric_calc_inst/mr2_20/B[17] (clocked by clk_out4_div_clk_wiz_1). Large setup violations at the end of those stages might be difficult to fix during the post-placement implementation flow and could be the result of non-optimal XDC constraints or non-optimal design architecture
Related violations: <none>

TIMING-16#174 Warning
Large setup violation  
There is a large setup violation of -1.318 ns between ddr_renderer_top_inst/graphics_inst/projector_inst/dp_q_reg[0][y][3]/C (clocked by clk_out4_div_clk_wiz_1) and ddr_renderer_top_inst/graphics_inst/projector_inst/divider/U0/i_synth/i_has_input_skid.i_2to1/gen_has_z_tready.reg2_a_tdata_reg[16]/D (clocked by clk_out4_div_clk_wiz_1). Large setup violations at the end of those stages might be difficult to fix during the post-placement implementation flow and could be the result of non-optimal XDC constraints or non-optimal design architecture
Related violations: <none>

TIMING-16#175 Warning
Large setup violation  
There is a large setup violation of -1.328 ns between ddr_renderer_top_inst/graphics_inst/projector_inst/divider/U0/i_synth/i_nonzero_fract.i_synth/opt_high_radix.i_nonzero_fract.i_high_radix/i_quotient_collector/i_typical_case.i_addsub/i_vx5_sp3.i_casc_dsp48.i_lower_p_balance/opt_has_pipe.first_q_reg[10]/C (clocked by clk_out4_div_clk_wiz_1) and ddr_renderer_top_inst/graphics_inst/projector_inst/op_y_q_reg[0][27]/D (clocked by clk_out4_div_clk_wiz_1). Large setup violations at the end of those stages might be difficult to fix during the post-placement implementation flow and could be the result of non-optimal XDC constraints or non-optimal design architecture
Related violations: <none>

TIMING-16#176 Warning
Large setup violation  
There is a large setup violation of -1.341 ns between ddr_renderer_top_inst/ddr3_arbiter_inst/phy_instance/r_mem_rst_reg/C (clocked by clk_out4_div_clk_wiz_1) and ddr_renderer_top_inst/ddr3_arbiter_inst/phy_instance/genblk8[1].oserdes_dqs_inst/RST (clocked by clk_out4_div_clk_wiz_1). Large setup violations at the end of those stages might be difficult to fix during the post-placement implementation flow and could be the result of non-optimal XDC constraints or non-optimal design architecture
Related violations: <none>

TIMING-16#177 Warning
Large setup violation  
There is a large setup violation of -1.341 ns between ddr_renderer_top_inst/graphics_inst/zbuffer_inst/zbuf_q2_reg[addr][6]_srl2_srlopt/C (clocked by clk_out4_div_clk_wiz_1) and ddr_renderer_top_inst/graphics_inst/rasterizer_inst/barycentric_calc_inst/mr4_2_reg__0/CEP (clocked by clk_out4_div_clk_wiz_1). Large setup violations at the end of those stages might be difficult to fix during the post-placement implementation flow and could be the result of non-optimal XDC constraints or non-optimal design architecture
Related violations: <none>

TIMING-16#178 Warning
Large setup violation  
There is a large setup violation of -1.343 ns between ddr_renderer_top_inst/graphics_inst/projector_inst/divider_i_487_psdsp/C (clocked by clk_out4_div_clk_wiz_1) and ddr_renderer_top_inst/graphics_inst/projector_inst/divider/U0/i_synth/i_has_input_skid.i_2to1/gen_has_z_tready.reg2_a_tdata_reg[0]/D (clocked by clk_out4_div_clk_wiz_1). Large setup violations at the end of those stages might be difficult to fix during the post-placement implementation flow and could be the result of non-optimal XDC constraints or non-optimal design architecture
Related violations: <none>

TIMING-16#179 Warning
Large setup violation  
There is a large setup violation of -1.349 ns between ddr_renderer_top_inst/ddr3_arbiter_inst/phy_instance/rn_rd_op_delayed_reg[8]/C (clocked by clk_out4_div_clk_wiz_1) and ddr_renderer_top_inst/dmc_inst/bram1/U0/inst_blk_mem_gen/gnbram.gnativebmg.native_blk_mem_gen/valid.cstr/ramloop[7].ram.r/prim_noinit.ram/DEVICE_7SERIES.NO_BMM_INFO.SP.WIDE_PRIM36.ram/DIBDI[25] (clocked by clk_out4_div_clk_wiz_1). Large setup violations at the end of those stages might be difficult to fix during the post-placement implementation flow and could be the result of non-optimal XDC constraints or non-optimal design architecture
Related violations: <none>

TIMING-16#180 Warning
Large setup violation  
There is a large setup violation of -1.360 ns between ddr_renderer_top_inst/ddr3_arbiter_inst/phy_instance/rn_rd_op_delayed_reg[8]/C (clocked by clk_out4_div_clk_wiz_1) and ddr_renderer_top_inst/dmc_inst/bram1/U0/inst_blk_mem_gen/gnbram.gnativebmg.native_blk_mem_gen/valid.cstr/ramloop[5].ram.r/prim_noinit.ram/DEVICE_7SERIES.NO_BMM_INFO.SP.WIDE_PRIM36.ram/DIADI[4] (clocked by clk_out4_div_clk_wiz_1). Large setup violations at the end of those stages might be difficult to fix during the post-placement implementation flow and could be the result of non-optimal XDC constraints or non-optimal design architecture
Related violations: <none>

TIMING-16#181 Warning
Large setup violation  
There is a large setup violation of -1.360 ns between ddr_renderer_top_inst/graphics_inst/projector_inst/op_x_q_reg[2][25]/C (clocked by clk_out4_div_clk_wiz_1) and ddr_renderer_top_inst/graphics_inst/rasterizer_inst/barycentric_calc_inst/mar2_20/B[12] (clocked by clk_out4_div_clk_wiz_1). Large setup violations at the end of those stages might be difficult to fix during the post-placement implementation flow and could be the result of non-optimal XDC constraints or non-optimal design architecture
Related violations: <none>

TIMING-16#182 Warning
Large setup violation  
There is a large setup violation of -1.364 ns between ddr_renderer_top_inst/ddr3_arbiter_inst/phy_instance/rn_rd_op_delayed_reg[8]/C (clocked by clk_out4_div_clk_wiz_1) and ddr_renderer_top_inst/dmc_inst/bram1/U0/inst_blk_mem_gen/gnbram.gnativebmg.native_blk_mem_gen/valid.cstr/ramloop[7].ram.r/prim_noinit.ram/DEVICE_7SERIES.NO_BMM_INFO.SP.WIDE_PRIM36.ram/DIADI[16] (clocked by clk_out4_div_clk_wiz_1). Large setup violations at the end of those stages might be difficult to fix during the post-placement implementation flow and could be the result of non-optimal XDC constraints or non-optimal design architecture
Related violations: <none>

TIMING-16#183 Warning
Large setup violation  
There is a large setup violation of -1.372 ns between ddr_renderer_top_inst/graphics_inst/projector_inst/divider_i_487_psdsp/C (clocked by clk_out4_div_clk_wiz_1) and ddr_renderer_top_inst/graphics_inst/projector_inst/divider/U0/i_synth/i_has_input_skid.i_2to1/gen_has_z_tready.reg1_a_tdata_reg[28]/D (clocked by clk_out4_div_clk_wiz_1). Large setup violations at the end of those stages might be difficult to fix during the post-placement implementation flow and could be the result of non-optimal XDC constraints or non-optimal design architecture
Related violations: <none>

TIMING-16#184 Warning
Large setup violation  
There is a large setup violation of -1.378 ns between ddr_renderer_top_inst/graphics_inst/projector_inst/op_y_q_reg[2][21]/C (clocked by clk_out4_div_clk_wiz_1) and ddr_renderer_top_inst/graphics_inst/rasterizer_inst/barycentric_calc_inst/mr4_2_reg__0/B[12] (clocked by clk_out4_div_clk_wiz_1). Large setup violations at the end of those stages might be difficult to fix during the post-placement implementation flow and could be the result of non-optimal XDC constraints or non-optimal design architecture
Related violations: <none>

TIMING-16#185 Warning
Large setup violation  
There is a large setup violation of -1.382 ns between ddr_renderer_top_inst/dmc_inst/cache_state_q_reg[3]/C (clocked by clk_out4_div_clk_wiz_1) and ddr_renderer_top_inst/graphics_inst/model_engine_inst/FSM_onehot_model_engine_state_q_reg[2]/CE (clocked by clk_out4_div_clk_wiz_1). Large setup violations at the end of those stages might be difficult to fix during the post-placement implementation flow and could be the result of non-optimal XDC constraints or non-optimal design architecture
Related violations: <none>

TIMING-16#186 Warning
Large setup violation  
There is a large setup violation of -1.382 ns between ddr_renderer_top_inst/dmc_inst/cache_state_q_reg[3]/C (clocked by clk_out4_div_clk_wiz_1) and ddr_renderer_top_inst/graphics_inst/model_engine_inst/FSM_onehot_model_engine_state_q_reg[3]/CE (clocked by clk_out4_div_clk_wiz_1). Large setup violations at the end of those stages might be difficult to fix during the post-placement implementation flow and could be the result of non-optimal XDC constraints or non-optimal design architecture
Related violations: <none>

TIMING-16#187 Warning
Large setup violation  
There is a large setup violation of -1.382 ns between ddr_renderer_top_inst/graphics_inst/projector_inst/divider_i_487_psdsp/C (clocked by clk_out4_div_clk_wiz_1) and ddr_renderer_top_inst/graphics_inst/projector_inst/divider/U0/i_synth/i_has_input_skid.i_2to1/gen_has_z_tready.reg2_a_tdata_reg[12]/D (clocked by clk_out4_div_clk_wiz_1). Large setup violations at the end of those stages might be difficult to fix during the post-placement implementation flow and could be the result of non-optimal XDC constraints or non-optimal design architecture
Related violations: <none>

TIMING-16#188 Warning
Large setup violation  
There is a large setup violation of -1.386 ns between ddr_renderer_top_inst/graphics_inst/projector_inst/op_x_q_reg[2][25]/C (clocked by clk_out4_div_clk_wiz_1) and ddr_renderer_top_inst/graphics_inst/rasterizer_inst/barycentric_calc_inst/mr2_2_reg/A[22] (clocked by clk_out4_div_clk_wiz_1). Large setup violations at the end of those stages might be difficult to fix during the post-placement implementation flow and could be the result of non-optimal XDC constraints or non-optimal design architecture
Related violations: <none>

TIMING-16#189 Warning
Large setup violation  
There is a large setup violation of -1.386 ns between ddr_renderer_top_inst/graphics_inst/projector_inst/op_x_q_reg[2][25]/C (clocked by clk_out4_div_clk_wiz_1) and ddr_renderer_top_inst/graphics_inst/rasterizer_inst/barycentric_calc_inst/mr2_2_reg/A[23] (clocked by clk_out4_div_clk_wiz_1). Large setup violations at the end of those stages might be difficult to fix during the post-placement implementation flow and could be the result of non-optimal XDC constraints or non-optimal design architecture
Related violations: <none>

TIMING-16#190 Warning
Large setup violation  
There is a large setup violation of -1.388 ns between ddr_renderer_top_inst/graphics_inst/projector_inst/divider/U0/i_synth/i_nonzero_fract.i_synth/opt_high_radix.i_nonzero_fract.i_high_radix/i_quotient_collector/i_typical_case.i_addsub/i_vx5_sp3.i_casc_dsp48.i_lower_p_balance/opt_has_pipe.first_q_reg[10]/C (clocked by clk_out4_div_clk_wiz_1) and ddr_renderer_top_inst/graphics_inst/projector_inst/op_y_q_reg[2][16]/D (clocked by clk_out4_div_clk_wiz_1). Large setup violations at the end of those stages might be difficult to fix during the post-placement implementation flow and could be the result of non-optimal XDC constraints or non-optimal design architecture
Related violations: <none>

TIMING-16#191 Warning
Large setup violation  
There is a large setup violation of -1.388 ns between ddr_renderer_top_inst/vga_controller_inst/hc_reg[3]/C (clocked by clk_out1_clk_wiz_0) and ddr_renderer_top_inst/frame_buffer_inst/bram0/U0/inst_blk_mem_gen/gnbram.gnativebmg.native_blk_mem_gen/valid.cstr/ramloop[0].ram.r/prim_noinit.ram/DEVICE_7SERIES.NO_BMM_INFO.TRUE_DP.SIMPLE_PRIM18.ram/ADDRBWRADDR[7] (clocked by clk_out4_div_clk_wiz_1). Large setup violations at the end of those stages might be difficult to fix during the post-placement implementation flow and could be the result of non-optimal XDC constraints or non-optimal design architecture
Related violations: <none>

TIMING-16#192 Warning
Large setup violation  
There is a large setup violation of -1.403 ns between ddr_renderer_top_inst/graphics_inst/projector_inst/divider/U0/i_synth/i_nonzero_fract.i_synth/opt_high_radix.i_nonzero_fract.i_high_radix/i_quotient_collector/i_typical_case.i_addsub/i_vx5_sp3.i_casc_dsp48.i_lower_p_balance/opt_has_pipe.first_q_reg[10]/C (clocked by clk_out4_div_clk_wiz_1) and ddr_renderer_top_inst/graphics_inst/projector_inst/op_y_q_reg[0][28]/D (clocked by clk_out4_div_clk_wiz_1). Large setup violations at the end of those stages might be difficult to fix during the post-placement implementation flow and could be the result of non-optimal XDC constraints or non-optimal design architecture
Related violations: <none>

TIMING-16#193 Warning
Large setup violation  
There is a large setup violation of -1.405 ns between ddr_renderer_top_inst/vga_controller_inst/hc_reg[1]/C (clocked by clk_out1_clk_wiz_0) and ddr_renderer_top_inst/frame_buffer_inst/bram0/U0/inst_blk_mem_gen/gnbram.gnativebmg.native_blk_mem_gen/valid.cstr/ramloop[0].ram.r/prim_noinit.ram/DEVICE_7SERIES.NO_BMM_INFO.TRUE_DP.SIMPLE_PRIM18.ram/ADDRBWRADDR[5] (clocked by clk_out4_div_clk_wiz_1). Large setup violations at the end of those stages might be difficult to fix during the post-placement implementation flow and could be the result of non-optimal XDC constraints or non-optimal design architecture
Related violations: <none>

TIMING-16#194 Warning
Large setup violation  
There is a large setup violation of -1.409 ns between ddr_renderer_top_inst/graphics_inst/projector_inst/divider/U0/i_synth/i_nonzero_fract.i_synth/opt_high_radix.i_nonzero_fract.i_high_radix/i_quotient_collector/i_typical_case.i_addsub/i_vx5_sp3.i_casc_dsp48.i_lower_p_balance/opt_has_pipe.first_q_reg[10]/C (clocked by clk_out4_div_clk_wiz_1) and ddr_renderer_top_inst/graphics_inst/projector_inst/op_y_q_reg[0][26]/D (clocked by clk_out4_div_clk_wiz_1). Large setup violations at the end of those stages might be difficult to fix during the post-placement implementation flow and could be the result of non-optimal XDC constraints or non-optimal design architecture
Related violations: <none>

TIMING-16#195 Warning
Large setup violation  
There is a large setup violation of -1.410 ns between ddr_renderer_top_inst/graphics_inst/projector_inst/divider_i_487_psdsp/C (clocked by clk_out4_div_clk_wiz_1) and ddr_renderer_top_inst/graphics_inst/projector_inst/divider/U0/i_synth/i_has_input_skid.i_2to1/gen_has_z_tready.reg2_a_tdata_reg[15]/D (clocked by clk_out4_div_clk_wiz_1). Large setup violations at the end of those stages might be difficult to fix during the post-placement implementation flow and could be the result of non-optimal XDC constraints or non-optimal design architecture
Related violations: <none>

TIMING-16#196 Warning
Large setup violation  
There is a large setup violation of -1.416 ns between ddr_renderer_top_inst/ddr3_arbiter_inst/phy_instance/rn_rd_op_delayed_reg[8]/C (clocked by clk_out4_div_clk_wiz_1) and ddr_renderer_top_inst/dmc_inst/bram1/U0/inst_blk_mem_gen/gnbram.gnativebmg.native_blk_mem_gen/valid.cstr/ramloop[1].ram.r/prim_noinit.ram/DEVICE_7SERIES.NO_BMM_INFO.SP.WIDE_PRIM36.ram/DIBDI[10] (clocked by clk_out4_div_clk_wiz_1). Large setup violations at the end of those stages might be difficult to fix during the post-placement implementation flow and could be the result of non-optimal XDC constraints or non-optimal design architecture
Related violations: <none>

TIMING-16#197 Warning
Large setup violation  
There is a large setup violation of -1.418 ns between ddr_renderer_top_inst/dmc_inst/cache_state_q_reg[3]/C (clocked by clk_out4_div_clk_wiz_1) and ddr_renderer_top_inst/graphics_inst/model_engine_inst/FSM_onehot_model_engine_state_q_reg[5]/CE (clocked by clk_out4_div_clk_wiz_1). Large setup violations at the end of those stages might be difficult to fix during the post-placement implementation flow and could be the result of non-optimal XDC constraints or non-optimal design architecture
Related violations: <none>

TIMING-16#198 Warning
Large setup violation  
There is a large setup violation of -1.418 ns between ddr_renderer_top_inst/dmc_inst/cache_state_q_reg[3]/C (clocked by clk_out4_div_clk_wiz_1) and ddr_renderer_top_inst/graphics_inst/model_engine_inst/FSM_onehot_model_engine_state_q_reg[6]/CE (clocked by clk_out4_div_clk_wiz_1). Large setup violations at the end of those stages might be difficult to fix during the post-placement implementation flow and could be the result of non-optimal XDC constraints or non-optimal design architecture
Related violations: <none>

TIMING-16#199 Warning
Large setup violation  
There is a large setup violation of -1.418 ns between ddr_renderer_top_inst/dmc_inst/cache_state_q_reg[3]/C (clocked by clk_out4_div_clk_wiz_1) and ddr_renderer_top_inst/graphics_inst/model_engine_inst/FSM_onehot_model_engine_state_q_reg[7]/CE (clocked by clk_out4_div_clk_wiz_1). Large setup violations at the end of those stages might be difficult to fix during the post-placement implementation flow and could be the result of non-optimal XDC constraints or non-optimal design architecture
Related violations: <none>

TIMING-16#200 Warning
Large setup violation  
There is a large setup violation of -1.418 ns between ddr_renderer_top_inst/dmc_inst/cache_state_q_reg[3]/C (clocked by clk_out4_div_clk_wiz_1) and ddr_renderer_top_inst/graphics_inst/model_engine_inst/FSM_onehot_model_engine_state_q_reg[8]/CE (clocked by clk_out4_div_clk_wiz_1). Large setup violations at the end of those stages might be difficult to fix during the post-placement implementation flow and could be the result of non-optimal XDC constraints or non-optimal design architecture
Related violations: <none>

TIMING-16#201 Warning
Large setup violation  
There is a large setup violation of -1.419 ns between ddr_renderer_top_inst/graphics_inst/projector_inst/divider/U0/i_synth/i_nonzero_fract.i_synth/opt_high_radix.i_nonzero_fract.i_high_radix/i_quotient_collector/i_typical_case.i_addsub/i_vx5_sp3.i_casc_dsp48.i_lower_p_balance/opt_has_pipe.first_q_reg[10]/C (clocked by clk_out4_div_clk_wiz_1) and ddr_renderer_top_inst/graphics_inst/projector_inst/op_y_q_reg[0][29]/D (clocked by clk_out4_div_clk_wiz_1). Large setup violations at the end of those stages might be difficult to fix during the post-placement implementation flow and could be the result of non-optimal XDC constraints or non-optimal design architecture
Related violations: <none>

TIMING-16#202 Warning
Large setup violation  
There is a large setup violation of -1.420 ns between ddr_renderer_top_inst/graphics_inst/projector_inst/dp_q_reg[0][y][3]/C (clocked by clk_out4_div_clk_wiz_1) and ddr_renderer_top_inst/graphics_inst/projector_inst/divider/U0/i_synth/i_has_input_skid.i_2to1/gen_has_z_tready.reg2_a_tdata_reg[7]/D (clocked by clk_out4_div_clk_wiz_1). Large setup violations at the end of those stages might be difficult to fix during the post-placement implementation flow and could be the result of non-optimal XDC constraints or non-optimal design architecture
Related violations: <none>

TIMING-16#203 Warning
Large setup violation  
There is a large setup violation of -1.422 ns between ddr_renderer_top_inst/graphics_inst/projector_inst/divider_i_487_psdsp/C (clocked by clk_out4_div_clk_wiz_1) and ddr_renderer_top_inst/graphics_inst/projector_inst/divider/U0/i_synth/i_has_input_skid.i_2to1/gen_has_z_tready.reg2_a_tdata_reg[9]/D (clocked by clk_out4_div_clk_wiz_1). Large setup violations at the end of those stages might be difficult to fix during the post-placement implementation flow and could be the result of non-optimal XDC constraints or non-optimal design architecture
Related violations: <none>

TIMING-16#204 Warning
Large setup violation  
There is a large setup violation of -1.422 ns between ddr_renderer_top_inst/graphics_inst/projector_inst/op_x_q_reg[2][25]/C (clocked by clk_out4_div_clk_wiz_1) and ddr_renderer_top_inst/graphics_inst/rasterizer_inst/barycentric_calc_inst/mr2_20/B[14] (clocked by clk_out4_div_clk_wiz_1). Large setup violations at the end of those stages might be difficult to fix during the post-placement implementation flow and could be the result of non-optimal XDC constraints or non-optimal design architecture
Related violations: <none>

TIMING-16#205 Warning
Large setup violation  
There is a large setup violation of -1.428 ns between ddr_renderer_top_inst/graphics_inst/projector_inst/divider_i_487_psdsp/C (clocked by clk_out4_div_clk_wiz_1) and ddr_renderer_top_inst/graphics_inst/projector_inst/divider/U0/i_synth/i_has_input_skid.i_2to1/gen_has_z_tready.reg2_a_tdata_reg[31]/D (clocked by clk_out4_div_clk_wiz_1). Large setup violations at the end of those stages might be difficult to fix during the post-placement implementation flow and could be the result of non-optimal XDC constraints or non-optimal design architecture
Related violations: <none>

TIMING-16#206 Warning
Large setup violation  
There is a large setup violation of -1.432 ns between ddr_renderer_top_inst/ddr3_arbiter_inst/phy_instance/rn_rd_op_delayed_reg[8]/C (clocked by clk_out4_div_clk_wiz_1) and ddr_renderer_top_inst/dmc_inst/bram1/U0/inst_blk_mem_gen/gnbram.gnativebmg.native_blk_mem_gen/valid.cstr/ramloop[5].ram.r/prim_noinit.ram/DEVICE_7SERIES.NO_BMM_INFO.SP.WIDE_PRIM36.ram/DIBDI[17] (clocked by clk_out4_div_clk_wiz_1). Large setup violations at the end of those stages might be difficult to fix during the post-placement implementation flow and could be the result of non-optimal XDC constraints or non-optimal design architecture
Related violations: <none>

TIMING-16#207 Warning
Large setup violation  
There is a large setup violation of -1.438 ns between ddr_renderer_top_inst/graphics_inst/projector_inst/p_0_out__6/CLK (clocked by clk_out4_div_clk_wiz_1) and ddr_renderer_top_inst/graphics_inst/projector_inst/divider_i_247_psdsp/D (clocked by clk_out4_div_clk_wiz_1). Large setup violations at the end of those stages might be difficult to fix during the post-placement implementation flow and could be the result of non-optimal XDC constraints or non-optimal design architecture
Related violations: <none>

TIMING-16#208 Warning
Large setup violation  
There is a large setup violation of -1.439 ns between ddr_renderer_top_inst/graphics_inst/projector_inst/p_0_out__6/CLK (clocked by clk_out4_div_clk_wiz_1) and ddr_renderer_top_inst/graphics_inst/projector_inst/divider_i_249_psdsp/D (clocked by clk_out4_div_clk_wiz_1). Large setup violations at the end of those stages might be difficult to fix during the post-placement implementation flow and could be the result of non-optimal XDC constraints or non-optimal design architecture
Related violations: <none>

TIMING-16#209 Warning
Large setup violation  
There is a large setup violation of -1.439 ns between ddr_renderer_top_inst/graphics_inst/projector_inst/p_0_out__6/CLK (clocked by clk_out4_div_clk_wiz_1) and ddr_renderer_top_inst/graphics_inst/projector_inst/divider_i_271_psdsp/D (clocked by clk_out4_div_clk_wiz_1). Large setup violations at the end of those stages might be difficult to fix during the post-placement implementation flow and could be the result of non-optimal XDC constraints or non-optimal design architecture
Related violations: <none>

TIMING-16#210 Warning
Large setup violation  
There is a large setup violation of -1.442 ns between ddr_renderer_top_inst/graphics_inst/projector_inst/p_0_out__6/CLK (clocked by clk_out4_div_clk_wiz_1) and ddr_renderer_top_inst/graphics_inst/projector_inst/divider_i_319_psdsp/D (clocked by clk_out4_div_clk_wiz_1). Large setup violations at the end of those stages might be difficult to fix during the post-placement implementation flow and could be the result of non-optimal XDC constraints or non-optimal design architecture
Related violations: <none>

TIMING-16#211 Warning
Large setup violation  
There is a large setup violation of -1.442 ns between ddr_renderer_top_inst/graphics_inst/projector_inst/p_0_out__6/CLK (clocked by clk_out4_div_clk_wiz_1) and ddr_renderer_top_inst/graphics_inst/projector_inst/divider_i_350_psdsp/D (clocked by clk_out4_div_clk_wiz_1). Large setup violations at the end of those stages might be difficult to fix during the post-placement implementation flow and could be the result of non-optimal XDC constraints or non-optimal design architecture
Related violations: <none>

TIMING-16#212 Warning
Large setup violation  
There is a large setup violation of -1.442 ns between ddr_renderer_top_inst/graphics_inst/projector_inst/p_0_out__6/CLK (clocked by clk_out4_div_clk_wiz_1) and ddr_renderer_top_inst/graphics_inst/projector_inst/divider_i_395_psdsp/D (clocked by clk_out4_div_clk_wiz_1). Large setup violations at the end of those stages might be difficult to fix during the post-placement implementation flow and could be the result of non-optimal XDC constraints or non-optimal design architecture
Related violations: <none>

TIMING-16#213 Warning
Large setup violation  
There is a large setup violation of -1.443 ns between ddr_renderer_top_inst/graphics_inst/projector_inst/divider/U0/i_synth/i_nonzero_fract.i_synth/opt_high_radix.i_nonzero_fract.i_high_radix/i_quotient_collector/i_typical_case.i_addsub/i_vx5_sp3.i_casc_dsp48.i_lower_p_balance/opt_has_pipe.first_q_reg[10]/C (clocked by clk_out4_div_clk_wiz_1) and ddr_renderer_top_inst/graphics_inst/projector_inst/op_y_q_reg[0][31]/D (clocked by clk_out4_div_clk_wiz_1). Large setup violations at the end of those stages might be difficult to fix during the post-placement implementation flow and could be the result of non-optimal XDC constraints or non-optimal design architecture
Related violations: <none>

TIMING-16#214 Warning
Large setup violation  
There is a large setup violation of -1.443 ns between ddr_renderer_top_inst/graphics_inst/projector_inst/p_0_out__6/CLK (clocked by clk_out4_div_clk_wiz_1) and ddr_renderer_top_inst/graphics_inst/projector_inst/divider_i_250_psdsp/D (clocked by clk_out4_div_clk_wiz_1). Large setup violations at the end of those stages might be difficult to fix during the post-placement implementation flow and could be the result of non-optimal XDC constraints or non-optimal design architecture
Related violations: <none>

TIMING-16#215 Warning
Large setup violation  
There is a large setup violation of -1.443 ns between ddr_renderer_top_inst/graphics_inst/projector_inst/p_0_out__6/CLK (clocked by clk_out4_div_clk_wiz_1) and ddr_renderer_top_inst/graphics_inst/projector_inst/divider_i_296_psdsp/D (clocked by clk_out4_div_clk_wiz_1). Large setup violations at the end of those stages might be difficult to fix during the post-placement implementation flow and could be the result of non-optimal XDC constraints or non-optimal design architecture
Related violations: <none>

TIMING-16#216 Warning
Large setup violation  
There is a large setup violation of -1.443 ns between ddr_renderer_top_inst/graphics_inst/projector_inst/p_0_out__6/CLK (clocked by clk_out4_div_clk_wiz_1) and ddr_renderer_top_inst/graphics_inst/projector_inst/divider_i_347_psdsp/D (clocked by clk_out4_div_clk_wiz_1). Large setup violations at the end of those stages might be difficult to fix during the post-placement implementation flow and could be the result of non-optimal XDC constraints or non-optimal design architecture
Related violations: <none>

TIMING-16#217 Warning
Large setup violation  
There is a large setup violation of -1.444 ns between ddr_renderer_top_inst/graphics_inst/projector_inst/p_0_out__10/CLK (clocked by clk_out4_div_clk_wiz_1) and ddr_renderer_top_inst/graphics_inst/projector_inst/divider_i_303_psdsp/D (clocked by clk_out4_div_clk_wiz_1). Large setup violations at the end of those stages might be difficult to fix during the post-placement implementation flow and could be the result of non-optimal XDC constraints or non-optimal design architecture
Related violations: <none>

TIMING-16#218 Warning
Large setup violation  
There is a large setup violation of -1.444 ns between ddr_renderer_top_inst/graphics_inst/projector_inst/p_0_out__10/CLK (clocked by clk_out4_div_clk_wiz_1) and ddr_renderer_top_inst/graphics_inst/projector_inst/divider_i_306_psdsp/D (clocked by clk_out4_div_clk_wiz_1). Large setup violations at the end of those stages might be difficult to fix during the post-placement implementation flow and could be the result of non-optimal XDC constraints or non-optimal design architecture
Related violations: <none>

TIMING-16#219 Warning
Large setup violation  
There is a large setup violation of -1.444 ns between ddr_renderer_top_inst/graphics_inst/projector_inst/p_0_out__2/CLK (clocked by clk_out4_div_clk_wiz_1) and ddr_renderer_top_inst/graphics_inst/projector_inst/divider_i_263_psdsp/D (clocked by clk_out4_div_clk_wiz_1). Large setup violations at the end of those stages might be difficult to fix during the post-placement implementation flow and could be the result of non-optimal XDC constraints or non-optimal design architecture
Related violations: <none>

TIMING-16#220 Warning
Large setup violation  
There is a large setup violation of -1.445 ns between ddr_renderer_top_inst/graphics_inst/projector_inst/p_0_out__6/CLK (clocked by clk_out4_div_clk_wiz_1) and ddr_renderer_top_inst/graphics_inst/projector_inst/divider_i_320_psdsp/D (clocked by clk_out4_div_clk_wiz_1). Large setup violations at the end of those stages might be difficult to fix during the post-placement implementation flow and could be the result of non-optimal XDC constraints or non-optimal design architecture
Related violations: <none>

TIMING-16#221 Warning
Large setup violation  
There is a large setup violation of -1.446 ns between ddr_renderer_top_inst/graphics_inst/projector_inst/p_0_out__10/CLK (clocked by clk_out4_div_clk_wiz_1) and ddr_renderer_top_inst/graphics_inst/projector_inst/divider_i_257_psdsp/D (clocked by clk_out4_div_clk_wiz_1). Large setup violations at the end of those stages might be difficult to fix during the post-placement implementation flow and could be the result of non-optimal XDC constraints or non-optimal design architecture
Related violations: <none>

TIMING-16#222 Warning
Large setup violation  
There is a large setup violation of -1.446 ns between ddr_renderer_top_inst/graphics_inst/projector_inst/p_0_out__10/CLK (clocked by clk_out4_div_clk_wiz_1) and ddr_renderer_top_inst/graphics_inst/projector_inst/divider_i_328_psdsp/D (clocked by clk_out4_div_clk_wiz_1). Large setup violations at the end of those stages might be difficult to fix during the post-placement implementation flow and could be the result of non-optimal XDC constraints or non-optimal design architecture
Related violations: <none>

TIMING-16#223 Warning
Large setup violation  
There is a large setup violation of -1.447 ns between ddr_renderer_top_inst/graphics_inst/projector_inst/dp_q_reg[1][y]__0/CLK (clocked by clk_out4_div_clk_wiz_1) and ddr_renderer_top_inst/graphics_inst/projector_inst/divider/U0/i_synth/i_has_input_skid.i_2to1/gen_has_z_tready.reg2_a_tdata_reg[20]/D (clocked by clk_out4_div_clk_wiz_1). Large setup violations at the end of those stages might be difficult to fix during the post-placement implementation flow and could be the result of non-optimal XDC constraints or non-optimal design architecture
Related violations: <none>

TIMING-16#224 Warning
Large setup violation  
There is a large setup violation of -1.447 ns between ddr_renderer_top_inst/graphics_inst/projector_inst/p_0_out__10/CLK (clocked by clk_out4_div_clk_wiz_1) and ddr_renderer_top_inst/graphics_inst/projector_inst/divider_i_280_psdsp/D (clocked by clk_out4_div_clk_wiz_1). Large setup violations at the end of those stages might be difficult to fix during the post-placement implementation flow and could be the result of non-optimal XDC constraints or non-optimal design architecture
Related violations: <none>

TIMING-16#225 Warning
Large setup violation  
There is a large setup violation of -1.447 ns between ddr_renderer_top_inst/graphics_inst/projector_inst/p_0_out__10/CLK (clocked by clk_out4_div_clk_wiz_1) and ddr_renderer_top_inst/graphics_inst/projector_inst/divider_i_304_psdsp/D (clocked by clk_out4_div_clk_wiz_1). Large setup violations at the end of those stages might be difficult to fix during the post-placement implementation flow and could be the result of non-optimal XDC constraints or non-optimal design architecture
Related violations: <none>

TIMING-16#226 Warning
Large setup violation  
There is a large setup violation of -1.447 ns between ddr_renderer_top_inst/graphics_inst/projector_inst/p_0_out__6/CLK (clocked by clk_out4_div_clk_wiz_1) and ddr_renderer_top_inst/graphics_inst/projector_inst/divider_i_322_psdsp/D (clocked by clk_out4_div_clk_wiz_1). Large setup violations at the end of those stages might be difficult to fix during the post-placement implementation flow and could be the result of non-optimal XDC constraints or non-optimal design architecture
Related violations: <none>

TIMING-16#227 Warning
Large setup violation  
There is a large setup violation of -1.449 ns between ddr_renderer_top_inst/graphics_inst/projector_inst/p_0_out__10/CLK (clocked by clk_out4_div_clk_wiz_1) and ddr_renderer_top_inst/graphics_inst/projector_inst/divider_i_256_psdsp/D (clocked by clk_out4_div_clk_wiz_1). Large setup violations at the end of those stages might be difficult to fix during the post-placement implementation flow and could be the result of non-optimal XDC constraints or non-optimal design architecture
Related violations: <none>

TIMING-16#228 Warning
Large setup violation  
There is a large setup violation of -1.449 ns between ddr_renderer_top_inst/graphics_inst/projector_inst/p_0_out__2/CLK (clocked by clk_out4_div_clk_wiz_1) and ddr_renderer_top_inst/graphics_inst/projector_inst/divider_i_289_psdsp/D (clocked by clk_out4_div_clk_wiz_1). Large setup violations at the end of those stages might be difficult to fix during the post-placement implementation flow and could be the result of non-optimal XDC constraints or non-optimal design architecture
Related violations: <none>

TIMING-16#229 Warning
Large setup violation  
There is a large setup violation of -1.450 ns between ddr_renderer_top_inst/graphics_inst/projector_inst/state_q_reg[1]/C (clocked by clk_out4_div_clk_wiz_1) and ddr_renderer_top_inst/graphics_inst/projector_inst/mul0_q_reg/CEP (clocked by clk_out4_div_clk_wiz_1). Large setup violations at the end of those stages might be difficult to fix during the post-placement implementation flow and could be the result of non-optimal XDC constraints or non-optimal design architecture
Related violations: <none>

TIMING-16#230 Warning
Large setup violation  
There is a large setup violation of -1.455 ns between ddr_renderer_top_inst/graphics_inst/projector_inst/p_0_out__6/CLK (clocked by clk_out4_div_clk_wiz_1) and ddr_renderer_top_inst/graphics_inst/projector_inst/divider_i_421_psdsp/D (clocked by clk_out4_div_clk_wiz_1). Large setup violations at the end of those stages might be difficult to fix during the post-placement implementation flow and could be the result of non-optimal XDC constraints or non-optimal design architecture
Related violations: <none>

TIMING-16#231 Warning
Large setup violation  
There is a large setup violation of -1.456 ns between ddr_renderer_top_inst/graphics_inst/projector_inst/dp_q_reg[0][y][3]/C (clocked by clk_out4_div_clk_wiz_1) and ddr_renderer_top_inst/graphics_inst/projector_inst/divider/U0/i_synth/i_has_input_skid.i_2to1/gen_has_z_tready.reg2_a_tdata_reg[1]/D (clocked by clk_out4_div_clk_wiz_1). Large setup violations at the end of those stages might be difficult to fix during the post-placement implementation flow and could be the result of non-optimal XDC constraints or non-optimal design architecture
Related violations: <none>

TIMING-16#232 Warning
Large setup violation  
There is a large setup violation of -1.456 ns between ddr_renderer_top_inst/graphics_inst/projector_inst/p_0_out__10/CLK (clocked by clk_out4_div_clk_wiz_1) and ddr_renderer_top_inst/graphics_inst/projector_inst/divider_i_343_psdsp/D (clocked by clk_out4_div_clk_wiz_1). Large setup violations at the end of those stages might be difficult to fix during the post-placement implementation flow and could be the result of non-optimal XDC constraints or non-optimal design architecture
Related violations: <none>

TIMING-16#233 Warning
Large setup violation  
There is a large setup violation of -1.457 ns between ddr_renderer_top_inst/graphics_inst/projector_inst/divider_i_487_psdsp/C (clocked by clk_out4_div_clk_wiz_1) and ddr_renderer_top_inst/graphics_inst/projector_inst/divider/U0/i_synth/i_has_input_skid.i_2to1/gen_has_z_tready.reg2_a_tdata_reg[5]/D (clocked by clk_out4_div_clk_wiz_1). Large setup violations at the end of those stages might be difficult to fix during the post-placement implementation flow and could be the result of non-optimal XDC constraints or non-optimal design architecture
Related violations: <none>

TIMING-16#234 Warning
Large setup violation  
There is a large setup violation of -1.458 ns between ddr_renderer_top_inst/graphics_inst/projector_inst/p_0_out__6/CLK (clocked by clk_out4_div_clk_wiz_1) and ddr_renderer_top_inst/graphics_inst/projector_inst/divider_i_274_psdsp/D (clocked by clk_out4_div_clk_wiz_1). Large setup violations at the end of those stages might be difficult to fix during the post-placement implementation flow and could be the result of non-optimal XDC constraints or non-optimal design architecture
Related violations: <none>

TIMING-16#235 Warning
Large setup violation  
There is a large setup violation of -1.461 ns between ddr_renderer_top_inst/graphics_inst/projector_inst/p_0_out__10/CLK (clocked by clk_out4_div_clk_wiz_1) and ddr_renderer_top_inst/graphics_inst/projector_inst/divider_i_330_psdsp/D (clocked by clk_out4_div_clk_wiz_1). Large setup violations at the end of those stages might be difficult to fix during the post-placement implementation flow and could be the result of non-optimal XDC constraints or non-optimal design architecture
Related violations: <none>

TIMING-16#236 Warning
Large setup violation  
There is a large setup violation of -1.461 ns between ddr_renderer_top_inst/graphics_inst/projector_inst/p_0_out__10/CLK (clocked by clk_out4_div_clk_wiz_1) and ddr_renderer_top_inst/graphics_inst/projector_inst/divider_i_344_psdsp/D (clocked by clk_out4_div_clk_wiz_1). Large setup violations at the end of those stages might be difficult to fix during the post-placement implementation flow and could be the result of non-optimal XDC constraints or non-optimal design architecture
Related violations: <none>

TIMING-16#237 Warning
Large setup violation  
There is a large setup violation of -1.462 ns between ddr_renderer_top_inst/graphics_inst/projector_inst/divider/U0/i_synth/i_nonzero_fract.i_synth/opt_high_radix.i_nonzero_fract.i_high_radix/i_quotient_collector/i_typical_case.i_addsub/i_vx5_sp3.i_casc_dsp48.i_lower_p_balance/opt_has_pipe.first_q_reg[9]/C (clocked by clk_out4_div_clk_wiz_1) and ddr_renderer_top_inst/graphics_inst/projector_inst/op_y_q_reg[1][11]/D (clocked by clk_out4_div_clk_wiz_1). Large setup violations at the end of those stages might be difficult to fix during the post-placement implementation flow and could be the result of non-optimal XDC constraints or non-optimal design architecture
Related violations: <none>

TIMING-16#238 Warning
Large setup violation  
There is a large setup violation of -1.463 ns between ddr_renderer_top_inst/graphics_inst/projector_inst/p_0_out__2/CLK (clocked by clk_out4_div_clk_wiz_1) and ddr_renderer_top_inst/graphics_inst/projector_inst/divider_i_264_psdsp/D (clocked by clk_out4_div_clk_wiz_1). Large setup violations at the end of those stages might be difficult to fix during the post-placement implementation flow and could be the result of non-optimal XDC constraints or non-optimal design architecture
Related violations: <none>

TIMING-16#239 Warning
Large setup violation  
There is a large setup violation of -1.463 ns between ddr_renderer_top_inst/graphics_inst/projector_inst/p_0_out__6/CLK (clocked by clk_out4_div_clk_wiz_1) and ddr_renderer_top_inst/graphics_inst/projector_inst/divider_i_478_psdsp/D (clocked by clk_out4_div_clk_wiz_1). Large setup violations at the end of those stages might be difficult to fix during the post-placement implementation flow and could be the result of non-optimal XDC constraints or non-optimal design architecture
Related violations: <none>

TIMING-16#240 Warning
Large setup violation  
There is a large setup violation of -1.464 ns between ddr_renderer_top_inst/graphics_inst/projector_inst/dp_q_reg[0][x]__0/CLK (clocked by clk_out4_div_clk_wiz_1) and ddr_renderer_top_inst/graphics_inst/projector_inst/divider/U0/i_synth/i_has_input_skid.i_2to1/gen_has_z_tready.reg2_a_tdata_reg[11]/D (clocked by clk_out4_div_clk_wiz_1). Large setup violations at the end of those stages might be difficult to fix during the post-placement implementation flow and could be the result of non-optimal XDC constraints or non-optimal design architecture
Related violations: <none>

TIMING-16#241 Warning
Large setup violation  
There is a large setup violation of -1.464 ns between ddr_renderer_top_inst/graphics_inst/projector_inst/dp_q_reg[0][y][3]/C (clocked by clk_out4_div_clk_wiz_1) and ddr_renderer_top_inst/graphics_inst/projector_inst/divider/U0/i_synth/i_has_input_skid.i_2to1/gen_has_z_tready.reg2_a_tdata_reg[13]/D (clocked by clk_out4_div_clk_wiz_1). Large setup violations at the end of those stages might be difficult to fix during the post-placement implementation flow and could be the result of non-optimal XDC constraints or non-optimal design architecture
Related violations: <none>

TIMING-16#242 Warning
Large setup violation  
There is a large setup violation of -1.466 ns between ddr_renderer_top_inst/graphics_inst/projector_inst/p_0_out__6/CLK (clocked by clk_out4_div_clk_wiz_1) and ddr_renderer_top_inst/graphics_inst/projector_inst/divider_i_272_psdsp/D (clocked by clk_out4_div_clk_wiz_1). Large setup violations at the end of those stages might be difficult to fix during the post-placement implementation flow and could be the result of non-optimal XDC constraints or non-optimal design architecture
Related violations: <none>

TIMING-16#243 Warning
Large setup violation  
There is a large setup violation of -1.468 ns between ddr_renderer_top_inst/graphics_inst/projector_inst/p_0_out__6/CLK (clocked by clk_out4_div_clk_wiz_1) and ddr_renderer_top_inst/graphics_inst/projector_inst/divider_i_297_psdsp/D (clocked by clk_out4_div_clk_wiz_1). Large setup violations at the end of those stages might be difficult to fix during the post-placement implementation flow and could be the result of non-optimal XDC constraints or non-optimal design architecture
Related violations: <none>

TIMING-16#244 Warning
Large setup violation  
There is a large setup violation of -1.469 ns between ddr_renderer_top_inst/graphics_inst/projector_inst/p_0_out__2/CLK (clocked by clk_out4_div_clk_wiz_1) and ddr_renderer_top_inst/graphics_inst/projector_inst/divider_i_265_psdsp/D (clocked by clk_out4_div_clk_wiz_1). Large setup violations at the end of those stages might be difficult to fix during the post-placement implementation flow and could be the result of non-optimal XDC constraints or non-optimal design architecture
Related violations: <none>

TIMING-16#245 Warning
Large setup violation  
There is a large setup violation of -1.469 ns between ddr_renderer_top_inst/graphics_inst/projector_inst/p_0_out__2/CLK (clocked by clk_out4_div_clk_wiz_1) and ddr_renderer_top_inst/graphics_inst/projector_inst/divider_i_335_psdsp/D (clocked by clk_out4_div_clk_wiz_1). Large setup violations at the end of those stages might be difficult to fix during the post-placement implementation flow and could be the result of non-optimal XDC constraints or non-optimal design architecture
Related violations: <none>

TIMING-16#246 Warning
Large setup violation  
There is a large setup violation of -1.469 ns between ddr_renderer_top_inst/graphics_inst/projector_inst/p_0_out__2/CLK (clocked by clk_out4_div_clk_wiz_1) and ddr_renderer_top_inst/graphics_inst/projector_inst/divider_i_359_psdsp/D (clocked by clk_out4_div_clk_wiz_1). Large setup violations at the end of those stages might be difficult to fix during the post-placement implementation flow and could be the result of non-optimal XDC constraints or non-optimal design architecture
Related violations: <none>

TIMING-16#247 Warning
Large setup violation  
There is a large setup violation of -1.469 ns between ddr_renderer_top_inst/graphics_inst/projector_inst/p_0_out__6/CLK (clocked by clk_out4_div_clk_wiz_1) and ddr_renderer_top_inst/graphics_inst/projector_inst/divider_i_372_psdsp/D (clocked by clk_out4_div_clk_wiz_1). Large setup violations at the end of those stages might be difficult to fix during the post-placement implementation flow and could be the result of non-optimal XDC constraints or non-optimal design architecture
Related violations: <none>

TIMING-16#248 Warning
Large setup violation  
There is a large setup violation of -1.470 ns between ddr_renderer_top_inst/graphics_inst/projector_inst/p_0_out__2/CLK (clocked by clk_out4_div_clk_wiz_1) and ddr_renderer_top_inst/graphics_inst/projector_inst/divider_i_287_psdsp/D (clocked by clk_out4_div_clk_wiz_1). Large setup violations at the end of those stages might be difficult to fix during the post-placement implementation flow and could be the result of non-optimal XDC constraints or non-optimal design architecture
Related violations: <none>

TIMING-16#249 Warning
Large setup violation  
There is a large setup violation of -1.470 ns between ddr_renderer_top_inst/graphics_inst/projector_inst/p_0_out__2/CLK (clocked by clk_out4_div_clk_wiz_1) and ddr_renderer_top_inst/graphics_inst/projector_inst/divider_i_311_psdsp/D (clocked by clk_out4_div_clk_wiz_1). Large setup violations at the end of those stages might be difficult to fix during the post-placement implementation flow and could be the result of non-optimal XDC constraints or non-optimal design architecture
Related violations: <none>

TIMING-16#250 Warning
Large setup violation  
There is a large setup violation of -1.471 ns between ddr_renderer_top_inst/graphics_inst/projector_inst/p_0_out__10/CLK (clocked by clk_out4_div_clk_wiz_1) and ddr_renderer_top_inst/graphics_inst/projector_inst/divider_i_282_psdsp/D (clocked by clk_out4_div_clk_wiz_1). Large setup violations at the end of those stages might be difficult to fix during the post-placement implementation flow and could be the result of non-optimal XDC constraints or non-optimal design architecture
Related violations: <none>

TIMING-16#251 Warning
Large setup violation  
There is a large setup violation of -1.471 ns between ddr_renderer_top_inst/graphics_inst/projector_inst/p_0_out__6/CLK (clocked by clk_out4_div_clk_wiz_1) and ddr_renderer_top_inst/graphics_inst/projector_inst/divider_i_298_psdsp/D (clocked by clk_out4_div_clk_wiz_1). Large setup violations at the end of those stages might be difficult to fix during the post-placement implementation flow and could be the result of non-optimal XDC constraints or non-optimal design architecture
Related violations: <none>

TIMING-16#252 Warning
Large setup violation  
There is a large setup violation of -1.472 ns between ddr_renderer_top_inst/graphics_inst/projector_inst/p_0_out__10/CLK (clocked by clk_out4_div_clk_wiz_1) and ddr_renderer_top_inst/graphics_inst/projector_inst/divider_i_258_psdsp/D (clocked by clk_out4_div_clk_wiz_1). Large setup violations at the end of those stages might be difficult to fix during the post-placement implementation flow and could be the result of non-optimal XDC constraints or non-optimal design architecture
Related violations: <none>

TIMING-16#253 Warning
Large setup violation  
There is a large setup violation of -1.472 ns between ddr_renderer_top_inst/graphics_inst/projector_inst/p_0_out__2/CLK (clocked by clk_out4_div_clk_wiz_1) and ddr_renderer_top_inst/graphics_inst/projector_inst/divider_i_336_psdsp/D (clocked by clk_out4_div_clk_wiz_1). Large setup violations at the end of those stages might be difficult to fix during the post-placement implementation flow and could be the result of non-optimal XDC constraints or non-optimal design architecture
Related violations: <none>

TIMING-16#254 Warning
Large setup violation  
There is a large setup violation of -1.472 ns between ddr_renderer_top_inst/graphics_inst/projector_inst/p_0_out__2/CLK (clocked by clk_out4_div_clk_wiz_1) and ddr_renderer_top_inst/graphics_inst/projector_inst/divider_i_360_psdsp/D (clocked by clk_out4_div_clk_wiz_1). Large setup violations at the end of those stages might be difficult to fix during the post-placement implementation flow and could be the result of non-optimal XDC constraints or non-optimal design architecture
Related violations: <none>

TIMING-16#255 Warning
Large setup violation  
There is a large setup violation of -1.473 ns between ddr_renderer_top_inst/graphics_inst/projector_inst/p_0_out__2/CLK (clocked by clk_out4_div_clk_wiz_1) and ddr_renderer_top_inst/graphics_inst/projector_inst/divider_i_288_psdsp/D (clocked by clk_out4_div_clk_wiz_1). Large setup violations at the end of those stages might be difficult to fix during the post-placement implementation flow and could be the result of non-optimal XDC constraints or non-optimal design architecture
Related violations: <none>

TIMING-16#256 Warning
Large setup violation  
There is a large setup violation of -1.473 ns between ddr_renderer_top_inst/graphics_inst/projector_inst/p_0_out__2/CLK (clocked by clk_out4_div_clk_wiz_1) and ddr_renderer_top_inst/graphics_inst/projector_inst/divider_i_312_psdsp/D (clocked by clk_out4_div_clk_wiz_1). Large setup violations at the end of those stages might be difficult to fix during the post-placement implementation flow and could be the result of non-optimal XDC constraints or non-optimal design architecture
Related violations: <none>

TIMING-16#257 Warning
Large setup violation  
There is a large setup violation of -1.473 ns between ddr_renderer_top_inst/graphics_inst/projector_inst/p_0_out__6/CLK (clocked by clk_out4_div_clk_wiz_1) and ddr_renderer_top_inst/graphics_inst/projector_inst/divider_i_348_psdsp/D (clocked by clk_out4_div_clk_wiz_1). Large setup violations at the end of those stages might be difficult to fix during the post-placement implementation flow and could be the result of non-optimal XDC constraints or non-optimal design architecture
Related violations: <none>

TIMING-16#258 Warning
Large setup violation  
There is a large setup violation of -1.474 ns between ddr_renderer_top_inst/graphics_inst/projector_inst/p_0_out__10/CLK (clocked by clk_out4_div_clk_wiz_1) and ddr_renderer_top_inst/graphics_inst/projector_inst/divider_i_345_psdsp/D (clocked by clk_out4_div_clk_wiz_1). Large setup violations at the end of those stages might be difficult to fix during the post-placement implementation flow and could be the result of non-optimal XDC constraints or non-optimal design architecture
Related violations: <none>

TIMING-16#259 Warning
Large setup violation  
There is a large setup violation of -1.475 ns between ddr_renderer_top_inst/graphics_inst/projector_inst/p_0_out__2/CLK (clocked by clk_out4_div_clk_wiz_1) and ddr_renderer_top_inst/graphics_inst/projector_inst/divider_i_314_psdsp/D (clocked by clk_out4_div_clk_wiz_1). Large setup violations at the end of those stages might be difficult to fix during the post-placement implementation flow and could be the result of non-optimal XDC constraints or non-optimal design architecture
Related violations: <none>

TIMING-16#260 Warning
Large setup violation  
There is a large setup violation of -1.475 ns between ddr_renderer_top_inst/graphics_inst/projector_inst/p_0_out__2/CLK (clocked by clk_out4_div_clk_wiz_1) and ddr_renderer_top_inst/graphics_inst/projector_inst/divider_i_338_psdsp/D (clocked by clk_out4_div_clk_wiz_1). Large setup violations at the end of those stages might be difficult to fix during the post-placement implementation flow and could be the result of non-optimal XDC constraints or non-optimal design architecture
Related violations: <none>

TIMING-16#261 Warning
Large setup violation  
There is a large setup violation of -1.476 ns between ddr_renderer_top_inst/graphics_inst/projector_inst/p_0_out__2/CLK (clocked by clk_out4_div_clk_wiz_1) and ddr_renderer_top_inst/graphics_inst/projector_inst/divider_i_290_psdsp/D (clocked by clk_out4_div_clk_wiz_1). Large setup violations at the end of those stages might be difficult to fix during the post-placement implementation flow and could be the result of non-optimal XDC constraints or non-optimal design architecture
Related violations: <none>

TIMING-16#262 Warning
Large setup violation  
There is a large setup violation of -1.477 ns between ddr_renderer_top_inst/graphics_inst/projector_inst/p_0_out__6/CLK (clocked by clk_out4_div_clk_wiz_1) and ddr_renderer_top_inst/graphics_inst/projector_inst/divider_i_295_psdsp/D (clocked by clk_out4_div_clk_wiz_1). Large setup violations at the end of those stages might be difficult to fix during the post-placement implementation flow and could be the result of non-optimal XDC constraints or non-optimal design architecture
Related violations: <none>

TIMING-16#263 Warning
Large setup violation  
There is a large setup violation of -1.478 ns between ddr_renderer_top_inst/graphics_inst/projector_inst/p_0_out__10/CLK (clocked by clk_out4_div_clk_wiz_1) and ddr_renderer_top_inst/graphics_inst/projector_inst/divider_i_255_psdsp/D (clocked by clk_out4_div_clk_wiz_1). Large setup violations at the end of those stages might be difficult to fix during the post-placement implementation flow and could be the result of non-optimal XDC constraints or non-optimal design architecture
Related violations: <none>

TIMING-16#264 Warning
Large setup violation  
There is a large setup violation of -1.479 ns between ddr_renderer_top_inst/graphics_inst/projector_inst/p_0_out__10/CLK (clocked by clk_out4_div_clk_wiz_1) and ddr_renderer_top_inst/graphics_inst/projector_inst/divider_i_305_psdsp/D (clocked by clk_out4_div_clk_wiz_1). Large setup violations at the end of those stages might be difficult to fix during the post-placement implementation flow and could be the result of non-optimal XDC constraints or non-optimal design architecture
Related violations: <none>

TIMING-16#265 Warning
Large setup violation  
There is a large setup violation of -1.479 ns between ddr_renderer_top_inst/graphics_inst/projector_inst/p_0_out__2/CLK (clocked by clk_out4_div_clk_wiz_1) and ddr_renderer_top_inst/graphics_inst/projector_inst/divider_i_313_psdsp/D (clocked by clk_out4_div_clk_wiz_1). Large setup violations at the end of those stages might be difficult to fix during the post-placement implementation flow and could be the result of non-optimal XDC constraints or non-optimal design architecture
Related violations: <none>

TIMING-16#266 Warning
Large setup violation  
There is a large setup violation of -1.479 ns between ddr_renderer_top_inst/graphics_inst/projector_inst/p_0_out__2/CLK (clocked by clk_out4_div_clk_wiz_1) and ddr_renderer_top_inst/graphics_inst/projector_inst/divider_i_337_psdsp/D (clocked by clk_out4_div_clk_wiz_1). Large setup violations at the end of those stages might be difficult to fix during the post-placement implementation flow and could be the result of non-optimal XDC constraints or non-optimal design architecture
Related violations: <none>

TIMING-16#267 Warning
Large setup violation  
There is a large setup violation of -1.480 ns between ddr_renderer_top_inst/graphics_inst/projector_inst/p_0_out__10/CLK (clocked by clk_out4_div_clk_wiz_1) and ddr_renderer_top_inst/graphics_inst/projector_inst/divider_i_281_psdsp/D (clocked by clk_out4_div_clk_wiz_1). Large setup violations at the end of those stages might be difficult to fix during the post-placement implementation flow and could be the result of non-optimal XDC constraints or non-optimal design architecture
Related violations: <none>

TIMING-16#268 Warning
Large setup violation  
There is a large setup violation of -1.480 ns between ddr_renderer_top_inst/graphics_inst/projector_inst/p_0_out__6/CLK (clocked by clk_out4_div_clk_wiz_1) and ddr_renderer_top_inst/graphics_inst/projector_inst/divider_i_273_psdsp/D (clocked by clk_out4_div_clk_wiz_1). Large setup violations at the end of those stages might be difficult to fix during the post-placement implementation flow and could be the result of non-optimal XDC constraints or non-optimal design architecture
Related violations: <none>

TIMING-16#269 Warning
Large setup violation  
There is a large setup violation of -1.481 ns between ddr_renderer_top_inst/graphics_inst/projector_inst/p_0_out__10/CLK (clocked by clk_out4_div_clk_wiz_1) and ddr_renderer_top_inst/graphics_inst/projector_inst/divider_i_279_psdsp/D (clocked by clk_out4_div_clk_wiz_1). Large setup violations at the end of those stages might be difficult to fix during the post-placement implementation flow and could be the result of non-optimal XDC constraints or non-optimal design architecture
Related violations: <none>

TIMING-16#270 Warning
Large setup violation  
There is a large setup violation of -1.482 ns between ddr_renderer_top_inst/graphics_inst/projector_inst/p_0_out__6/CLK (clocked by clk_out4_div_clk_wiz_1) and ddr_renderer_top_inst/graphics_inst/projector_inst/divider_i_321_psdsp/D (clocked by clk_out4_div_clk_wiz_1). Large setup violations at the end of those stages might be difficult to fix during the post-placement implementation flow and could be the result of non-optimal XDC constraints or non-optimal design architecture
Related violations: <none>

TIMING-16#271 Warning
Large setup violation  
There is a large setup violation of -1.487 ns between ddr_renderer_top_inst/graphics_inst/projector_inst/p_0_out__2/CLK (clocked by clk_out4_div_clk_wiz_1) and ddr_renderer_top_inst/graphics_inst/projector_inst/divider_i_266_psdsp/D (clocked by clk_out4_div_clk_wiz_1). Large setup violations at the end of those stages might be difficult to fix during the post-placement implementation flow and could be the result of non-optimal XDC constraints or non-optimal design architecture
Related violations: <none>

TIMING-16#272 Warning
Large setup violation  
There is a large setup violation of -1.490 ns between ddr_renderer_top_inst/graphics_inst/projector_inst/p_0_out__6/CLK (clocked by clk_out4_div_clk_wiz_1) and ddr_renderer_top_inst/graphics_inst/projector_inst/divider_i_371_psdsp/D (clocked by clk_out4_div_clk_wiz_1). Large setup violations at the end of those stages might be difficult to fix during the post-placement implementation flow and could be the result of non-optimal XDC constraints or non-optimal design architecture
Related violations: <none>

TIMING-16#273 Warning
Large setup violation  
There is a large setup violation of -1.492 ns between ddr_renderer_top_inst/graphics_inst/projector_inst/p_0_out__10/CLK (clocked by clk_out4_div_clk_wiz_1) and ddr_renderer_top_inst/graphics_inst/projector_inst/divider_i_327_psdsp/D (clocked by clk_out4_div_clk_wiz_1). Large setup violations at the end of those stages might be difficult to fix during the post-placement implementation flow and could be the result of non-optimal XDC constraints or non-optimal design architecture
Related violations: <none>

TIMING-16#274 Warning
Large setup violation  
There is a large setup violation of -1.493 ns between ddr_renderer_top_inst/graphics_inst/projector_inst/p_0_out__10/CLK (clocked by clk_out4_div_clk_wiz_1) and ddr_renderer_top_inst/graphics_inst/projector_inst/divider_i_368_psdsp/D (clocked by clk_out4_div_clk_wiz_1). Large setup violations at the end of those stages might be difficult to fix during the post-placement implementation flow and could be the result of non-optimal XDC constraints or non-optimal design architecture
Related violations: <none>

TIMING-16#275 Warning
Large setup violation  
There is a large setup violation of -1.495 ns between ddr_renderer_top_inst/ddr3_arbiter_inst/phy_instance/r_mem_rst_reg/C (clocked by clk_out4_div_clk_wiz_1) and ddr_renderer_top_inst/ddr3_arbiter_inst/phy_instance/genblk12[11].oserdes_dq_inst/RST (clocked by clk_out4_div_clk_wiz_1). Large setup violations at the end of those stages might be difficult to fix during the post-placement implementation flow and could be the result of non-optimal XDC constraints or non-optimal design architecture
Related violations: <none>

TIMING-16#276 Warning
Large setup violation  
There is a large setup violation of -1.497 ns between ddr_renderer_top_inst/graphics_inst/projector_inst/p_0_out__10/CLK (clocked by clk_out4_div_clk_wiz_1) and ddr_renderer_top_inst/graphics_inst/projector_inst/divider_i_367_psdsp/D (clocked by clk_out4_div_clk_wiz_1). Large setup violations at the end of those stages might be difficult to fix during the post-placement implementation flow and could be the result of non-optimal XDC constraints or non-optimal design architecture
Related violations: <none>

TIMING-16#277 Warning
Large setup violation  
There is a large setup violation of -1.498 ns between ddr_renderer_top_inst/graphics_inst/projector_inst/p_0_out__2/CLK (clocked by clk_out4_div_clk_wiz_1) and ddr_renderer_top_inst/graphics_inst/projector_inst/divider_i_361_psdsp/D (clocked by clk_out4_div_clk_wiz_1). Large setup violations at the end of those stages might be difficult to fix during the post-placement implementation flow and could be the result of non-optimal XDC constraints or non-optimal design architecture
Related violations: <none>

TIMING-16#278 Warning
Large setup violation  
There is a large setup violation of -1.499 ns between ddr_renderer_top_inst/graphics_inst/projector_inst/p_0_out__10/CLK (clocked by clk_out4_div_clk_wiz_1) and ddr_renderer_top_inst/graphics_inst/projector_inst/divider_i_329_psdsp/D (clocked by clk_out4_div_clk_wiz_1). Large setup violations at the end of those stages might be difficult to fix during the post-placement implementation flow and could be the result of non-optimal XDC constraints or non-optimal design architecture
Related violations: <none>

TIMING-16#279 Warning
Large setup violation  
There is a large setup violation of -1.501 ns between ddr_renderer_top_inst/graphics_inst/projector_inst/p_0_out__2/CLK (clocked by clk_out4_div_clk_wiz_1) and ddr_renderer_top_inst/graphics_inst/projector_inst/divider_i_362_psdsp/D (clocked by clk_out4_div_clk_wiz_1). Large setup violations at the end of those stages might be difficult to fix during the post-placement implementation flow and could be the result of non-optimal XDC constraints or non-optimal design architecture
Related violations: <none>

TIMING-16#280 Warning
Large setup violation  
There is a large setup violation of -1.502 ns between ddr_renderer_top_inst/graphics_inst/projector_inst/p_0_out__2/CLK (clocked by clk_out4_div_clk_wiz_1) and ddr_renderer_top_inst/graphics_inst/projector_inst/divider_i_437_psdsp/D (clocked by clk_out4_div_clk_wiz_1). Large setup violations at the end of those stages might be difficult to fix during the post-placement implementation flow and could be the result of non-optimal XDC constraints or non-optimal design architecture
Related violations: <none>

TIMING-16#281 Warning
Large setup violation  
There is a large setup violation of -1.504 ns between ddr_renderer_top_inst/graphics_inst/projector_inst/divider_i_487_psdsp/C (clocked by clk_out4_div_clk_wiz_1) and ddr_renderer_top_inst/graphics_inst/projector_inst/divider/U0/i_synth/i_has_input_skid.i_2to1/gen_has_z_tready.reg2_a_tdata_reg[22]/D (clocked by clk_out4_div_clk_wiz_1). Large setup violations at the end of those stages might be difficult to fix during the post-placement implementation flow and could be the result of non-optimal XDC constraints or non-optimal design architecture
Related violations: <none>

TIMING-16#282 Warning
Large setup violation  
There is a large setup violation of -1.508 ns between ddr_renderer_top_inst/graphics_inst/projector_inst/p_0_out__10/CLK (clocked by clk_out4_div_clk_wiz_1) and ddr_renderer_top_inst/graphics_inst/projector_inst/divider_i_370_psdsp/D (clocked by clk_out4_div_clk_wiz_1). Large setup violations at the end of those stages might be difficult to fix during the post-placement implementation flow and could be the result of non-optimal XDC constraints or non-optimal design architecture
Related violations: <none>

TIMING-16#283 Warning
Large setup violation  
There is a large setup violation of -1.509 ns between ddr_renderer_top_inst/graphics_inst/projector_inst/p_0_out__10/CLK (clocked by clk_out4_div_clk_wiz_1) and ddr_renderer_top_inst/graphics_inst/projector_inst/divider_i_346_psdsp/D (clocked by clk_out4_div_clk_wiz_1). Large setup violations at the end of those stages might be difficult to fix during the post-placement implementation flow and could be the result of non-optimal XDC constraints or non-optimal design architecture
Related violations: <none>

TIMING-16#284 Warning
Large setup violation  
There is a large setup violation of -1.510 ns between ddr_renderer_top_inst/ddr3_arbiter_inst/phy_instance/rn_rd_op_delayed_reg[8]/C (clocked by clk_out4_div_clk_wiz_1) and ddr_renderer_top_inst/dmc_inst/bram1/U0/inst_blk_mem_gen/gnbram.gnativebmg.native_blk_mem_gen/valid.cstr/ramloop[5].ram.r/prim_noinit.ram/DEVICE_7SERIES.NO_BMM_INFO.SP.WIDE_PRIM36.ram/DIBDI[27] (clocked by clk_out4_div_clk_wiz_1). Large setup violations at the end of those stages might be difficult to fix during the post-placement implementation flow and could be the result of non-optimal XDC constraints or non-optimal design architecture
Related violations: <none>

TIMING-16#285 Warning
Large setup violation  
There is a large setup violation of -1.510 ns between ddr_renderer_top_inst/dmc_inst/cache_state_q_reg[3]/C (clocked by clk_out4_div_clk_wiz_1) and ddr_renderer_top_inst/graphics_inst/model_engine_inst/FSM_onehot_model_engine_state_q_reg[0]/CE (clocked by clk_out4_div_clk_wiz_1). Large setup violations at the end of those stages might be difficult to fix during the post-placement implementation flow and could be the result of non-optimal XDC constraints or non-optimal design architecture
Related violations: <none>

TIMING-16#286 Warning
Large setup violation  
There is a large setup violation of -1.510 ns between ddr_renderer_top_inst/dmc_inst/cache_state_q_reg[3]/C (clocked by clk_out4_div_clk_wiz_1) and ddr_renderer_top_inst/graphics_inst/model_engine_inst/FSM_onehot_model_engine_state_q_reg[1]/CE (clocked by clk_out4_div_clk_wiz_1). Large setup violations at the end of those stages might be difficult to fix during the post-placement implementation flow and could be the result of non-optimal XDC constraints or non-optimal design architecture
Related violations: <none>

TIMING-16#287 Warning
Large setup violation  
There is a large setup violation of -1.510 ns between ddr_renderer_top_inst/dmc_inst/cache_state_q_reg[3]/C (clocked by clk_out4_div_clk_wiz_1) and ddr_renderer_top_inst/graphics_inst/model_engine_inst/FSM_onehot_model_engine_state_q_reg[9]/CE (clocked by clk_out4_div_clk_wiz_1). Large setup violations at the end of those stages might be difficult to fix during the post-placement implementation flow and could be the result of non-optimal XDC constraints or non-optimal design architecture
Related violations: <none>

TIMING-16#288 Warning
Large setup violation  
There is a large setup violation of -1.511 ns between ddr_renderer_top_inst/graphics_inst/projector_inst/dp_q_reg[2][x]__0/CLK (clocked by clk_out4_div_clk_wiz_1) and ddr_renderer_top_inst/graphics_inst/projector_inst/divider/U0/i_synth/i_has_input_skid.i_2to1/gen_has_z_tready.reg1_a_tdata_reg[18]/D (clocked by clk_out4_div_clk_wiz_1). Large setup violations at the end of those stages might be difficult to fix during the post-placement implementation flow and could be the result of non-optimal XDC constraints or non-optimal design architecture
Related violations: <none>

TIMING-16#289 Warning
Large setup violation  
There is a large setup violation of -1.511 ns between ddr_renderer_top_inst/graphics_inst/projector_inst/p_0_out__10/CLK (clocked by clk_out4_div_clk_wiz_1) and ddr_renderer_top_inst/graphics_inst/projector_inst/divider_i_394_psdsp/D (clocked by clk_out4_div_clk_wiz_1). Large setup violations at the end of those stages might be difficult to fix during the post-placement implementation flow and could be the result of non-optimal XDC constraints or non-optimal design architecture
Related violations: <none>

TIMING-16#290 Warning
Large setup violation  
There is a large setup violation of -1.511 ns between ddr_renderer_top_inst/graphics_inst/projector_inst/p_0_out__10/CLK (clocked by clk_out4_div_clk_wiz_1) and ddr_renderer_top_inst/graphics_inst/projector_inst/divider_i_417_psdsp/D (clocked by clk_out4_div_clk_wiz_1). Large setup violations at the end of those stages might be difficult to fix during the post-placement implementation flow and could be the result of non-optimal XDC constraints or non-optimal design architecture
Related violations: <none>

TIMING-16#291 Warning
Large setup violation  
There is a large setup violation of -1.514 ns between ddr_renderer_top_inst/graphics_inst/projector_inst/dp_q_reg[2][x]__0/CLK (clocked by clk_out4_div_clk_wiz_1) and ddr_renderer_top_inst/graphics_inst/projector_inst/divider/U0/i_synth/i_has_input_skid.i_2to1/gen_has_z_tready.reg2_a_tdata_reg[17]/D (clocked by clk_out4_div_clk_wiz_1). Large setup violations at the end of those stages might be difficult to fix during the post-placement implementation flow and could be the result of non-optimal XDC constraints or non-optimal design architecture
Related violations: <none>

TIMING-16#292 Warning
Large setup violation  
There is a large setup violation of -1.514 ns between ddr_renderer_top_inst/graphics_inst/projector_inst/p_0_out__10/CLK (clocked by clk_out4_div_clk_wiz_1) and ddr_renderer_top_inst/graphics_inst/projector_inst/divider_i_446_psdsp/D (clocked by clk_out4_div_clk_wiz_1). Large setup violations at the end of those stages might be difficult to fix during the post-placement implementation flow and could be the result of non-optimal XDC constraints or non-optimal design architecture
Related violations: <none>

TIMING-16#293 Warning
Large setup violation  
There is a large setup violation of -1.515 ns between ddr_renderer_top_inst/graphics_inst/projector_inst/dp_q_reg[2][x]__0/CLK (clocked by clk_out4_div_clk_wiz_1) and ddr_renderer_top_inst/graphics_inst/projector_inst/divider/U0/i_synth/i_has_input_skid.i_2to1/gen_has_z_tready.reg1_a_tdata_reg[23]/D (clocked by clk_out4_div_clk_wiz_1). Large setup violations at the end of those stages might be difficult to fix during the post-placement implementation flow and could be the result of non-optimal XDC constraints or non-optimal design architecture
Related violations: <none>

TIMING-16#294 Warning
Large setup violation  
There is a large setup violation of -1.515 ns between ddr_renderer_top_inst/graphics_inst/projector_inst/p_0_out__6/CLK (clocked by clk_out4_div_clk_wiz_1) and ddr_renderer_top_inst/graphics_inst/projector_inst/divider_i_349_psdsp/D (clocked by clk_out4_div_clk_wiz_1). Large setup violations at the end of those stages might be difficult to fix during the post-placement implementation flow and could be the result of non-optimal XDC constraints or non-optimal design architecture
Related violations: <none>

TIMING-16#295 Warning
Large setup violation  
There is a large setup violation of -1.521 ns between ddr_renderer_top_inst/graphics_inst/projector_inst/divider/U0/i_synth/i_nonzero_fract.i_synth/opt_high_radix.i_nonzero_fract.i_high_radix/i_quotient_collector/i_typical_case.i_addsub/i_vx5_sp3.i_casc_dsp48.i_lower_p_balance/opt_has_pipe.first_q_reg[9]/C (clocked by clk_out4_div_clk_wiz_1) and ddr_renderer_top_inst/graphics_inst/projector_inst/op_y_q_reg[2][12]/D (clocked by clk_out4_div_clk_wiz_1). Large setup violations at the end of those stages might be difficult to fix during the post-placement implementation flow and could be the result of non-optimal XDC constraints or non-optimal design architecture
Related violations: <none>

TIMING-16#296 Warning
Large setup violation  
There is a large setup violation of -1.523 ns between ddr_renderer_top_inst/graphics_inst/projector_inst/dp_q_reg[2][x]__0/CLK (clocked by clk_out4_div_clk_wiz_1) and ddr_renderer_top_inst/graphics_inst/projector_inst/divider/U0/i_synth/i_has_input_skid.i_2to1/gen_has_z_tready.reg2_a_tdata_reg[30]/D (clocked by clk_out4_div_clk_wiz_1). Large setup violations at the end of those stages might be difficult to fix during the post-placement implementation flow and could be the result of non-optimal XDC constraints or non-optimal design architecture
Related violations: <none>

TIMING-16#297 Warning
Large setup violation  
There is a large setup violation of -1.524 ns between ddr_renderer_top_inst/graphics_inst/projector_inst/divider/U0/i_synth/i_nonzero_fract.i_synth/opt_high_radix.i_nonzero_fract.i_high_radix/i_quotient_collector/i_typical_case.i_addsub/i_vx5_sp3.i_casc_dsp48.i_lower_p_balance/opt_has_pipe.first_q_reg[10]/C (clocked by clk_out4_div_clk_wiz_1) and ddr_renderer_top_inst/graphics_inst/projector_inst/op_y_q_reg[0][30]/D (clocked by clk_out4_div_clk_wiz_1). Large setup violations at the end of those stages might be difficult to fix during the post-placement implementation flow and could be the result of non-optimal XDC constraints or non-optimal design architecture
Related violations: <none>

TIMING-16#298 Warning
Large setup violation  
There is a large setup violation of -1.524 ns between ddr_renderer_top_inst/graphics_inst/projector_inst/divider/U0/i_synth/i_nonzero_fract.i_synth/opt_high_radix.i_nonzero_fract.i_high_radix/i_quotient_collector/i_typical_case.i_addsub/i_vx5_sp3.i_casc_dsp48.i_lower_p_balance/opt_has_pipe.first_q_reg[10]/C (clocked by clk_out4_div_clk_wiz_1) and ddr_renderer_top_inst/graphics_inst/projector_inst/op_y_q_reg[2][15]/D (clocked by clk_out4_div_clk_wiz_1). Large setup violations at the end of those stages might be difficult to fix during the post-placement implementation flow and could be the result of non-optimal XDC constraints or non-optimal design architecture
Related violations: <none>

TIMING-16#299 Warning
Large setup violation  
There is a large setup violation of -1.525 ns between ddr_renderer_top_inst/graphics_inst/projector_inst/p_0_out__6/CLK (clocked by clk_out4_div_clk_wiz_1) and ddr_renderer_top_inst/graphics_inst/projector_inst/divider_i_397_psdsp/D (clocked by clk_out4_div_clk_wiz_1). Large setup violations at the end of those stages might be difficult to fix during the post-placement implementation flow and could be the result of non-optimal XDC constraints or non-optimal design architecture
Related violations: <none>

TIMING-16#300 Warning
Large setup violation  
There is a large setup violation of -1.526 ns between ddr_renderer_top_inst/graphics_inst/projector_inst/p_0_out__6/CLK (clocked by clk_out4_div_clk_wiz_1) and ddr_renderer_top_inst/graphics_inst/projector_inst/divider_i_423_psdsp/D (clocked by clk_out4_div_clk_wiz_1). Large setup violations at the end of those stages might be difficult to fix during the post-placement implementation flow and could be the result of non-optimal XDC constraints or non-optimal design architecture
Related violations: <none>

TIMING-16#301 Warning
Large setup violation  
There is a large setup violation of -1.527 ns between ddr_renderer_top_inst/graphics_inst/projector_inst/p_0_out__6/CLK (clocked by clk_out4_div_clk_wiz_1) and ddr_renderer_top_inst/graphics_inst/projector_inst/divider_i_453_psdsp/D (clocked by clk_out4_div_clk_wiz_1). Large setup violations at the end of those stages might be difficult to fix during the post-placement implementation flow and could be the result of non-optimal XDC constraints or non-optimal design architecture
Related violations: <none>

TIMING-16#302 Warning
Large setup violation  
There is a large setup violation of -1.529 ns between ddr_renderer_top_inst/graphics_inst/projector_inst/p_0_out__10/CLK (clocked by clk_out4_div_clk_wiz_1) and ddr_renderer_top_inst/graphics_inst/projector_inst/divider_i_392_psdsp/D (clocked by clk_out4_div_clk_wiz_1). Large setup violations at the end of those stages might be difficult to fix during the post-placement implementation flow and could be the result of non-optimal XDC constraints or non-optimal design architecture
Related violations: <none>

TIMING-16#303 Warning
Large setup violation  
There is a large setup violation of -1.529 ns between ddr_renderer_top_inst/graphics_inst/projector_inst/p_0_out__6/CLK (clocked by clk_out4_div_clk_wiz_1) and ddr_renderer_top_inst/graphics_inst/projector_inst/divider_i_480_psdsp/D (clocked by clk_out4_div_clk_wiz_1). Large setup violations at the end of those stages might be difficult to fix during the post-placement implementation flow and could be the result of non-optimal XDC constraints or non-optimal design architecture
Related violations: <none>

TIMING-16#304 Warning
Large setup violation  
There is a large setup violation of -1.532 ns between ddr_renderer_top_inst/graphics_inst/projector_inst/p_0_out__2/CLK (clocked by clk_out4_div_clk_wiz_1) and ddr_renderer_top_inst/graphics_inst/projector_inst/divider_i_384_psdsp/D (clocked by clk_out4_div_clk_wiz_1). Large setup violations at the end of those stages might be difficult to fix during the post-placement implementation flow and could be the result of non-optimal XDC constraints or non-optimal design architecture
Related violations: <none>

TIMING-16#305 Warning
Large setup violation  
There is a large setup violation of -1.537 ns between ddr_renderer_top_inst/ddr3_arbiter_inst/phy_instance/cmdfifo_inst/U0/inst_fifo_gen/gconvfifo.rf/grf.rf/gntv_or_sync_fifo.mem/gbm.gbmg.gbmga.ngecc.bmg/inst_blk_mem_gen/gnbram.gnativebmg.native_blk_mem_gen/valid.cstr/ramloop[2].ram.r/prim_noinit.ram/DEVICE_7SERIES.NO_BMM_INFO.SDP.WIDE_PRIM36_NO_ECC.ram/CLKARDCLK (clocked by clk_out4_div_clk_wiz_1) and ddr_renderer_top_inst/ddr3_arbiter_inst/phy_instance/r_act_req_reg/D (clocked by clk_out4_div_clk_wiz_1). Large setup violations at the end of those stages might be difficult to fix during the post-placement implementation flow and could be the result of non-optimal XDC constraints or non-optimal design architecture
Related violations: <none>

TIMING-16#306 Warning
Large setup violation  
There is a large setup violation of -1.538 ns between ddr_renderer_top_inst/graphics_inst/projector_inst/p_0_out__10/CLK (clocked by clk_out4_div_clk_wiz_1) and ddr_renderer_top_inst/graphics_inst/projector_inst/divider_i_393_psdsp/D (clocked by clk_out4_div_clk_wiz_1). Large setup violations at the end of those stages might be difficult to fix during the post-placement implementation flow and could be the result of non-optimal XDC constraints or non-optimal design architecture
Related violations: <none>

TIMING-16#307 Warning
Large setup violation  
There is a large setup violation of -1.543 ns between ddr_renderer_top_inst/ddr3_arbiter_inst/phy_instance/cmdfifo_inst/U0/inst_fifo_gen/gconvfifo.rf/grf.rf/gntv_or_sync_fifo.mem/gbm.gbmg.gbmga.ngecc.bmg/inst_blk_mem_gen/gnbram.gnativebmg.native_blk_mem_gen/valid.cstr/ramloop[2].ram.r/prim_noinit.ram/DEVICE_7SERIES.NO_BMM_INFO.SDP.WIDE_PRIM36_NO_ECC.ram/CLKARDCLK (clocked by clk_out4_div_clk_wiz_1) and ddr_renderer_top_inst/ddr3_arbiter_inst/phy_instance/r_pre_req_reg/D (clocked by clk_out4_div_clk_wiz_1). Large setup violations at the end of those stages might be difficult to fix during the post-placement implementation flow and could be the result of non-optimal XDC constraints or non-optimal design architecture
Related violations: <none>

TIMING-16#308 Warning
Large setup violation  
There is a large setup violation of -1.544 ns between ddr_renderer_top_inst/graphics_inst/projector_inst/divider_i_487_psdsp/C (clocked by clk_out4_div_clk_wiz_1) and ddr_renderer_top_inst/graphics_inst/projector_inst/divider/U0/i_synth/i_has_input_skid.i_2to1/gen_has_z_tready.reg1_a_tdata_reg[31]/D (clocked by clk_out4_div_clk_wiz_1). Large setup violations at the end of those stages might be difficult to fix during the post-placement implementation flow and could be the result of non-optimal XDC constraints or non-optimal design architecture
Related violations: <none>

TIMING-16#309 Warning
Large setup violation  
There is a large setup violation of -1.545 ns between ddr_renderer_top_inst/vga_controller_inst/hc_reg[0]/C (clocked by clk_out1_clk_wiz_0) and ddr_renderer_top_inst/frame_buffer_inst/bram0/U0/inst_blk_mem_gen/gnbram.gnativebmg.native_blk_mem_gen/valid.cstr/ramloop[0].ram.r/prim_noinit.ram/DEVICE_7SERIES.NO_BMM_INFO.TRUE_DP.SIMPLE_PRIM18.ram/ADDRBWRADDR[4] (clocked by clk_out4_div_clk_wiz_1). Large setup violations at the end of those stages might be difficult to fix during the post-placement implementation flow and could be the result of non-optimal XDC constraints or non-optimal design architecture
Related violations: <none>

TIMING-16#310 Warning
Large setup violation  
There is a large setup violation of -1.550 ns between ddr_renderer_top_inst/graphics_inst/projector_inst/p_0_out__10/CLK (clocked by clk_out4_div_clk_wiz_1) and ddr_renderer_top_inst/graphics_inst/projector_inst/divider_i_369_psdsp/D (clocked by clk_out4_div_clk_wiz_1). Large setup violations at the end of those stages might be difficult to fix during the post-placement implementation flow and could be the result of non-optimal XDC constraints or non-optimal design architecture
Related violations: <none>

TIMING-16#311 Warning
Large setup violation  
There is a large setup violation of -1.563 ns between ddr_renderer_top_inst/ddr3_arbiter_inst/phy_instance/r_mem_rst_reg/C (clocked by clk_out4_div_clk_wiz_1) and ddr_renderer_top_inst/ddr3_arbiter_inst/phy_instance/genblk11[3].iserdes_dq_inst/RST (clocked by clk_out4_div_clk_wiz_1). Large setup violations at the end of those stages might be difficult to fix during the post-placement implementation flow and could be the result of non-optimal XDC constraints or non-optimal design architecture
Related violations: <none>

TIMING-16#312 Warning
Large setup violation  
There is a large setup violation of -1.589 ns between ddr_renderer_top_inst/graphics_inst/projector_inst/p_0_out__6/CLK (clocked by clk_out4_div_clk_wiz_1) and ddr_renderer_top_inst/graphics_inst/projector_inst/divider_i_396_psdsp/D (clocked by clk_out4_div_clk_wiz_1). Large setup violations at the end of those stages might be difficult to fix during the post-placement implementation flow and could be the result of non-optimal XDC constraints or non-optimal design architecture
Related violations: <none>

TIMING-16#313 Warning
Large setup violation  
There is a large setup violation of -1.590 ns between ddr_renderer_top_inst/graphics_inst/projector_inst/p_0_out__6/CLK (clocked by clk_out4_div_clk_wiz_1) and ddr_renderer_top_inst/graphics_inst/projector_inst/divider_i_422_psdsp/D (clocked by clk_out4_div_clk_wiz_1). Large setup violations at the end of those stages might be difficult to fix during the post-placement implementation flow and could be the result of non-optimal XDC constraints or non-optimal design architecture
Related violations: <none>

TIMING-16#314 Warning
Large setup violation  
There is a large setup violation of -1.591 ns between ddr_renderer_top_inst/graphics_inst/projector_inst/dp_q_reg[2][x]__0/CLK (clocked by clk_out4_div_clk_wiz_1) and ddr_renderer_top_inst/graphics_inst/projector_inst/divider/U0/i_synth/i_has_input_skid.i_2to1/gen_has_z_tready.reg1_a_tdata_reg[29]/D (clocked by clk_out4_div_clk_wiz_1). Large setup violations at the end of those stages might be difficult to fix during the post-placement implementation flow and could be the result of non-optimal XDC constraints or non-optimal design architecture
Related violations: <none>

TIMING-16#315 Warning
Large setup violation  
There is a large setup violation of -1.591 ns between ddr_renderer_top_inst/graphics_inst/projector_inst/p_0_out__6/CLK (clocked by clk_out4_div_clk_wiz_1) and ddr_renderer_top_inst/graphics_inst/projector_inst/divider_i_452_psdsp/D (clocked by clk_out4_div_clk_wiz_1). Large setup violations at the end of those stages might be difficult to fix during the post-placement implementation flow and could be the result of non-optimal XDC constraints or non-optimal design architecture
Related violations: <none>

TIMING-16#316 Warning
Large setup violation  
There is a large setup violation of -1.594 ns between ddr_renderer_top_inst/graphics_inst/projector_inst/divider_i_487_psdsp/C (clocked by clk_out4_div_clk_wiz_1) and ddr_renderer_top_inst/graphics_inst/projector_inst/divider/U0/i_synth/i_has_input_skid.i_2to1/gen_has_z_tready.reg2_a_tdata_reg[28]/D (clocked by clk_out4_div_clk_wiz_1). Large setup violations at the end of those stages might be difficult to fix during the post-placement implementation flow and could be the result of non-optimal XDC constraints or non-optimal design architecture
Related violations: <none>

TIMING-16#317 Warning
Large setup violation  
There is a large setup violation of -1.605 ns between ddr_renderer_top_inst/dmc_inst/cache_state_q_reg[3]/C (clocked by clk_out4_div_clk_wiz_1) and ddr_renderer_top_inst/graphics_inst/model_engine_inst/FSM_onehot_model_engine_state_q_reg[4]/CE (clocked by clk_out4_div_clk_wiz_1). Large setup violations at the end of those stages might be difficult to fix during the post-placement implementation flow and could be the result of non-optimal XDC constraints or non-optimal design architecture
Related violations: <none>

TIMING-16#318 Warning
Large setup violation  
There is a large setup violation of -1.611 ns between ddr_renderer_top_inst/graphics_inst/projector_inst/divider/U0/i_synth/i_nonzero_fract.i_synth/opt_high_radix.i_nonzero_fract.i_high_radix/i_quotient_collector/i_typical_case.i_addsub/i_vx5_sp3.i_casc_dsp48.i_lower_p_balance/opt_has_pipe.first_q_reg[9]/C (clocked by clk_out4_div_clk_wiz_1) and ddr_renderer_top_inst/graphics_inst/projector_inst/op_y_q_reg[1][13]/D (clocked by clk_out4_div_clk_wiz_1). Large setup violations at the end of those stages might be difficult to fix during the post-placement implementation flow and could be the result of non-optimal XDC constraints or non-optimal design architecture
Related violations: <none>

TIMING-16#319 Warning
Large setup violation  
There is a large setup violation of -1.611 ns between ddr_renderer_top_inst/graphics_inst/projector_inst/op_x_q_reg[2][16]/C (clocked by clk_out4_div_clk_wiz_1) and ddr_renderer_top_inst/graphics_inst/rasterizer_inst/curr_addr_q_reg[7]/D (clocked by clk_out4_div_clk_wiz_1). Large setup violations at the end of those stages might be difficult to fix during the post-placement implementation flow and could be the result of non-optimal XDC constraints or non-optimal design architecture
Related violations: <none>

TIMING-16#320 Warning
Large setup violation  
There is a large setup violation of -1.611 ns between ddr_renderer_top_inst/graphics_inst/projector_inst/p_0_out__6/CLK (clocked by clk_out4_div_clk_wiz_1) and ddr_renderer_top_inst/graphics_inst/projector_inst/divider_i_248_psdsp/D (clocked by clk_out4_div_clk_wiz_1). Large setup violations at the end of those stages might be difficult to fix during the post-placement implementation flow and could be the result of non-optimal XDC constraints or non-optimal design architecture
Related violations: <none>

TIMING-16#321 Warning
Large setup violation  
There is a large setup violation of -1.611 ns between ddr_renderer_top_inst/graphics_inst/projector_inst/p_0_out__6/CLK (clocked by clk_out4_div_clk_wiz_1) and ddr_renderer_top_inst/graphics_inst/projector_inst/divider_i_398_psdsp/D (clocked by clk_out4_div_clk_wiz_1). Large setup violations at the end of those stages might be difficult to fix during the post-placement implementation flow and could be the result of non-optimal XDC constraints or non-optimal design architecture
Related violations: <none>

TIMING-16#322 Warning
Large setup violation  
There is a large setup violation of -1.625 ns between ddr_renderer_top_inst/graphics_inst/projector_inst/p_0_out__2/CLK (clocked by clk_out4_div_clk_wiz_1) and ddr_renderer_top_inst/graphics_inst/projector_inst/divider_i_436_psdsp/D (clocked by clk_out4_div_clk_wiz_1). Large setup violations at the end of those stages might be difficult to fix during the post-placement implementation flow and could be the result of non-optimal XDC constraints or non-optimal design architecture
Related violations: <none>

TIMING-16#323 Warning
Large setup violation  
There is a large setup violation of -1.626 ns between ddr_renderer_top_inst/graphics_inst/projector_inst/p_0_out__2/CLK (clocked by clk_out4_div_clk_wiz_1) and ddr_renderer_top_inst/graphics_inst/projector_inst/divider_i_466_psdsp/D (clocked by clk_out4_div_clk_wiz_1). Large setup violations at the end of those stages might be difficult to fix during the post-placement implementation flow and could be the result of non-optimal XDC constraints or non-optimal design architecture
Related violations: <none>

TIMING-16#324 Warning
Large setup violation  
There is a large setup violation of -1.627 ns between ddr_renderer_top_inst/graphics_inst/projector_inst/p_0_out__6/CLK (clocked by clk_out4_div_clk_wiz_1) and ddr_renderer_top_inst/graphics_inst/projector_inst/divider_i_374_psdsp/D (clocked by clk_out4_div_clk_wiz_1). Large setup violations at the end of those stages might be difficult to fix during the post-placement implementation flow and could be the result of non-optimal XDC constraints or non-optimal design architecture
Related violations: <none>

TIMING-16#325 Warning
Large setup violation  
There is a large setup violation of -1.631 ns between ddr_renderer_top_inst/graphics_inst/projector_inst/p_0_out__6/CLK (clocked by clk_out4_div_clk_wiz_1) and ddr_renderer_top_inst/graphics_inst/projector_inst/divider_i_479_psdsp/D (clocked by clk_out4_div_clk_wiz_1). Large setup violations at the end of those stages might be difficult to fix during the post-placement implementation flow and could be the result of non-optimal XDC constraints or non-optimal design architecture
Related violations: <none>

TIMING-16#326 Warning
Large setup violation  
There is a large setup violation of -1.632 ns between ddr_renderer_top_inst/graphics_inst/projector_inst/divider_i_487_psdsp/C (clocked by clk_out4_div_clk_wiz_1) and ddr_renderer_top_inst/graphics_inst/projector_inst/divider/U0/i_synth/i_has_input_skid.i_2to1/gen_has_z_tready.reg1_a_tdata_reg[21]/D (clocked by clk_out4_div_clk_wiz_1). Large setup violations at the end of those stages might be difficult to fix during the post-placement implementation flow and could be the result of non-optimal XDC constraints or non-optimal design architecture
Related violations: <none>

TIMING-16#327 Warning
Large setup violation  
There is a large setup violation of -1.634 ns between ddr_renderer_top_inst/graphics_inst/projector_inst/p_0_out__2/CLK (clocked by clk_out4_div_clk_wiz_1) and ddr_renderer_top_inst/graphics_inst/projector_inst/divider_i_467_psdsp/D (clocked by clk_out4_div_clk_wiz_1). Large setup violations at the end of those stages might be difficult to fix during the post-placement implementation flow and could be the result of non-optimal XDC constraints or non-optimal design architecture
Related violations: <none>

TIMING-16#328 Warning
Large setup violation  
There is a large setup violation of -1.635 ns between ddr_renderer_top_inst/graphics_inst/projector_inst/divider/U0/i_synth/i_nonzero_fract.i_synth/opt_high_radix.i_nonzero_fract.i_high_radix/i_quotient_collector/i_typical_case.i_addsub/i_vx5_sp3.i_casc_dsp48.i_lower_p_balance/opt_has_pipe.first_q_reg[9]/C (clocked by clk_out4_div_clk_wiz_1) and ddr_renderer_top_inst/graphics_inst/projector_inst/op_y_q_reg[2][13]/D (clocked by clk_out4_div_clk_wiz_1). Large setup violations at the end of those stages might be difficult to fix during the post-placement implementation flow and could be the result of non-optimal XDC constraints or non-optimal design architecture
Related violations: <none>

TIMING-16#329 Warning
Large setup violation  
There is a large setup violation of -1.640 ns between ddr_renderer_top_inst/graphics_inst/projector_inst/dp_q_reg[2][x]__0/CLK (clocked by clk_out4_div_clk_wiz_1) and ddr_renderer_top_inst/graphics_inst/projector_inst/divider/U0/i_synth/i_has_input_skid.i_2to1/gen_has_z_tready.reg2_a_tdata_reg[18]/D (clocked by clk_out4_div_clk_wiz_1). Large setup violations at the end of those stages might be difficult to fix during the post-placement implementation flow and could be the result of non-optimal XDC constraints or non-optimal design architecture
Related violations: <none>

TIMING-16#330 Warning
Large setup violation  
There is a large setup violation of -1.640 ns between ddr_renderer_top_inst/graphics_inst/projector_inst/p_0_out__2/CLK (clocked by clk_out4_div_clk_wiz_1) and ddr_renderer_top_inst/graphics_inst/projector_inst/divider_i_407_psdsp/D (clocked by clk_out4_div_clk_wiz_1). Large setup violations at the end of those stages might be difficult to fix during the post-placement implementation flow and could be the result of non-optimal XDC constraints or non-optimal design architecture
Related violations: <none>

TIMING-16#331 Warning
Large setup violation  
There is a large setup violation of -1.646 ns between ddr_renderer_top_inst/graphics_inst/projector_inst/divider_i_487_psdsp/C (clocked by clk_out4_div_clk_wiz_1) and ddr_renderer_top_inst/graphics_inst/projector_inst/divider/U0/i_synth/i_has_input_skid.i_2to1/gen_has_z_tready.reg1_a_tdata_reg[27]/D (clocked by clk_out4_div_clk_wiz_1). Large setup violations at the end of those stages might be difficult to fix during the post-placement implementation flow and could be the result of non-optimal XDC constraints or non-optimal design architecture
Related violations: <none>

TIMING-16#332 Warning
Large setup violation  
There is a large setup violation of -1.647 ns between ddr_renderer_top_inst/graphics_inst/projector_inst/p_0_out__2/CLK (clocked by clk_out4_div_clk_wiz_1) and ddr_renderer_top_inst/graphics_inst/projector_inst/divider_i_487_psdsp/D (clocked by clk_out4_div_clk_wiz_1). Large setup violations at the end of those stages might be difficult to fix during the post-placement implementation flow and could be the result of non-optimal XDC constraints or non-optimal design architecture
Related violations: <none>

TIMING-16#333 Warning
Large setup violation  
There is a large setup violation of -1.650 ns between ddr_renderer_top_inst/graphics_inst/projector_inst/p_0_out__2/CLK (clocked by clk_out4_div_clk_wiz_1) and ddr_renderer_top_inst/graphics_inst/projector_inst/divider_i_383_psdsp/D (clocked by clk_out4_div_clk_wiz_1). Large setup violations at the end of those stages might be difficult to fix during the post-placement implementation flow and could be the result of non-optimal XDC constraints or non-optimal design architecture
Related violations: <none>

TIMING-16#334 Warning
Large setup violation  
There is a large setup violation of -1.654 ns between ddr_renderer_top_inst/graphics_inst/projector_inst/p_0_out__2/CLK (clocked by clk_out4_div_clk_wiz_1) and ddr_renderer_top_inst/graphics_inst/projector_inst/divider_i_386_psdsp/D (clocked by clk_out4_div_clk_wiz_1). Large setup violations at the end of those stages might be difficult to fix during the post-placement implementation flow and could be the result of non-optimal XDC constraints or non-optimal design architecture
Related violations: <none>

TIMING-16#335 Warning
Large setup violation  
There is a large setup violation of -1.654 ns between ddr_renderer_top_inst/graphics_inst/projector_inst/p_0_out__2/CLK (clocked by clk_out4_div_clk_wiz_1) and ddr_renderer_top_inst/graphics_inst/projector_inst/divider_i_409_psdsp/D (clocked by clk_out4_div_clk_wiz_1). Large setup violations at the end of those stages might be difficult to fix during the post-placement implementation flow and could be the result of non-optimal XDC constraints or non-optimal design architecture
Related violations: <none>

TIMING-16#336 Warning
Large setup violation  
There is a large setup violation of -1.656 ns between ddr_renderer_top_inst/graphics_inst/projector_inst/p_0_out__2/CLK (clocked by clk_out4_div_clk_wiz_1) and ddr_renderer_top_inst/graphics_inst/projector_inst/divider_i_410_psdsp/D (clocked by clk_out4_div_clk_wiz_1). Large setup violations at the end of those stages might be difficult to fix during the post-placement implementation flow and could be the result of non-optimal XDC constraints or non-optimal design architecture
Related violations: <none>

TIMING-16#337 Warning
Large setup violation  
There is a large setup violation of -1.656 ns between ddr_renderer_top_inst/graphics_inst/projector_inst/p_0_out__2/CLK (clocked by clk_out4_div_clk_wiz_1) and ddr_renderer_top_inst/graphics_inst/projector_inst/divider_i_439_psdsp/D (clocked by clk_out4_div_clk_wiz_1). Large setup violations at the end of those stages might be difficult to fix during the post-placement implementation flow and could be the result of non-optimal XDC constraints or non-optimal design architecture
Related violations: <none>

TIMING-16#338 Warning
Large setup violation  
There is a large setup violation of -1.667 ns between ddr_renderer_top_inst/graphics_inst/projector_inst/p_0_out__10/CLK (clocked by clk_out4_div_clk_wiz_1) and ddr_renderer_top_inst/graphics_inst/projector_inst/divider_i_416_psdsp/D (clocked by clk_out4_div_clk_wiz_1). Large setup violations at the end of those stages might be difficult to fix during the post-placement implementation flow and could be the result of non-optimal XDC constraints or non-optimal design architecture
Related violations: <none>

TIMING-16#339 Warning
Large setup violation  
There is a large setup violation of -1.675 ns between ddr_renderer_top_inst/vga_controller_inst/hc_reg[2]/C (clocked by clk_out1_clk_wiz_0) and ddr_renderer_top_inst/frame_buffer_inst/bram0/U0/inst_blk_mem_gen/gnbram.gnativebmg.native_blk_mem_gen/valid.cstr/ramloop[0].ram.r/prim_noinit.ram/DEVICE_7SERIES.NO_BMM_INFO.TRUE_DP.SIMPLE_PRIM18.ram/ADDRBWRADDR[6] (clocked by clk_out4_div_clk_wiz_1). Large setup violations at the end of those stages might be difficult to fix during the post-placement implementation flow and could be the result of non-optimal XDC constraints or non-optimal design architecture
Related violations: <none>

TIMING-16#340 Warning
Large setup violation  
There is a large setup violation of -1.675 ns between ddr_renderer_top_inst/vga_controller_inst/vs_reg/C (clocked by clk_out1_clk_wiz_0) and ddr_renderer_top_inst/graphics_inst/FSM_sequential_graphics_state_q_reg[1]/D (clocked by clk_out4_div_clk_wiz_1). Large setup violations at the end of those stages might be difficult to fix during the post-placement implementation flow and could be the result of non-optimal XDC constraints or non-optimal design architecture
Related violations: <none>

TIMING-16#341 Warning
Large setup violation  
There is a large setup violation of -1.676 ns between ddr_renderer_top_inst/graphics_inst/projector_inst/p_0_out__6/CLK (clocked by clk_out4_div_clk_wiz_1) and ddr_renderer_top_inst/graphics_inst/projector_inst/divider_i_424_psdsp/D (clocked by clk_out4_div_clk_wiz_1). Large setup violations at the end of those stages might be difficult to fix during the post-placement implementation flow and could be the result of non-optimal XDC constraints or non-optimal design architecture
Related violations: <none>

TIMING-16#342 Warning
Large setup violation  
There is a large setup violation of -1.677 ns between ddr_renderer_top_inst/graphics_inst/projector_inst/p_0_out__10/CLK (clocked by clk_out4_div_clk_wiz_1) and ddr_renderer_top_inst/graphics_inst/projector_inst/divider_i_448_psdsp/D (clocked by clk_out4_div_clk_wiz_1). Large setup violations at the end of those stages might be difficult to fix during the post-placement implementation flow and could be the result of non-optimal XDC constraints or non-optimal design architecture
Related violations: <none>

TIMING-16#343 Warning
Large setup violation  
There is a large setup violation of -1.677 ns between ddr_renderer_top_inst/graphics_inst/projector_inst/p_0_out__10/CLK (clocked by clk_out4_div_clk_wiz_1) and ddr_renderer_top_inst/graphics_inst/projector_inst/divider_i_477_psdsp/D (clocked by clk_out4_div_clk_wiz_1). Large setup violations at the end of those stages might be difficult to fix during the post-placement implementation flow and could be the result of non-optimal XDC constraints or non-optimal design architecture
Related violations: <none>

TIMING-16#344 Warning
Large setup violation  
There is a large setup violation of -1.678 ns between ddr_renderer_top_inst/graphics_inst/projector_inst/p_0_out__6/CLK (clocked by clk_out4_div_clk_wiz_1) and ddr_renderer_top_inst/graphics_inst/projector_inst/divider_i_454_psdsp/D (clocked by clk_out4_div_clk_wiz_1). Large setup violations at the end of those stages might be difficult to fix during the post-placement implementation flow and could be the result of non-optimal XDC constraints or non-optimal design architecture
Related violations: <none>

TIMING-16#345 Warning
Large setup violation  
There is a large setup violation of -1.679 ns between ddr_renderer_top_inst/ddr3_arbiter_inst/phy_instance/r_mem_rst_reg/C (clocked by clk_out4_div_clk_wiz_1) and ddr_renderer_top_inst/ddr3_arbiter_inst/phy_instance/genblk11[9].iserdes_dq_inst/RST (clocked by clk_out4_div_clk_wiz_1). Large setup violations at the end of those stages might be difficult to fix during the post-placement implementation flow and could be the result of non-optimal XDC constraints or non-optimal design architecture
Related violations: <none>

TIMING-16#346 Warning
Large setup violation  
There is a large setup violation of -1.682 ns between ddr_renderer_top_inst/graphics_inst/projector_inst/divider/U0/i_synth/i_nonzero_fract.i_synth/opt_high_radix.i_nonzero_fract.i_high_radix/i_quotient_collector/i_typical_case.i_addsub/i_vx5_sp3.i_casc_dsp48.i_lower_p_balance/opt_has_pipe.first_q_reg[10]/C (clocked by clk_out4_div_clk_wiz_1) and ddr_renderer_top_inst/graphics_inst/projector_inst/op_y_q_reg[1][17]/D (clocked by clk_out4_div_clk_wiz_1). Large setup violations at the end of those stages might be difficult to fix during the post-placement implementation flow and could be the result of non-optimal XDC constraints or non-optimal design architecture
Related violations: <none>

TIMING-16#347 Warning
Large setup violation  
There is a large setup violation of -1.682 ns between ddr_renderer_top_inst/graphics_inst/projector_inst/p_0_out__6/CLK (clocked by clk_out4_div_clk_wiz_1) and ddr_renderer_top_inst/graphics_inst/projector_inst/divider_i_451_psdsp/D (clocked by clk_out4_div_clk_wiz_1). Large setup violations at the end of those stages might be difficult to fix during the post-placement implementation flow and could be the result of non-optimal XDC constraints or non-optimal design architecture
Related violations: <none>

TIMING-16#348 Warning
Large setup violation  
There is a large setup violation of -1.684 ns between ddr_renderer_top_inst/graphics_inst/projector_inst/divider/U0/i_synth/i_nonzero_fract.i_synth/opt_high_radix.i_nonzero_fract.i_high_radix/i_quotient_collector/i_typical_case.i_addsub/i_vx5_sp3.i_casc_dsp48.i_lower_p_balance/opt_has_pipe.first_q_reg[10]/C (clocked by clk_out4_div_clk_wiz_1) and ddr_renderer_top_inst/graphics_inst/projector_inst/op_y_q_reg[1][16]/D (clocked by clk_out4_div_clk_wiz_1). Large setup violations at the end of those stages might be difficult to fix during the post-placement implementation flow and could be the result of non-optimal XDC constraints or non-optimal design architecture
Related violations: <none>

TIMING-16#349 Warning
Large setup violation  
There is a large setup violation of -1.685 ns between ddr_renderer_top_inst/graphics_inst/projector_inst/dp_q_reg[2][x]__0/CLK (clocked by clk_out4_div_clk_wiz_1) and ddr_renderer_top_inst/graphics_inst/projector_inst/divider/U0/i_synth/i_has_input_skid.i_2to1/gen_has_z_tready.reg1_a_tdata_reg[26]/D (clocked by clk_out4_div_clk_wiz_1). Large setup violations at the end of those stages might be difficult to fix during the post-placement implementation flow and could be the result of non-optimal XDC constraints or non-optimal design architecture
Related violations: <none>

TIMING-16#350 Warning
Large setup violation  
There is a large setup violation of -1.694 ns between ddr_renderer_top_inst/vga_controller_inst/hc_reg[4]/C (clocked by clk_out1_clk_wiz_0) and ddr_renderer_top_inst/frame_buffer_inst/bram0/U0/inst_blk_mem_gen/gnbram.gnativebmg.native_blk_mem_gen/valid.cstr/ramloop[0].ram.r/prim_noinit.ram/DEVICE_7SERIES.NO_BMM_INFO.TRUE_DP.SIMPLE_PRIM18.ram/ADDRBWRADDR[8] (clocked by clk_out4_div_clk_wiz_1). Large setup violations at the end of those stages might be difficult to fix during the post-placement implementation flow and could be the result of non-optimal XDC constraints or non-optimal design architecture
Related violations: <none>

TIMING-16#351 Warning
Large setup violation  
There is a large setup violation of -1.699 ns between ddr_renderer_top_inst/graphics_inst/projector_inst/dp_q_reg[2][x]__0/CLK (clocked by clk_out4_div_clk_wiz_1) and ddr_renderer_top_inst/graphics_inst/projector_inst/divider/U0/i_synth/i_has_input_skid.i_2to1/gen_has_z_tready.reg2_a_tdata_reg[29]/D (clocked by clk_out4_div_clk_wiz_1). Large setup violations at the end of those stages might be difficult to fix during the post-placement implementation flow and could be the result of non-optimal XDC constraints or non-optimal design architecture
Related violations: <none>

TIMING-16#352 Warning
Large setup violation  
There is a large setup violation of -1.702 ns between ddr_renderer_top_inst/graphics_inst/projector_inst/p_0_out__2/CLK (clocked by clk_out4_div_clk_wiz_1) and ddr_renderer_top_inst/graphics_inst/projector_inst/divider_i_438_psdsp/D (clocked by clk_out4_div_clk_wiz_1). Large setup violations at the end of those stages might be difficult to fix during the post-placement implementation flow and could be the result of non-optimal XDC constraints or non-optimal design architecture
Related violations: <none>

TIMING-16#353 Warning
Large setup violation  
There is a large setup violation of -1.706 ns between ddr_renderer_top_inst/graphics_inst/projector_inst/divider/U0/i_synth/i_nonzero_fract.i_synth/opt_high_radix.i_nonzero_fract.i_high_radix/i_quotient_collector/i_typical_case.i_addsub/i_vx5_sp3.i_casc_dsp48.i_lower_p_balance/opt_has_pipe.first_q_reg[10]/C (clocked by clk_out4_div_clk_wiz_1) and ddr_renderer_top_inst/graphics_inst/projector_inst/op_y_q_reg[1][19]/D (clocked by clk_out4_div_clk_wiz_1). Large setup violations at the end of those stages might be difficult to fix during the post-placement implementation flow and could be the result of non-optimal XDC constraints or non-optimal design architecture
Related violations: <none>

TIMING-16#354 Warning
Large setup violation  
There is a large setup violation of -1.710 ns between ddr_renderer_top_inst/graphics_inst/projector_inst/p_0_out__2/CLK (clocked by clk_out4_div_clk_wiz_1) and ddr_renderer_top_inst/graphics_inst/projector_inst/divider_i_469_psdsp/D (clocked by clk_out4_div_clk_wiz_1). Large setup violations at the end of those stages might be difficult to fix during the post-placement implementation flow and could be the result of non-optimal XDC constraints or non-optimal design architecture
Related violations: <none>

TIMING-16#355 Warning
Large setup violation  
There is a large setup violation of -1.713 ns between ddr_renderer_top_inst/graphics_inst/projector_inst/p_0_out__10/CLK (clocked by clk_out4_div_clk_wiz_1) and ddr_renderer_top_inst/graphics_inst/projector_inst/divider_i_418_psdsp/D (clocked by clk_out4_div_clk_wiz_1). Large setup violations at the end of those stages might be difficult to fix during the post-placement implementation flow and could be the result of non-optimal XDC constraints or non-optimal design architecture
Related violations: <none>

TIMING-16#356 Warning
Large setup violation  
There is a large setup violation of -1.714 ns between ddr_renderer_top_inst/graphics_inst/projector_inst/p_0_out__10/CLK (clocked by clk_out4_div_clk_wiz_1) and ddr_renderer_top_inst/graphics_inst/projector_inst/divider_i_447_psdsp/D (clocked by clk_out4_div_clk_wiz_1). Large setup violations at the end of those stages might be difficult to fix during the post-placement implementation flow and could be the result of non-optimal XDC constraints or non-optimal design architecture
Related violations: <none>

TIMING-16#357 Warning
Large setup violation  
There is a large setup violation of -1.714 ns between ddr_renderer_top_inst/graphics_inst/projector_inst/p_0_out__10/CLK (clocked by clk_out4_div_clk_wiz_1) and ddr_renderer_top_inst/graphics_inst/projector_inst/divider_i_476_psdsp/D (clocked by clk_out4_div_clk_wiz_1). Large setup violations at the end of those stages might be difficult to fix during the post-placement implementation flow and could be the result of non-optimal XDC constraints or non-optimal design architecture
Related violations: <none>

TIMING-16#358 Warning
Large setup violation  
There is a large setup violation of -1.717 ns between ddr_renderer_top_inst/vga_controller_inst/hc_reg[8]/C (clocked by clk_out1_clk_wiz_0) and ddr_renderer_top_inst/frame_buffer_inst/bram0/U0/inst_blk_mem_gen/gnbram.gnativebmg.native_blk_mem_gen/valid.cstr/ramloop[0].ram.r/prim_noinit.ram/DEVICE_7SERIES.NO_BMM_INFO.TRUE_DP.SIMPLE_PRIM18.ram/ADDRBWRADDR[12] (clocked by clk_out4_div_clk_wiz_1). Large setup violations at the end of those stages might be difficult to fix during the post-placement implementation flow and could be the result of non-optimal XDC constraints or non-optimal design architecture
Related violations: <none>

TIMING-16#359 Warning
Large setup violation  
There is a large setup violation of -1.718 ns between ddr_renderer_top_inst/graphics_inst/projector_inst/p_0_out__10/CLK (clocked by clk_out4_div_clk_wiz_1) and ddr_renderer_top_inst/graphics_inst/projector_inst/divider_i_419_psdsp/D (clocked by clk_out4_div_clk_wiz_1). Large setup violations at the end of those stages might be difficult to fix during the post-placement implementation flow and could be the result of non-optimal XDC constraints or non-optimal design architecture
Related violations: <none>

TIMING-16#360 Warning
Large setup violation  
There is a large setup violation of -1.720 ns between ddr_renderer_top_inst/ddr3_arbiter_inst/phy_instance/rn_rddata_reg[17]/C (clocked by clk_out4_div_clk_wiz_1) and ddr_renderer_top_inst/ddr3_arbiter_inst/rdcal_instance/r5_calib_width_reg[0]/CE (clocked by clk_out4_div_clk_wiz_1). Large setup violations at the end of those stages might be difficult to fix during the post-placement implementation flow and could be the result of non-optimal XDC constraints or non-optimal design architecture
Related violations: <none>

TIMING-16#361 Warning
Large setup violation  
There is a large setup violation of -1.720 ns between ddr_renderer_top_inst/ddr3_arbiter_inst/phy_instance/rn_rddata_reg[17]/C (clocked by clk_out4_div_clk_wiz_1) and ddr_renderer_top_inst/ddr3_arbiter_inst/rdcal_instance/r5_calib_width_reg[1]/CE (clocked by clk_out4_div_clk_wiz_1). Large setup violations at the end of those stages might be difficult to fix during the post-placement implementation flow and could be the result of non-optimal XDC constraints or non-optimal design architecture
Related violations: <none>

TIMING-16#362 Warning
Large setup violation  
There is a large setup violation of -1.720 ns between ddr_renderer_top_inst/graphics_inst/projector_inst/divider_i_487_psdsp/C (clocked by clk_out4_div_clk_wiz_1) and ddr_renderer_top_inst/graphics_inst/projector_inst/divider/U0/i_synth/i_has_input_skid.i_2to1/gen_has_z_tready.reg2_a_tdata_reg[21]/D (clocked by clk_out4_div_clk_wiz_1). Large setup violations at the end of those stages might be difficult to fix during the post-placement implementation flow and could be the result of non-optimal XDC constraints or non-optimal design architecture
Related violations: <none>

TIMING-16#363 Warning
Large setup violation  
There is a large setup violation of -1.720 ns between ddr_renderer_top_inst/vga_controller_inst/vs_reg/C (clocked by clk_out1_clk_wiz_0) and ddr_renderer_top_inst/output_buffer_addr_reg[12]/CE (clocked by clk_out4_div_clk_wiz_1). Large setup violations at the end of those stages might be difficult to fix during the post-placement implementation flow and could be the result of non-optimal XDC constraints or non-optimal design architecture
Related violations: <none>

TIMING-16#364 Warning
Large setup violation  
There is a large setup violation of -1.720 ns between ddr_renderer_top_inst/vga_controller_inst/vs_reg/C (clocked by clk_out1_clk_wiz_0) and ddr_renderer_top_inst/output_buffer_addr_reg[15]/CE (clocked by clk_out4_div_clk_wiz_1). Large setup violations at the end of those stages might be difficult to fix during the post-placement implementation flow and could be the result of non-optimal XDC constraints or non-optimal design architecture
Related violations: <none>

TIMING-16#365 Warning
Large setup violation  
There is a large setup violation of -1.720 ns between ddr_renderer_top_inst/vga_controller_inst/vs_reg/C (clocked by clk_out1_clk_wiz_0) and ddr_renderer_top_inst/staging_buffer_addr_reg[12]/CE (clocked by clk_out4_div_clk_wiz_1). Large setup violations at the end of those stages might be difficult to fix during the post-placement implementation flow and could be the result of non-optimal XDC constraints or non-optimal design architecture
Related violations: <none>

TIMING-16#366 Warning
Large setup violation  
There is a large setup violation of -1.720 ns between ddr_renderer_top_inst/vga_controller_inst/vs_reg/C (clocked by clk_out1_clk_wiz_0) and ddr_renderer_top_inst/staging_buffer_addr_reg[15]/CE (clocked by clk_out4_div_clk_wiz_1). Large setup violations at the end of those stages might be difficult to fix during the post-placement implementation flow and could be the result of non-optimal XDC constraints or non-optimal design architecture
Related violations: <none>

TIMING-16#367 Warning
Large setup violation  
There is a large setup violation of -1.721 ns between ddr_renderer_top_inst/graphics_inst/projector_inst/divider/U0/i_synth/i_nonzero_fract.i_synth/opt_high_radix.i_nonzero_fract.i_high_radix/i_quotient_collector/i_typical_case.i_addsub/i_vx5_sp3.i_casc_dsp48.i_lower_p_balance/opt_has_pipe.first_q_reg[9]/C (clocked by clk_out4_div_clk_wiz_1) and ddr_renderer_top_inst/graphics_inst/projector_inst/op_y_q_reg[2][14]/D (clocked by clk_out4_div_clk_wiz_1). Large setup violations at the end of those stages might be difficult to fix during the post-placement implementation flow and could be the result of non-optimal XDC constraints or non-optimal design architecture
Related violations: <none>

TIMING-16#368 Warning
Large setup violation  
There is a large setup violation of -1.724 ns between ddr_renderer_top_inst/graphics_inst/projector_inst/p_0_out__6/CLK (clocked by clk_out4_div_clk_wiz_1) and ddr_renderer_top_inst/graphics_inst/projector_inst/divider_i_373_psdsp/D (clocked by clk_out4_div_clk_wiz_1). Large setup violations at the end of those stages might be difficult to fix during the post-placement implementation flow and could be the result of non-optimal XDC constraints or non-optimal design architecture
Related violations: <none>

TIMING-16#369 Warning
Large setup violation  
There is a large setup violation of -1.727 ns between ddr_renderer_top_inst/graphics_inst/projector_inst/p_0_out__10/CLK (clocked by clk_out4_div_clk_wiz_1) and ddr_renderer_top_inst/graphics_inst/projector_inst/divider_i_475_psdsp/D (clocked by clk_out4_div_clk_wiz_1). Large setup violations at the end of those stages might be difficult to fix during the post-placement implementation flow and could be the result of non-optimal XDC constraints or non-optimal design architecture
Related violations: <none>

TIMING-16#370 Warning
Large setup violation  
There is a large setup violation of -1.729 ns between ddr_renderer_top_inst/ddr3_arbiter_inst/phy_instance/rn_rddata_reg[17]/C (clocked by clk_out4_div_clk_wiz_1) and ddr_renderer_top_inst/ddr3_arbiter_inst/rdcal_instance/r5_calib_dqs_min_reg[0]/CE (clocked by clk_out4_div_clk_wiz_1). Large setup violations at the end of those stages might be difficult to fix during the post-placement implementation flow and could be the result of non-optimal XDC constraints or non-optimal design architecture
Related violations: <none>

TIMING-16#371 Warning
Large setup violation  
There is a large setup violation of -1.729 ns between ddr_renderer_top_inst/ddr3_arbiter_inst/phy_instance/rn_rddata_reg[17]/C (clocked by clk_out4_div_clk_wiz_1) and ddr_renderer_top_inst/ddr3_arbiter_inst/rdcal_instance/r5_calib_dqs_min_reg[1]/CE (clocked by clk_out4_div_clk_wiz_1). Large setup violations at the end of those stages might be difficult to fix during the post-placement implementation flow and could be the result of non-optimal XDC constraints or non-optimal design architecture
Related violations: <none>

TIMING-16#372 Warning
Large setup violation  
There is a large setup violation of -1.729 ns between ddr_renderer_top_inst/ddr3_arbiter_inst/phy_instance/rn_rddata_reg[17]/C (clocked by clk_out4_div_clk_wiz_1) and ddr_renderer_top_inst/ddr3_arbiter_inst/rdcal_instance/r5_calib_dqs_min_reg[2]/CE (clocked by clk_out4_div_clk_wiz_1). Large setup violations at the end of those stages might be difficult to fix during the post-placement implementation flow and could be the result of non-optimal XDC constraints or non-optimal design architecture
Related violations: <none>

TIMING-16#373 Warning
Large setup violation  
There is a large setup violation of -1.729 ns between ddr_renderer_top_inst/ddr3_arbiter_inst/phy_instance/rn_rddata_reg[17]/C (clocked by clk_out4_div_clk_wiz_1) and ddr_renderer_top_inst/ddr3_arbiter_inst/rdcal_instance/r5_calib_dqs_min_reg[3]/CE (clocked by clk_out4_div_clk_wiz_1). Large setup violations at the end of those stages might be difficult to fix during the post-placement implementation flow and could be the result of non-optimal XDC constraints or non-optimal design architecture
Related violations: <none>

TIMING-16#374 Warning
Large setup violation  
There is a large setup violation of -1.729 ns between ddr_renderer_top_inst/ddr3_arbiter_inst/phy_instance/rn_rddata_reg[17]/C (clocked by clk_out4_div_clk_wiz_1) and ddr_renderer_top_inst/ddr3_arbiter_inst/rdcal_instance/r5_calib_dqs_min_reg[4]/CE (clocked by clk_out4_div_clk_wiz_1). Large setup violations at the end of those stages might be difficult to fix during the post-placement implementation flow and could be the result of non-optimal XDC constraints or non-optimal design architecture
Related violations: <none>

TIMING-16#375 Warning
Large setup violation  
There is a large setup violation of -1.733 ns between ddr_renderer_top_inst/graphics_inst/projector_inst/divider/U0/i_synth/i_nonzero_fract.i_synth/opt_high_radix.i_nonzero_fract.i_high_radix/i_quotient_collector/i_typical_case.i_addsub/i_vx5_sp3.i_casc_dsp48.i_lower_p_balance/opt_has_pipe.first_q_reg[10]/C (clocked by clk_out4_div_clk_wiz_1) and ddr_renderer_top_inst/graphics_inst/projector_inst/op_y_q_reg[2][19]/D (clocked by clk_out4_div_clk_wiz_1). Large setup violations at the end of those stages might be difficult to fix during the post-placement implementation flow and could be the result of non-optimal XDC constraints or non-optimal design architecture
Related violations: <none>

TIMING-16#376 Warning
Large setup violation  
There is a large setup violation of -1.742 ns between ddr_renderer_top_inst/graphics_inst/projector_inst/divider/U0/i_synth/i_nonzero_fract.i_synth/opt_high_radix.i_nonzero_fract.i_high_radix/i_quotient_collector/i_typical_case.i_addsub/i_vx5_sp3.i_casc_dsp48.i_lower_p_balance/opt_has_pipe.first_q_reg[10]/C (clocked by clk_out4_div_clk_wiz_1) and ddr_renderer_top_inst/graphics_inst/projector_inst/op_y_q_reg[1][15]/D (clocked by clk_out4_div_clk_wiz_1). Large setup violations at the end of those stages might be difficult to fix during the post-placement implementation flow and could be the result of non-optimal XDC constraints or non-optimal design architecture
Related violations: <none>

TIMING-16#377 Warning
Large setup violation  
There is a large setup violation of -1.742 ns between ddr_renderer_top_inst/graphics_inst/projector_inst/p_0_out__2/CLK (clocked by clk_out4_div_clk_wiz_1) and ddr_renderer_top_inst/graphics_inst/projector_inst/divider_i_408_psdsp/D (clocked by clk_out4_div_clk_wiz_1). Large setup violations at the end of those stages might be difficult to fix during the post-placement implementation flow and could be the result of non-optimal XDC constraints or non-optimal design architecture
Related violations: <none>

TIMING-16#378 Warning
Large setup violation  
There is a large setup violation of -1.746 ns between ddr_renderer_top_inst/ddr3_arbiter_inst/phy_instance/cmdfifo_inst/U0/inst_fifo_gen/gconvfifo.rf/grf.rf/gntv_or_sync_fifo.mem/gbm.gbmg.gbmga.ngecc.bmg/inst_blk_mem_gen/gnbram.gnativebmg.native_blk_mem_gen/valid.cstr/ramloop[2].ram.r/prim_noinit.ram/DEVICE_7SERIES.NO_BMM_INFO.SDP.WIDE_PRIM36_NO_ECC.ram/CLKARDCLK (clocked by clk_out4_div_clk_wiz_1) and ddr_renderer_top_inst/ddr3_arbiter_inst/phy_instance/rn_state_2ahead_reg[1]/D (clocked by clk_out4_div_clk_wiz_1). Large setup violations at the end of those stages might be difficult to fix during the post-placement implementation flow and could be the result of non-optimal XDC constraints or non-optimal design architecture
Related violations: <none>

TIMING-16#379 Warning
Large setup violation  
There is a large setup violation of -1.746 ns between ddr_renderer_top_inst/graphics_inst/projector_inst/divider/U0/i_synth/i_nonzero_fract.i_synth/opt_high_radix.i_nonzero_fract.i_high_radix/i_quotient_collector/i_typical_case.i_addsub/i_vx5_sp3.i_casc_dsp48.i_lower_p_balance/opt_has_pipe.first_q_reg[9]/C (clocked by clk_out4_div_clk_wiz_1) and ddr_renderer_top_inst/graphics_inst/projector_inst/op_y_q_reg[1][14]/D (clocked by clk_out4_div_clk_wiz_1). Large setup violations at the end of those stages might be difficult to fix during the post-placement implementation flow and could be the result of non-optimal XDC constraints or non-optimal design architecture
Related violations: <none>

TIMING-16#380 Warning
Large setup violation  
There is a large setup violation of -1.761 ns between ddr_renderer_top_inst/graphics_inst/projector_inst/dp_q_reg[2][x]__0/CLK (clocked by clk_out4_div_clk_wiz_1) and ddr_renderer_top_inst/graphics_inst/projector_inst/divider/U0/i_synth/i_has_input_skid.i_2to1/gen_has_z_tready.reg1_a_tdata_reg[25]/D (clocked by clk_out4_div_clk_wiz_1). Large setup violations at the end of those stages might be difficult to fix during the post-placement implementation flow and could be the result of non-optimal XDC constraints or non-optimal design architecture
Related violations: <none>

TIMING-16#381 Warning
Large setup violation  
There is a large setup violation of -1.766 ns between ddr_renderer_top_inst/graphics_inst/projector_inst/divider/U0/i_synth/i_nonzero_fract.i_synth/opt_high_radix.i_nonzero_fract.i_high_radix/i_quotient_collector/i_typical_case.i_addsub/i_vx5_sp3.i_casc_dsp48.i_lower_p_balance/opt_has_pipe.first_q_reg[9]/C (clocked by clk_out4_div_clk_wiz_1) and ddr_renderer_top_inst/graphics_inst/projector_inst/op_y_q_reg[1][12]/D (clocked by clk_out4_div_clk_wiz_1). Large setup violations at the end of those stages might be difficult to fix during the post-placement implementation flow and could be the result of non-optimal XDC constraints or non-optimal design architecture
Related violations: <none>

TIMING-16#382 Warning
Large setup violation  
There is a large setup violation of -1.769 ns between ddr_renderer_top_inst/graphics_inst/projector_inst/divider/U0/i_synth/i_nonzero_fract.i_synth/opt_high_radix.i_nonzero_fract.i_high_radix/i_quotient_collector/i_typical_case.i_addsub/i_vx5_sp3.i_casc_dsp48.i_lower_p_balance/opt_has_pipe.first_q_reg[10]/C (clocked by clk_out4_div_clk_wiz_1) and ddr_renderer_top_inst/graphics_inst/projector_inst/op_y_q_reg[1][18]/D (clocked by clk_out4_div_clk_wiz_1). Large setup violations at the end of those stages might be difficult to fix during the post-placement implementation flow and could be the result of non-optimal XDC constraints or non-optimal design architecture
Related violations: <none>

TIMING-16#383 Warning
Large setup violation  
There is a large setup violation of -1.770 ns between ddr_renderer_top_inst/ddr3_arbiter_inst/phy_instance/rn_rddata_reg[17]/C (clocked by clk_out4_div_clk_wiz_1) and ddr_renderer_top_inst/ddr3_arbiter_inst/rdcal_instance/r5_calib_width_reg[2]/CE (clocked by clk_out4_div_clk_wiz_1). Large setup violations at the end of those stages might be difficult to fix during the post-placement implementation flow and could be the result of non-optimal XDC constraints or non-optimal design architecture
Related violations: <none>

TIMING-16#384 Warning
Large setup violation  
There is a large setup violation of -1.770 ns between ddr_renderer_top_inst/ddr3_arbiter_inst/phy_instance/rn_rddata_reg[17]/C (clocked by clk_out4_div_clk_wiz_1) and ddr_renderer_top_inst/ddr3_arbiter_inst/rdcal_instance/r5_calib_width_reg[3]/CE (clocked by clk_out4_div_clk_wiz_1). Large setup violations at the end of those stages might be difficult to fix during the post-placement implementation flow and could be the result of non-optimal XDC constraints or non-optimal design architecture
Related violations: <none>

TIMING-16#385 Warning
Large setup violation  
There is a large setup violation of -1.770 ns between ddr_renderer_top_inst/ddr3_arbiter_inst/phy_instance/rn_rddata_reg[17]/C (clocked by clk_out4_div_clk_wiz_1) and ddr_renderer_top_inst/ddr3_arbiter_inst/rdcal_instance/r5_calib_width_reg[4]/CE (clocked by clk_out4_div_clk_wiz_1). Large setup violations at the end of those stages might be difficult to fix during the post-placement implementation flow and could be the result of non-optimal XDC constraints or non-optimal design architecture
Related violations: <none>

TIMING-16#386 Warning
Large setup violation  
There is a large setup violation of -1.771 ns between ddr_renderer_top_inst/vga_controller_inst/vs_reg/C (clocked by clk_out1_clk_wiz_0) and ddr_renderer_top_inst/rd_addr_offset_reg[11]/R (clocked by clk_out4_div_clk_wiz_1). Large setup violations at the end of those stages might be difficult to fix during the post-placement implementation flow and could be the result of non-optimal XDC constraints or non-optimal design architecture
Related violations: <none>

TIMING-16#387 Warning
Large setup violation  
There is a large setup violation of -1.771 ns between ddr_renderer_top_inst/vga_controller_inst/vs_reg/C (clocked by clk_out1_clk_wiz_0) and ddr_renderer_top_inst/rd_addr_offset_reg[12]/R (clocked by clk_out4_div_clk_wiz_1). Large setup violations at the end of those stages might be difficult to fix during the post-placement implementation flow and could be the result of non-optimal XDC constraints or non-optimal design architecture
Related violations: <none>

TIMING-16#388 Warning
Large setup violation  
There is a large setup violation of -1.771 ns between ddr_renderer_top_inst/vga_controller_inst/vs_reg/C (clocked by clk_out1_clk_wiz_0) and ddr_renderer_top_inst/rd_addr_offset_reg[13]/R (clocked by clk_out4_div_clk_wiz_1). Large setup violations at the end of those stages might be difficult to fix during the post-placement implementation flow and could be the result of non-optimal XDC constraints or non-optimal design architecture
Related violations: <none>

TIMING-16#389 Warning
Large setup violation  
There is a large setup violation of -1.771 ns between ddr_renderer_top_inst/vga_controller_inst/vs_reg/C (clocked by clk_out1_clk_wiz_0) and ddr_renderer_top_inst/rd_addr_offset_reg[14]/R (clocked by clk_out4_div_clk_wiz_1). Large setup violations at the end of those stages might be difficult to fix during the post-placement implementation flow and could be the result of non-optimal XDC constraints or non-optimal design architecture
Related violations: <none>

TIMING-16#390 Warning
Large setup violation  
There is a large setup violation of -1.771 ns between ddr_renderer_top_inst/vga_controller_inst/vs_reg/C (clocked by clk_out1_clk_wiz_0) and ddr_renderer_top_inst/rd_addr_offset_reg[23]/R (clocked by clk_out4_div_clk_wiz_1). Large setup violations at the end of those stages might be difficult to fix during the post-placement implementation flow and could be the result of non-optimal XDC constraints or non-optimal design architecture
Related violations: <none>

TIMING-16#391 Warning
Large setup violation  
There is a large setup violation of -1.771 ns between ddr_renderer_top_inst/vga_controller_inst/vs_reg/C (clocked by clk_out1_clk_wiz_0) and ddr_renderer_top_inst/rd_addr_offset_reg[7]/R (clocked by clk_out4_div_clk_wiz_1). Large setup violations at the end of those stages might be difficult to fix during the post-placement implementation flow and could be the result of non-optimal XDC constraints or non-optimal design architecture
Related violations: <none>

TIMING-16#392 Warning
Large setup violation  
There is a large setup violation of -1.771 ns between ddr_renderer_top_inst/vga_controller_inst/vs_reg/C (clocked by clk_out1_clk_wiz_0) and ddr_renderer_top_inst/rd_addr_offset_reg[8]/R (clocked by clk_out4_div_clk_wiz_1). Large setup violations at the end of those stages might be difficult to fix during the post-placement implementation flow and could be the result of non-optimal XDC constraints or non-optimal design architecture
Related violations: <none>

TIMING-16#393 Warning
Large setup violation  
There is a large setup violation of -1.771 ns between ddr_renderer_top_inst/vga_controller_inst/vs_reg/C (clocked by clk_out1_clk_wiz_0) and ddr_renderer_top_inst/rd_addr_offset_reg[9]/R (clocked by clk_out4_div_clk_wiz_1). Large setup violations at the end of those stages might be difficult to fix during the post-placement implementation flow and could be the result of non-optimal XDC constraints or non-optimal design architecture
Related violations: <none>

TIMING-16#394 Warning
Large setup violation  
There is a large setup violation of -1.776 ns between ddr_renderer_top_inst/vga_controller_inst/vs_reg/C (clocked by clk_out1_clk_wiz_0) and ddr_renderer_top_inst/rd_addr_offset_reg[15]/R (clocked by clk_out4_div_clk_wiz_1). Large setup violations at the end of those stages might be difficult to fix during the post-placement implementation flow and could be the result of non-optimal XDC constraints or non-optimal design architecture
Related violations: <none>

TIMING-16#395 Warning
Large setup violation  
There is a large setup violation of -1.776 ns between ddr_renderer_top_inst/vga_controller_inst/vs_reg/C (clocked by clk_out1_clk_wiz_0) and ddr_renderer_top_inst/rd_addr_offset_reg[16]/R (clocked by clk_out4_div_clk_wiz_1). Large setup violations at the end of those stages might be difficult to fix during the post-placement implementation flow and could be the result of non-optimal XDC constraints or non-optimal design architecture
Related violations: <none>

TIMING-16#396 Warning
Large setup violation  
There is a large setup violation of -1.776 ns between ddr_renderer_top_inst/vga_controller_inst/vs_reg/C (clocked by clk_out1_clk_wiz_0) and ddr_renderer_top_inst/rd_addr_offset_reg[17]/R (clocked by clk_out4_div_clk_wiz_1). Large setup violations at the end of those stages might be difficult to fix during the post-placement implementation flow and could be the result of non-optimal XDC constraints or non-optimal design architecture
Related violations: <none>

TIMING-16#397 Warning
Large setup violation  
There is a large setup violation of -1.776 ns between ddr_renderer_top_inst/vga_controller_inst/vs_reg/C (clocked by clk_out1_clk_wiz_0) and ddr_renderer_top_inst/rd_addr_offset_reg[18]/R (clocked by clk_out4_div_clk_wiz_1). Large setup violations at the end of those stages might be difficult to fix during the post-placement implementation flow and could be the result of non-optimal XDC constraints or non-optimal design architecture
Related violations: <none>

TIMING-16#398 Warning
Large setup violation  
There is a large setup violation of -1.776 ns between ddr_renderer_top_inst/vga_controller_inst/vs_reg/C (clocked by clk_out1_clk_wiz_0) and ddr_renderer_top_inst/rd_addr_offset_reg[24]/R (clocked by clk_out4_div_clk_wiz_1). Large setup violations at the end of those stages might be difficult to fix during the post-placement implementation flow and could be the result of non-optimal XDC constraints or non-optimal design architecture
Related violations: <none>

TIMING-16#399 Warning
Large setup violation  
There is a large setup violation of -1.776 ns between ddr_renderer_top_inst/vga_controller_inst/vs_reg/C (clocked by clk_out1_clk_wiz_0) and ddr_renderer_top_inst/rd_addr_offset_reg[25]/R (clocked by clk_out4_div_clk_wiz_1). Large setup violations at the end of those stages might be difficult to fix during the post-placement implementation flow and could be the result of non-optimal XDC constraints or non-optimal design architecture
Related violations: <none>

TIMING-16#400 Warning
Large setup violation  
There is a large setup violation of -1.777 ns between ddr_renderer_top_inst/graphics_inst/projector_inst/p_0_out__10/CLK (clocked by clk_out4_div_clk_wiz_1) and ddr_renderer_top_inst/graphics_inst/projector_inst/divider_i_391_psdsp/D (clocked by clk_out4_div_clk_wiz_1). Large setup violations at the end of those stages might be difficult to fix during the post-placement implementation flow and could be the result of non-optimal XDC constraints or non-optimal design architecture
Related violations: <none>

TIMING-16#401 Warning
Large setup violation  
There is a large setup violation of -1.777 ns between ddr_renderer_top_inst/graphics_inst/projector_inst/p_0_out__2/CLK (clocked by clk_out4_div_clk_wiz_1) and ddr_renderer_top_inst/graphics_inst/projector_inst/divider_i_488_psdsp/D (clocked by clk_out4_div_clk_wiz_1). Large setup violations at the end of those stages might be difficult to fix during the post-placement implementation flow and could be the result of non-optimal XDC constraints or non-optimal design architecture
Related violations: <none>

TIMING-16#402 Warning
Large setup violation  
There is a large setup violation of -1.782 ns between ddr_renderer_top_inst/graphics_inst/projector_inst/dp_q_reg[2][x]__0/CLK (clocked by clk_out4_div_clk_wiz_1) and ddr_renderer_top_inst/graphics_inst/projector_inst/divider/U0/i_synth/i_has_input_skid.i_2to1/gen_has_z_tready.reg2_a_tdata_reg[25]/D (clocked by clk_out4_div_clk_wiz_1). Large setup violations at the end of those stages might be difficult to fix during the post-placement implementation flow and could be the result of non-optimal XDC constraints or non-optimal design architecture
Related violations: <none>

TIMING-16#403 Warning
Large setup violation  
There is a large setup violation of -1.786 ns between ddr_renderer_top_inst/vga_controller_inst/vc_reg[7]/C (clocked by clk_out1_clk_wiz_0) and ddr_renderer_top_inst/FSM_onehot_fbuf_wr_state_q_reg[5]/D (clocked by clk_out4_div_clk_wiz_1). Large setup violations at the end of those stages might be difficult to fix during the post-placement implementation flow and could be the result of non-optimal XDC constraints or non-optimal design architecture
Related violations: <none>

TIMING-16#404 Warning
Large setup violation  
There is a large setup violation of -1.793 ns between ddr_renderer_top_inst/ddr3_arbiter_inst/phy_instance/r_mem_rst_reg/C (clocked by clk_out4_div_clk_wiz_1) and ddr_renderer_top_inst/ddr3_arbiter_inst/phy_instance/genblk11[2].iserdes_dq_inst/RST (clocked by clk_out4_div_clk_wiz_1). Large setup violations at the end of those stages might be difficult to fix during the post-placement implementation flow and could be the result of non-optimal XDC constraints or non-optimal design architecture
Related violations: <none>

TIMING-16#405 Warning
Large setup violation  
There is a large setup violation of -1.795 ns between ddr_renderer_top_inst/vga_controller_inst/hc_reg[5]/C (clocked by clk_out1_clk_wiz_0) and ddr_renderer_top_inst/frame_buffer_inst/bram0/U0/inst_blk_mem_gen/gnbram.gnativebmg.native_blk_mem_gen/valid.cstr/ramloop[0].ram.r/prim_noinit.ram/DEVICE_7SERIES.NO_BMM_INFO.TRUE_DP.SIMPLE_PRIM18.ram/ADDRBWRADDR[9] (clocked by clk_out4_div_clk_wiz_1). Large setup violations at the end of those stages might be difficult to fix during the post-placement implementation flow and could be the result of non-optimal XDC constraints or non-optimal design architecture
Related violations: <none>

TIMING-16#406 Warning
Large setup violation  
There is a large setup violation of -1.797 ns between ddr_renderer_top_inst/graphics_inst/projector_inst/divider/U0/i_synth/i_nonzero_fract.i_synth/opt_high_radix.i_nonzero_fract.i_high_radix/i_quotient_collector/i_typical_case.i_addsub/i_vx5_sp3.i_casc_dsp48.i_lower_p_balance/opt_has_pipe.first_q_reg[10]/C (clocked by clk_out4_div_clk_wiz_1) and ddr_renderer_top_inst/graphics_inst/projector_inst/op_y_q_reg[2][17]/D (clocked by clk_out4_div_clk_wiz_1). Large setup violations at the end of those stages might be difficult to fix during the post-placement implementation flow and could be the result of non-optimal XDC constraints or non-optimal design architecture
Related violations: <none>

TIMING-16#407 Warning
Large setup violation  
There is a large setup violation of -1.797 ns between ddr_renderer_top_inst/graphics_inst/projector_inst/divider/U0/i_synth/i_nonzero_fract.i_synth/opt_high_radix.i_nonzero_fract.i_high_radix/i_quotient_collector/i_typical_case.i_addsub/i_vx5_sp3.i_casc_dsp48.i_lower_p_balance/opt_has_pipe.first_q_reg[10]/C (clocked by clk_out4_div_clk_wiz_1) and ddr_renderer_top_inst/graphics_inst/projector_inst/op_y_q_reg[2][18]/D (clocked by clk_out4_div_clk_wiz_1). Large setup violations at the end of those stages might be difficult to fix during the post-placement implementation flow and could be the result of non-optimal XDC constraints or non-optimal design architecture
Related violations: <none>

TIMING-16#408 Warning
Large setup violation  
There is a large setup violation of -1.799 ns between ddr_renderer_top_inst/graphics_inst/projector_inst/p_0_out__2/CLK (clocked by clk_out4_div_clk_wiz_1) and ddr_renderer_top_inst/graphics_inst/projector_inst/divider_i_385_psdsp/D (clocked by clk_out4_div_clk_wiz_1). Large setup violations at the end of those stages might be difficult to fix during the post-placement implementation flow and could be the result of non-optimal XDC constraints or non-optimal design architecture
Related violations: <none>

TIMING-16#409 Warning
Large setup violation  
There is a large setup violation of -1.801 ns between ddr_renderer_top_inst/vga_controller_inst/hc_reg[6]/C (clocked by clk_out1_clk_wiz_0) and ddr_renderer_top_inst/frame_buffer_inst/bram0/U0/inst_blk_mem_gen/gnbram.gnativebmg.native_blk_mem_gen/valid.cstr/ramloop[0].ram.r/prim_noinit.ram/DEVICE_7SERIES.NO_BMM_INFO.TRUE_DP.SIMPLE_PRIM18.ram/ADDRBWRADDR[10] (clocked by clk_out4_div_clk_wiz_1). Large setup violations at the end of those stages might be difficult to fix during the post-placement implementation flow and could be the result of non-optimal XDC constraints or non-optimal design architecture
Related violations: <none>

TIMING-16#410 Warning
Large setup violation  
There is a large setup violation of -1.804 ns between ddr_renderer_top_inst/vga_controller_inst/vs_reg/C (clocked by clk_out1_clk_wiz_0) and ddr_renderer_top_inst/output_buffer_addr_reg[13]/CE (clocked by clk_out4_div_clk_wiz_1). Large setup violations at the end of those stages might be difficult to fix during the post-placement implementation flow and could be the result of non-optimal XDC constraints or non-optimal design architecture
Related violations: <none>

TIMING-16#411 Warning
Large setup violation  
There is a large setup violation of -1.804 ns between ddr_renderer_top_inst/vga_controller_inst/vs_reg/C (clocked by clk_out1_clk_wiz_0) and ddr_renderer_top_inst/output_buffer_addr_reg[18]/CE (clocked by clk_out4_div_clk_wiz_1). Large setup violations at the end of those stages might be difficult to fix during the post-placement implementation flow and could be the result of non-optimal XDC constraints or non-optimal design architecture
Related violations: <none>

TIMING-16#412 Warning
Large setup violation  
There is a large setup violation of -1.804 ns between ddr_renderer_top_inst/vga_controller_inst/vs_reg/C (clocked by clk_out1_clk_wiz_0) and ddr_renderer_top_inst/staging_buffer_addr_reg[13]/CE (clocked by clk_out4_div_clk_wiz_1). Large setup violations at the end of those stages might be difficult to fix during the post-placement implementation flow and could be the result of non-optimal XDC constraints or non-optimal design architecture
Related violations: <none>

TIMING-16#413 Warning
Large setup violation  
There is a large setup violation of -1.804 ns between ddr_renderer_top_inst/vga_controller_inst/vs_reg/C (clocked by clk_out1_clk_wiz_0) and ddr_renderer_top_inst/staging_buffer_addr_reg[18]/CE (clocked by clk_out4_div_clk_wiz_1). Large setup violations at the end of those stages might be difficult to fix during the post-placement implementation flow and could be the result of non-optimal XDC constraints or non-optimal design architecture
Related violations: <none>

TIMING-16#414 Warning
Large setup violation  
There is a large setup violation of -1.818 ns between ddr_renderer_top_inst/graphics_inst/projector_inst/dp_q_reg[2][x]__0/CLK (clocked by clk_out4_div_clk_wiz_1) and ddr_renderer_top_inst/graphics_inst/projector_inst/divider/U0/i_synth/i_has_input_skid.i_2to1/gen_has_z_tready.reg2_a_tdata_reg[26]/D (clocked by clk_out4_div_clk_wiz_1). Large setup violations at the end of those stages might be difficult to fix during the post-placement implementation flow and could be the result of non-optimal XDC constraints or non-optimal design architecture
Related violations: <none>

TIMING-16#415 Warning
Large setup violation  
There is a large setup violation of -1.830 ns between ddr_renderer_top_inst/graphics_inst/projector_inst/dp_q_reg[2][x]__0/CLK (clocked by clk_out4_div_clk_wiz_1) and ddr_renderer_top_inst/graphics_inst/projector_inst/divider/U0/i_synth/i_has_input_skid.i_2to1/gen_has_z_tready.reg2_a_tdata_reg[23]/D (clocked by clk_out4_div_clk_wiz_1). Large setup violations at the end of those stages might be difficult to fix during the post-placement implementation flow and could be the result of non-optimal XDC constraints or non-optimal design architecture
Related violations: <none>

TIMING-16#416 Warning
Large setup violation  
There is a large setup violation of -1.832 ns between ddr_renderer_top_inst/ddr3_arbiter_inst/phy_instance/r_mem_rst_reg/C (clocked by clk_out4_div_clk_wiz_1) and ddr_renderer_top_inst/ddr3_arbiter_inst/phy_instance/genblk11[15].iserdes_dq_inst/RST (clocked by clk_out4_div_clk_wiz_1). Large setup violations at the end of those stages might be difficult to fix during the post-placement implementation flow and could be the result of non-optimal XDC constraints or non-optimal design architecture
Related violations: <none>

TIMING-16#417 Warning
Large setup violation  
There is a large setup violation of -1.859 ns between ddr_renderer_top_inst/graphics_inst/projector_inst/op_x_q_reg[2][16]/C (clocked by clk_out4_div_clk_wiz_1) and ddr_renderer_top_inst/graphics_inst/rasterizer_inst/curr_addr_q_reg[8]/D (clocked by clk_out4_div_clk_wiz_1). Large setup violations at the end of those stages might be difficult to fix during the post-placement implementation flow and could be the result of non-optimal XDC constraints or non-optimal design architecture
Related violations: <none>

TIMING-16#418 Warning
Large setup violation  
There is a large setup violation of -1.861 ns between ddr_renderer_top_inst/vga_controller_inst/hc_reg[7]/C (clocked by clk_out1_clk_wiz_0) and ddr_renderer_top_inst/frame_buffer_inst/bram0/U0/inst_blk_mem_gen/gnbram.gnativebmg.native_blk_mem_gen/valid.cstr/ramloop[0].ram.r/prim_noinit.ram/DEVICE_7SERIES.NO_BMM_INFO.TRUE_DP.SIMPLE_PRIM18.ram/ADDRBWRADDR[11] (clocked by clk_out4_div_clk_wiz_1). Large setup violations at the end of those stages might be difficult to fix during the post-placement implementation flow and could be the result of non-optimal XDC constraints or non-optimal design architecture
Related violations: <none>

TIMING-16#419 Warning
Large setup violation  
There is a large setup violation of -1.869 ns between ddr_renderer_top_inst/graphics_inst/projector_inst/divider/U0/i_synth/i_nonzero_fract.i_synth/opt_high_radix.i_nonzero_fract.i_high_radix/i_quotient_collector/i_typical_case.i_addsub/i_vx5_sp3.i_casc_dsp48.i_lower_p_balance/opt_has_pipe.first_q_reg[10]/C (clocked by clk_out4_div_clk_wiz_1) and ddr_renderer_top_inst/graphics_inst/projector_inst/op_y_q_reg[1][24]/D (clocked by clk_out4_div_clk_wiz_1). Large setup violations at the end of those stages might be difficult to fix during the post-placement implementation flow and could be the result of non-optimal XDC constraints or non-optimal design architecture
Related violations: <none>

TIMING-16#420 Warning
Large setup violation  
There is a large setup violation of -1.880 ns between ddr_renderer_top_inst/ddr3_arbiter_inst/phy_instance/r_mem_rst_reg/C (clocked by clk_out4_div_clk_wiz_1) and ddr_renderer_top_inst/ddr3_arbiter_inst/phy_instance/genblk12[3].oserdes_dq_inst/RST (clocked by clk_out4_div_clk_wiz_1). Large setup violations at the end of those stages might be difficult to fix during the post-placement implementation flow and could be the result of non-optimal XDC constraints or non-optimal design architecture
Related violations: <none>

TIMING-16#421 Warning
Large setup violation  
There is a large setup violation of -1.890 ns between ddr_renderer_top_inst/graphics_inst/projector_inst/divider/U0/i_synth/i_nonzero_fract.i_synth/opt_high_radix.i_nonzero_fract.i_high_radix/i_quotient_collector/i_typical_case.i_addsub/i_vx5_sp3.i_casc_dsp48.i_lower_p_balance/opt_has_pipe.first_q_reg[10]/C (clocked by clk_out4_div_clk_wiz_1) and ddr_renderer_top_inst/graphics_inst/projector_inst/op_y_q_reg[2][20]/D (clocked by clk_out4_div_clk_wiz_1). Large setup violations at the end of those stages might be difficult to fix during the post-placement implementation flow and could be the result of non-optimal XDC constraints or non-optimal design architecture
Related violations: <none>

TIMING-16#422 Warning
Large setup violation  
There is a large setup violation of -1.916 ns between ddr_renderer_top_inst/graphics_inst/projector_inst/divider/U0/i_synth/i_nonzero_fract.i_synth/opt_high_radix.i_nonzero_fract.i_high_radix/i_quotient_collector/i_typical_case.i_addsub/i_vx5_sp3.i_casc_dsp48.i_lower_p_balance/opt_has_pipe.first_q_reg[10]/C (clocked by clk_out4_div_clk_wiz_1) and ddr_renderer_top_inst/graphics_inst/projector_inst/op_y_q_reg[1][23]/D (clocked by clk_out4_div_clk_wiz_1). Large setup violations at the end of those stages might be difficult to fix during the post-placement implementation flow and could be the result of non-optimal XDC constraints or non-optimal design architecture
Related violations: <none>

TIMING-16#423 Warning
Large setup violation  
There is a large setup violation of -1.938 ns between ddr_renderer_top_inst/ddr3_arbiter_inst/phy_instance/r_mem_rst_reg/C (clocked by clk_out4_div_clk_wiz_1) and ddr_renderer_top_inst/ddr3_arbiter_inst/phy_instance/genblk11[6].iserdes_dq_inst/RST (clocked by clk_out4_div_clk_wiz_1). Large setup violations at the end of those stages might be difficult to fix during the post-placement implementation flow and could be the result of non-optimal XDC constraints or non-optimal design architecture
Related violations: <none>

TIMING-16#424 Warning
Large setup violation  
There is a large setup violation of -1.948 ns between ddr_renderer_top_inst/ddr3_arbiter_inst/phy_instance/r_mem_rst_reg/C (clocked by clk_out4_div_clk_wiz_1) and ddr_renderer_top_inst/ddr3_arbiter_inst/phy_instance/genblk11[0].iserdes_dq_inst/RST (clocked by clk_out4_div_clk_wiz_1). Large setup violations at the end of those stages might be difficult to fix during the post-placement implementation flow and could be the result of non-optimal XDC constraints or non-optimal design architecture
Related violations: <none>

TIMING-16#425 Warning
Large setup violation  
There is a large setup violation of -1.952 ns between ddr_renderer_top_inst/graphics_inst/projector_inst/divider/U0/i_synth/i_nonzero_fract.i_synth/opt_high_radix.i_nonzero_fract.i_high_radix/i_quotient_collector/i_typical_case.i_addsub/i_vx5_sp3.i_casc_dsp48.i_lower_p_balance/opt_has_pipe.first_q_reg[10]/C (clocked by clk_out4_div_clk_wiz_1) and ddr_renderer_top_inst/graphics_inst/projector_inst/op_y_q_reg[1][20]/D (clocked by clk_out4_div_clk_wiz_1). Large setup violations at the end of those stages might be difficult to fix during the post-placement implementation flow and could be the result of non-optimal XDC constraints or non-optimal design architecture
Related violations: <none>

TIMING-16#426 Warning
Large setup violation  
There is a large setup violation of -1.953 ns between ddr_renderer_top_inst/vga_controller_inst/vc_reg[7]/C (clocked by clk_out1_clk_wiz_0) and ddr_renderer_top_inst/old_vga_vde_reg/D (clocked by clk_out4_div_clk_wiz_1). Large setup violations at the end of those stages might be difficult to fix during the post-placement implementation flow and could be the result of non-optimal XDC constraints or non-optimal design architecture
Related violations: <none>

TIMING-16#427 Warning
Large setup violation  
There is a large setup violation of -1.965 ns between ddr_renderer_top_inst/graphics_inst/projector_inst/p_0_out__10/CLK (clocked by clk_out4_div_clk_wiz_1) and ddr_renderer_top_inst/graphics_inst/projector_inst/divider_i_449_psdsp/D (clocked by clk_out4_div_clk_wiz_1). Large setup violations at the end of those stages might be difficult to fix during the post-placement implementation flow and could be the result of non-optimal XDC constraints or non-optimal design architecture
Related violations: <none>

TIMING-16#428 Warning
Large setup violation  
There is a large setup violation of -1.968 ns between ddr_renderer_top_inst/graphics_inst/projector_inst/divider_i_487_psdsp/C (clocked by clk_out4_div_clk_wiz_1) and ddr_renderer_top_inst/graphics_inst/projector_inst/divider/U0/i_synth/i_has_input_skid.i_2to1/gen_has_z_tready.reg2_a_tdata_reg[27]/D (clocked by clk_out4_div_clk_wiz_1). Large setup violations at the end of those stages might be difficult to fix during the post-placement implementation flow and could be the result of non-optimal XDC constraints or non-optimal design architecture
Related violations: <none>

TIMING-16#429 Warning
Large setup violation  
There is a large setup violation of -1.975 ns between ddr_renderer_top_inst/graphics_inst/projector_inst/op_x_q_reg[2][16]/C (clocked by clk_out4_div_clk_wiz_1) and ddr_renderer_top_inst/graphics_inst/rasterizer_inst/curr_addr_q_reg[12]/D (clocked by clk_out4_div_clk_wiz_1). Large setup violations at the end of those stages might be difficult to fix during the post-placement implementation flow and could be the result of non-optimal XDC constraints or non-optimal design architecture
Related violations: <none>

TIMING-16#430 Warning
Large setup violation  
There is a large setup violation of -1.975 ns between ddr_renderer_top_inst/graphics_inst/projector_inst/p_0_out__2/CLK (clocked by clk_out4_div_clk_wiz_1) and ddr_renderer_top_inst/graphics_inst/projector_inst/divider_i_489_psdsp/D (clocked by clk_out4_div_clk_wiz_1). Large setup violations at the end of those stages might be difficult to fix during the post-placement implementation flow and could be the result of non-optimal XDC constraints or non-optimal design architecture
Related violations: <none>

TIMING-16#431 Warning
Large setup violation  
There is a large setup violation of -1.995 ns between ddr_renderer_top_inst/ddr3_arbiter_inst/phy_instance/r_mem_rst_reg/C (clocked by clk_out4_div_clk_wiz_1) and ddr_renderer_top_inst/ddr3_arbiter_inst/phy_instance/genblk12[9].oserdes_dq_inst/RST (clocked by clk_out4_div_clk_wiz_1). Large setup violations at the end of those stages might be difficult to fix during the post-placement implementation flow and could be the result of non-optimal XDC constraints or non-optimal design architecture
Related violations: <none>

TIMING-16#432 Warning
Large setup violation  
There is a large setup violation of -1.999 ns between ddr_renderer_top_inst/vga_controller_inst/hc_reg[9]/C (clocked by clk_out1_clk_wiz_0) and ddr_renderer_top_inst/frame_buffer_inst/bram0/U0/inst_blk_mem_gen/gnbram.gnativebmg.native_blk_mem_gen/valid.cstr/ramloop[0].ram.r/prim_noinit.ram/DEVICE_7SERIES.NO_BMM_INFO.TRUE_DP.SIMPLE_PRIM18.ram/ADDRBWRADDR[13] (clocked by clk_out4_div_clk_wiz_1). Large setup violations at the end of those stages might be difficult to fix during the post-placement implementation flow and could be the result of non-optimal XDC constraints or non-optimal design architecture
Related violations: <none>

TIMING-16#433 Warning
Large setup violation  
There is a large setup violation of -2.019 ns between ddr_renderer_top_inst/graphics_inst/projector_inst/p_0_out__2/CLK (clocked by clk_out4_div_clk_wiz_1) and ddr_renderer_top_inst/graphics_inst/projector_inst/divider_i_468_psdsp/D (clocked by clk_out4_div_clk_wiz_1). Large setup violations at the end of those stages might be difficult to fix during the post-placement implementation flow and could be the result of non-optimal XDC constraints or non-optimal design architecture
Related violations: <none>

TIMING-16#434 Warning
Large setup violation  
There is a large setup violation of -2.031 ns between ddr_renderer_top_inst/ddr3_arbiter_inst/phy_instance/r_mem_rst_reg/C (clocked by clk_out4_div_clk_wiz_1) and ddr_renderer_top_inst/ddr3_arbiter_inst/phy_instance/genblk12[4].oserdes_dq_inst/RST (clocked by clk_out4_div_clk_wiz_1). Large setup violations at the end of those stages might be difficult to fix during the post-placement implementation flow and could be the result of non-optimal XDC constraints or non-optimal design architecture
Related violations: <none>

TIMING-16#435 Warning
Large setup violation  
There is a large setup violation of -2.035 ns between ddr_renderer_top_inst/graphics_inst/projector_inst/divider/U0/i_synth/i_nonzero_fract.i_synth/opt_high_radix.i_nonzero_fract.i_high_radix/i_quotient_collector/i_typical_case.i_addsub/i_vx5_sp3.i_casc_dsp48.i_lower_p_balance/opt_has_pipe.first_q_reg[10]/C (clocked by clk_out4_div_clk_wiz_1) and ddr_renderer_top_inst/graphics_inst/projector_inst/op_y_q_reg[1][22]/D (clocked by clk_out4_div_clk_wiz_1). Large setup violations at the end of those stages might be difficult to fix during the post-placement implementation flow and could be the result of non-optimal XDC constraints or non-optimal design architecture
Related violations: <none>

TIMING-16#436 Warning
Large setup violation  
There is a large setup violation of -2.050 ns between ddr_renderer_top_inst/graphics_inst/projector_inst/op_x_q_reg[2][16]/C (clocked by clk_out4_div_clk_wiz_1) and ddr_renderer_top_inst/graphics_inst/rasterizer_inst/curr_addr_q_reg[10]/D (clocked by clk_out4_div_clk_wiz_1). Large setup violations at the end of those stages might be difficult to fix during the post-placement implementation flow and could be the result of non-optimal XDC constraints or non-optimal design architecture
Related violations: <none>

TIMING-16#437 Warning
Large setup violation  
There is a large setup violation of -2.063 ns between ddr_renderer_top_inst/graphics_inst/projector_inst/divider/U0/i_synth/i_nonzero_fract.i_synth/opt_high_radix.i_nonzero_fract.i_high_radix/i_quotient_collector/i_typical_case.i_addsub/i_vx5_sp3.i_casc_dsp48.i_lower_p_balance/opt_has_pipe.first_q_reg[10]/C (clocked by clk_out4_div_clk_wiz_1) and ddr_renderer_top_inst/graphics_inst/projector_inst/op_y_q_reg[2][25]/D (clocked by clk_out4_div_clk_wiz_1). Large setup violations at the end of those stages might be difficult to fix during the post-placement implementation flow and could be the result of non-optimal XDC constraints or non-optimal design architecture
Related violations: <none>

TIMING-16#438 Warning
Large setup violation  
There is a large setup violation of -2.075 ns between ddr_renderer_top_inst/graphics_inst/projector_inst/op_x_q_reg[2][16]/C (clocked by clk_out4_div_clk_wiz_1) and ddr_renderer_top_inst/graphics_inst/rasterizer_inst/curr_addr_q_reg[11]/D (clocked by clk_out4_div_clk_wiz_1). Large setup violations at the end of those stages might be difficult to fix during the post-placement implementation flow and could be the result of non-optimal XDC constraints or non-optimal design architecture
Related violations: <none>

TIMING-16#439 Warning
Large setup violation  
There is a large setup violation of -2.104 ns between ddr_renderer_top_inst/graphics_inst/projector_inst/divider/U0/i_synth/i_nonzero_fract.i_synth/opt_high_radix.i_nonzero_fract.i_high_radix/i_quotient_collector/i_typical_case.i_addsub/i_vx5_sp3.i_casc_dsp48.i_lower_p_balance/opt_has_pipe.first_q_reg[10]/C (clocked by clk_out4_div_clk_wiz_1) and ddr_renderer_top_inst/graphics_inst/projector_inst/op_y_q_reg[2][22]/D (clocked by clk_out4_div_clk_wiz_1). Large setup violations at the end of those stages might be difficult to fix during the post-placement implementation flow and could be the result of non-optimal XDC constraints or non-optimal design architecture
Related violations: <none>

TIMING-16#440 Warning
Large setup violation  
There is a large setup violation of -2.109 ns between ddr_renderer_top_inst/graphics_inst/projector_inst/op_x_q_reg[2][16]/C (clocked by clk_out4_div_clk_wiz_1) and ddr_renderer_top_inst/graphics_inst/rasterizer_inst/curr_addr_q_reg[13]/D (clocked by clk_out4_div_clk_wiz_1). Large setup violations at the end of those stages might be difficult to fix during the post-placement implementation flow and could be the result of non-optimal XDC constraints or non-optimal design architecture
Related violations: <none>

TIMING-16#441 Warning
Large setup violation  
There is a large setup violation of -2.111 ns between ddr_renderer_top_inst/ddr3_arbiter_inst/phy_instance/r_mem_rst_reg/C (clocked by clk_out4_div_clk_wiz_1) and ddr_renderer_top_inst/ddr3_arbiter_inst/phy_instance/genblk12[2].oserdes_dq_inst/RST (clocked by clk_out4_div_clk_wiz_1). Large setup violations at the end of those stages might be difficult to fix during the post-placement implementation flow and could be the result of non-optimal XDC constraints or non-optimal design architecture
Related violations: <none>

TIMING-16#442 Warning
Large setup violation  
There is a large setup violation of -2.112 ns between ddr_renderer_top_inst/graphics_inst/projector_inst/divider/U0/i_synth/i_nonzero_fract.i_synth/opt_high_radix.i_nonzero_fract.i_high_radix/i_quotient_collector/i_typical_case.i_addsub/i_vx5_sp3.i_casc_dsp48.i_lower_p_balance/opt_has_pipe.first_q_reg[10]/C (clocked by clk_out4_div_clk_wiz_1) and ddr_renderer_top_inst/graphics_inst/projector_inst/op_y_q_reg[2][27]/D (clocked by clk_out4_div_clk_wiz_1). Large setup violations at the end of those stages might be difficult to fix during the post-placement implementation flow and could be the result of non-optimal XDC constraints or non-optimal design architecture
Related violations: <none>

TIMING-16#443 Warning
Large setup violation  
There is a large setup violation of -2.113 ns between ddr_renderer_top_inst/graphics_inst/projector_inst/divider/U0/i_synth/i_nonzero_fract.i_synth/opt_high_radix.i_nonzero_fract.i_high_radix/i_quotient_collector/i_typical_case.i_addsub/i_vx5_sp3.i_casc_dsp48.i_lower_p_balance/opt_has_pipe.first_q_reg[10]/C (clocked by clk_out4_div_clk_wiz_1) and ddr_renderer_top_inst/graphics_inst/projector_inst/op_y_q_reg[1][26]/D (clocked by clk_out4_div_clk_wiz_1). Large setup violations at the end of those stages might be difficult to fix during the post-placement implementation flow and could be the result of non-optimal XDC constraints or non-optimal design architecture
Related violations: <none>

TIMING-16#444 Warning
Large setup violation  
There is a large setup violation of -2.121 ns between ddr_renderer_top_inst/graphics_inst/model_engine_inst/tz_q_reg[0][4]/C (clocked by clk_out4_div_clk_wiz_1) and ddr_renderer_top_inst/graphics_inst/projector_inst/dp_q_reg[0][z][2]/D (clocked by clk_out4_div_clk_wiz_1). Large setup violations at the end of those stages might be difficult to fix during the post-placement implementation flow and could be the result of non-optimal XDC constraints or non-optimal design architecture
Related violations: <none>

TIMING-16#445 Warning
Large setup violation  
There is a large setup violation of -2.126 ns between ddr_renderer_top_inst/graphics_inst/projector_inst/divider/U0/i_synth/i_nonzero_fract.i_synth/opt_high_radix.i_nonzero_fract.i_high_radix/i_quotient_collector/i_typical_case.i_addsub/i_vx5_sp3.i_casc_dsp48.i_lower_p_balance/opt_has_pipe.first_q_reg[10]/C (clocked by clk_out4_div_clk_wiz_1) and ddr_renderer_top_inst/graphics_inst/projector_inst/op_y_q_reg[2][23]/D (clocked by clk_out4_div_clk_wiz_1). Large setup violations at the end of those stages might be difficult to fix during the post-placement implementation flow and could be the result of non-optimal XDC constraints or non-optimal design architecture
Related violations: <none>

TIMING-16#446 Warning
Large setup violation  
There is a large setup violation of -2.128 ns between ddr_renderer_top_inst/graphics_inst/projector_inst/divider/U0/i_synth/i_nonzero_fract.i_synth/opt_high_radix.i_nonzero_fract.i_high_radix/i_quotient_collector/i_typical_case.i_addsub/i_vx5_sp3.i_casc_dsp48.i_lower_p_balance/opt_has_pipe.first_q_reg[10]/C (clocked by clk_out4_div_clk_wiz_1) and ddr_renderer_top_inst/graphics_inst/projector_inst/op_y_q_reg[1][21]/D (clocked by clk_out4_div_clk_wiz_1). Large setup violations at the end of those stages might be difficult to fix during the post-placement implementation flow and could be the result of non-optimal XDC constraints or non-optimal design architecture
Related violations: <none>

TIMING-16#447 Warning
Large setup violation  
There is a large setup violation of -2.149 ns between ddr_renderer_top_inst/ddr3_arbiter_inst/phy_instance/r_mem_rst_reg/C (clocked by clk_out4_div_clk_wiz_1) and ddr_renderer_top_inst/ddr3_arbiter_inst/phy_instance/genblk12[15].oserdes_dq_inst/RST (clocked by clk_out4_div_clk_wiz_1). Large setup violations at the end of those stages might be difficult to fix during the post-placement implementation flow and could be the result of non-optimal XDC constraints or non-optimal design architecture
Related violations: <none>

TIMING-16#448 Warning
Large setup violation  
There is a large setup violation of -2.149 ns between ddr_renderer_top_inst/vga_controller_inst/vs_reg/C (clocked by clk_out1_clk_wiz_0) and ddr_renderer_top_inst/rd_addr_offset_reg[10]/R (clocked by clk_out4_div_clk_wiz_1). Large setup violations at the end of those stages might be difficult to fix during the post-placement implementation flow and could be the result of non-optimal XDC constraints or non-optimal design architecture
Related violations: <none>

TIMING-16#449 Warning
Large setup violation  
There is a large setup violation of -2.149 ns between ddr_renderer_top_inst/vga_controller_inst/vs_reg/C (clocked by clk_out1_clk_wiz_0) and ddr_renderer_top_inst/rd_addr_offset_reg[19]/R (clocked by clk_out4_div_clk_wiz_1). Large setup violations at the end of those stages might be difficult to fix during the post-placement implementation flow and could be the result of non-optimal XDC constraints or non-optimal design architecture
Related violations: <none>

TIMING-16#450 Warning
Large setup violation  
There is a large setup violation of -2.149 ns between ddr_renderer_top_inst/vga_controller_inst/vs_reg/C (clocked by clk_out1_clk_wiz_0) and ddr_renderer_top_inst/rd_addr_offset_reg[20]/R (clocked by clk_out4_div_clk_wiz_1). Large setup violations at the end of those stages might be difficult to fix during the post-placement implementation flow and could be the result of non-optimal XDC constraints or non-optimal design architecture
Related violations: <none>

TIMING-16#451 Warning
Large setup violation  
There is a large setup violation of -2.149 ns between ddr_renderer_top_inst/vga_controller_inst/vs_reg/C (clocked by clk_out1_clk_wiz_0) and ddr_renderer_top_inst/rd_addr_offset_reg[21]/R (clocked by clk_out4_div_clk_wiz_1). Large setup violations at the end of those stages might be difficult to fix during the post-placement implementation flow and could be the result of non-optimal XDC constraints or non-optimal design architecture
Related violations: <none>

TIMING-16#452 Warning
Large setup violation  
There is a large setup violation of -2.149 ns between ddr_renderer_top_inst/vga_controller_inst/vs_reg/C (clocked by clk_out1_clk_wiz_0) and ddr_renderer_top_inst/rd_addr_offset_reg[22]/R (clocked by clk_out4_div_clk_wiz_1). Large setup violations at the end of those stages might be difficult to fix during the post-placement implementation flow and could be the result of non-optimal XDC constraints or non-optimal design architecture
Related violations: <none>

TIMING-16#453 Warning
Large setup violation  
There is a large setup violation of -2.161 ns between ddr_renderer_top_inst/graphics_inst/projector_inst/op_x_q_reg[2][16]/C (clocked by clk_out4_div_clk_wiz_1) and ddr_renderer_top_inst/graphics_inst/rasterizer_inst/curr_addr_q_reg[9]/D (clocked by clk_out4_div_clk_wiz_1). Large setup violations at the end of those stages might be difficult to fix during the post-placement implementation flow and could be the result of non-optimal XDC constraints or non-optimal design architecture
Related violations: <none>

TIMING-16#454 Warning
Large setup violation  
There is a large setup violation of -2.163 ns between ddr_renderer_top_inst/graphics_inst/projector_inst/op_x_q_reg[2][16]/C (clocked by clk_out4_div_clk_wiz_1) and ddr_renderer_top_inst/graphics_inst/rasterizer_inst/curr_addr_q_reg[19]/D (clocked by clk_out4_div_clk_wiz_1). Large setup violations at the end of those stages might be difficult to fix during the post-placement implementation flow and could be the result of non-optimal XDC constraints or non-optimal design architecture
Related violations: <none>

TIMING-16#455 Warning
Large setup violation  
There is a large setup violation of -2.167 ns between ddr_renderer_top_inst/graphics_inst/projector_inst/divider/U0/i_synth/i_nonzero_fract.i_synth/opt_high_radix.i_nonzero_fract.i_high_radix/i_quotient_collector/i_typical_case.i_addsub/i_vx5_sp3.i_casc_dsp48.i_lower_p_balance/opt_has_pipe.first_q_reg[10]/C (clocked by clk_out4_div_clk_wiz_1) and ddr_renderer_top_inst/graphics_inst/projector_inst/op_y_q_reg[1][27]/D (clocked by clk_out4_div_clk_wiz_1). Large setup violations at the end of those stages might be difficult to fix during the post-placement implementation flow and could be the result of non-optimal XDC constraints or non-optimal design architecture
Related violations: <none>

TIMING-16#456 Warning
Large setup violation  
There is a large setup violation of -2.179 ns between ddr_renderer_top_inst/graphics_inst/projector_inst/divider/U0/i_synth/i_nonzero_fract.i_synth/opt_high_radix.i_nonzero_fract.i_high_radix/i_quotient_collector/i_typical_case.i_addsub/i_vx5_sp3.i_casc_dsp48.i_lower_p_balance/opt_has_pipe.first_q_reg[10]/C (clocked by clk_out4_div_clk_wiz_1) and ddr_renderer_top_inst/graphics_inst/projector_inst/op_y_q_reg[1][29]/D (clocked by clk_out4_div_clk_wiz_1). Large setup violations at the end of those stages might be difficult to fix during the post-placement implementation flow and could be the result of non-optimal XDC constraints or non-optimal design architecture
Related violations: <none>

TIMING-16#457 Warning
Large setup violation  
There is a large setup violation of -2.180 ns between ddr_renderer_top_inst/graphics_inst/projector_inst/divider_i_487_psdsp/C (clocked by clk_out4_div_clk_wiz_1) and ddr_renderer_top_inst/graphics_inst/projector_inst/divider/U0/i_synth/i_has_input_skid.i_2to1/gen_has_z_tready.reg1_a_tdata_reg[24]/D (clocked by clk_out4_div_clk_wiz_1). Large setup violations at the end of those stages might be difficult to fix during the post-placement implementation flow and could be the result of non-optimal XDC constraints or non-optimal design architecture
Related violations: <none>

TIMING-16#458 Warning
Large setup violation  
There is a large setup violation of -2.189 ns between ddr_renderer_top_inst/graphics_inst/model_engine_inst/tz_q_reg[0][1]/C (clocked by clk_out4_div_clk_wiz_1) and ddr_renderer_top_inst/graphics_inst/projector_inst/dp_q_reg[0][z][0]/D (clocked by clk_out4_div_clk_wiz_1). Large setup violations at the end of those stages might be difficult to fix during the post-placement implementation flow and could be the result of non-optimal XDC constraints or non-optimal design architecture
Related violations: <none>

TIMING-16#459 Warning
Large setup violation  
There is a large setup violation of -2.191 ns between ddr_renderer_top_inst/graphics_inst/projector_inst/op_x_q_reg[2][16]/C (clocked by clk_out4_div_clk_wiz_1) and ddr_renderer_top_inst/graphics_inst/rasterizer_inst/curr_addr_q_reg[15]/D (clocked by clk_out4_div_clk_wiz_1). Large setup violations at the end of those stages might be difficult to fix during the post-placement implementation flow and could be the result of non-optimal XDC constraints or non-optimal design architecture
Related violations: <none>

TIMING-16#460 Warning
Large setup violation  
There is a large setup violation of -2.204 ns between ddr_renderer_top_inst/graphics_inst/projector_inst/divider/U0/i_synth/i_nonzero_fract.i_synth/opt_high_radix.i_nonzero_fract.i_high_radix/i_quotient_collector/i_typical_case.i_addsub/i_vx5_sp3.i_casc_dsp48.i_lower_p_balance/opt_has_pipe.first_q_reg[10]/C (clocked by clk_out4_div_clk_wiz_1) and ddr_renderer_top_inst/graphics_inst/projector_inst/op_y_q_reg[1][25]/D (clocked by clk_out4_div_clk_wiz_1). Large setup violations at the end of those stages might be difficult to fix during the post-placement implementation flow and could be the result of non-optimal XDC constraints or non-optimal design architecture
Related violations: <none>

TIMING-16#461 Warning
Large setup violation  
There is a large setup violation of -2.204 ns between ddr_renderer_top_inst/graphics_inst/projector_inst/divider/U0/i_synth/i_nonzero_fract.i_synth/opt_high_radix.i_nonzero_fract.i_high_radix/i_quotient_collector/i_typical_case.i_addsub/i_vx5_sp3.i_casc_dsp48.i_lower_p_balance/opt_has_pipe.first_q_reg[10]/C (clocked by clk_out4_div_clk_wiz_1) and ddr_renderer_top_inst/graphics_inst/projector_inst/op_y_q_reg[2][31]/D (clocked by clk_out4_div_clk_wiz_1). Large setup violations at the end of those stages might be difficult to fix during the post-placement implementation flow and could be the result of non-optimal XDC constraints or non-optimal design architecture
Related violations: <none>

TIMING-16#462 Warning
Large setup violation  
There is a large setup violation of -2.206 ns between ddr_renderer_top_inst/graphics_inst/projector_inst/divider/U0/i_synth/i_nonzero_fract.i_synth/opt_high_radix.i_nonzero_fract.i_high_radix/i_quotient_collector/i_typical_case.i_addsub/i_vx5_sp3.i_casc_dsp48.i_lower_p_balance/opt_has_pipe.first_q_reg[10]/C (clocked by clk_out4_div_clk_wiz_1) and ddr_renderer_top_inst/graphics_inst/projector_inst/op_y_q_reg[2][26]/D (clocked by clk_out4_div_clk_wiz_1). Large setup violations at the end of those stages might be difficult to fix during the post-placement implementation flow and could be the result of non-optimal XDC constraints or non-optimal design architecture
Related violations: <none>

TIMING-16#463 Warning
Large setup violation  
There is a large setup violation of -2.220 ns between ddr_renderer_top_inst/graphics_inst/projector_inst/divider/U0/i_synth/i_nonzero_fract.i_synth/opt_high_radix.i_nonzero_fract.i_high_radix/i_quotient_collector/i_typical_case.i_addsub/i_vx5_sp3.i_casc_dsp48.i_lower_p_balance/opt_has_pipe.first_q_reg[10]/C (clocked by clk_out4_div_clk_wiz_1) and ddr_renderer_top_inst/graphics_inst/projector_inst/op_y_q_reg[2][21]/D (clocked by clk_out4_div_clk_wiz_1). Large setup violations at the end of those stages might be difficult to fix during the post-placement implementation flow and could be the result of non-optimal XDC constraints or non-optimal design architecture
Related violations: <none>

TIMING-16#464 Warning
Large setup violation  
There is a large setup violation of -2.228 ns between ddr_renderer_top_inst/graphics_inst/model_engine_inst/tz_q_reg[0][4]/C (clocked by clk_out4_div_clk_wiz_1) and ddr_renderer_top_inst/graphics_inst/projector_inst/dp_q_reg[0][z][3]/D (clocked by clk_out4_div_clk_wiz_1). Large setup violations at the end of those stages might be difficult to fix during the post-placement implementation flow and could be the result of non-optimal XDC constraints or non-optimal design architecture
Related violations: <none>

TIMING-16#465 Warning
Large setup violation  
There is a large setup violation of -2.229 ns between ddr_renderer_top_inst/graphics_inst/projector_inst/divider/U0/i_synth/i_nonzero_fract.i_synth/opt_high_radix.i_nonzero_fract.i_high_radix/i_quotient_collector/i_typical_case.i_addsub/i_vx5_sp3.i_casc_dsp48.i_lower_p_balance/opt_has_pipe.first_q_reg[10]/C (clocked by clk_out4_div_clk_wiz_1) and ddr_renderer_top_inst/graphics_inst/projector_inst/op_y_q_reg[2][28]/D (clocked by clk_out4_div_clk_wiz_1). Large setup violations at the end of those stages might be difficult to fix during the post-placement implementation flow and could be the result of non-optimal XDC constraints or non-optimal design architecture
Related violations: <none>

TIMING-16#466 Warning
Large setup violation  
There is a large setup violation of -2.232 ns between ddr_renderer_top_inst/graphics_inst/projector_inst/op_x_q_reg[2][16]/C (clocked by clk_out4_div_clk_wiz_1) and ddr_renderer_top_inst/graphics_inst/rasterizer_inst/curr_addr_q_reg[16]/D (clocked by clk_out4_div_clk_wiz_1). Large setup violations at the end of those stages might be difficult to fix during the post-placement implementation flow and could be the result of non-optimal XDC constraints or non-optimal design architecture
Related violations: <none>

TIMING-16#467 Warning
Large setup violation  
There is a large setup violation of -2.240 ns between ddr_renderer_top_inst/graphics_inst/model_engine_inst/tz_q_reg[1][2]/C (clocked by clk_out4_div_clk_wiz_1) and ddr_renderer_top_inst/graphics_inst/projector_inst/dp_q_reg[1][z][3]/D (clocked by clk_out4_div_clk_wiz_1). Large setup violations at the end of those stages might be difficult to fix during the post-placement implementation flow and could be the result of non-optimal XDC constraints or non-optimal design architecture
Related violations: <none>

TIMING-16#468 Warning
Large setup violation  
There is a large setup violation of -2.255 ns between ddr_renderer_top_inst/graphics_inst/model_engine_inst/tz_q_reg[1][2]/C (clocked by clk_out4_div_clk_wiz_1) and ddr_renderer_top_inst/graphics_inst/projector_inst/dp_q_reg[1][z][1]/D (clocked by clk_out4_div_clk_wiz_1). Large setup violations at the end of those stages might be difficult to fix during the post-placement implementation flow and could be the result of non-optimal XDC constraints or non-optimal design architecture
Related violations: <none>

TIMING-16#469 Warning
Large setup violation  
There is a large setup violation of -2.256 ns between ddr_renderer_top_inst/ddr3_arbiter_inst/phy_instance/r_mem_rst_reg/C (clocked by clk_out4_div_clk_wiz_1) and ddr_renderer_top_inst/ddr3_arbiter_inst/phy_instance/genblk12[6].oserdes_dq_inst/RST (clocked by clk_out4_div_clk_wiz_1). Large setup violations at the end of those stages might be difficult to fix during the post-placement implementation flow and could be the result of non-optimal XDC constraints or non-optimal design architecture
Related violations: <none>

TIMING-16#470 Warning
Large setup violation  
There is a large setup violation of -2.259 ns between ddr_renderer_top_inst/graphics_inst/model_engine_inst/tz_q_reg[0][4]/C (clocked by clk_out4_div_clk_wiz_1) and ddr_renderer_top_inst/graphics_inst/projector_inst/dp_q_reg[0][z][1]/D (clocked by clk_out4_div_clk_wiz_1). Large setup violations at the end of those stages might be difficult to fix during the post-placement implementation flow and could be the result of non-optimal XDC constraints or non-optimal design architecture
Related violations: <none>

TIMING-16#471 Warning
Large setup violation  
There is a large setup violation of -2.266 ns between ddr_renderer_top_inst/ddr3_arbiter_inst/phy_instance/r_mem_rst_reg/C (clocked by clk_out4_div_clk_wiz_1) and ddr_renderer_top_inst/ddr3_arbiter_inst/phy_instance/genblk12[0].oserdes_dq_inst/RST (clocked by clk_out4_div_clk_wiz_1). Large setup violations at the end of those stages might be difficult to fix during the post-placement implementation flow and could be the result of non-optimal XDC constraints or non-optimal design architecture
Related violations: <none>

TIMING-16#472 Warning
Large setup violation  
There is a large setup violation of -2.316 ns between ddr_renderer_top_inst/graphics_inst/model_engine_inst/tz_q_reg[1][2]/C (clocked by clk_out4_div_clk_wiz_1) and ddr_renderer_top_inst/graphics_inst/projector_inst/dp_q_reg[1][z][4]/D (clocked by clk_out4_div_clk_wiz_1). Large setup violations at the end of those stages might be difficult to fix during the post-placement implementation flow and could be the result of non-optimal XDC constraints or non-optimal design architecture
Related violations: <none>

TIMING-16#473 Warning
Large setup violation  
There is a large setup violation of -2.331 ns between ddr_renderer_top_inst/graphics_inst/projector_inst/op_x_q_reg[2][16]/C (clocked by clk_out4_div_clk_wiz_1) and ddr_renderer_top_inst/graphics_inst/rasterizer_inst/curr_addr_q_reg[14]/D (clocked by clk_out4_div_clk_wiz_1). Large setup violations at the end of those stages might be difficult to fix during the post-placement implementation flow and could be the result of non-optimal XDC constraints or non-optimal design architecture
Related violations: <none>

TIMING-16#474 Warning
Large setup violation  
There is a large setup violation of -2.332 ns between ddr_renderer_top_inst/graphics_inst/projector_inst/divider/U0/i_synth/i_nonzero_fract.i_synth/opt_high_radix.i_nonzero_fract.i_high_radix/i_quotient_collector/i_typical_case.i_addsub/i_vx5_sp3.i_casc_dsp48.i_lower_p_balance/opt_has_pipe.first_q_reg[10]/C (clocked by clk_out4_div_clk_wiz_1) and ddr_renderer_top_inst/graphics_inst/projector_inst/op_y_q_reg[2][24]/D (clocked by clk_out4_div_clk_wiz_1). Large setup violations at the end of those stages might be difficult to fix during the post-placement implementation flow and could be the result of non-optimal XDC constraints or non-optimal design architecture
Related violations: <none>

TIMING-16#475 Warning
Large setup violation  
There is a large setup violation of -2.339 ns between ddr_renderer_top_inst/graphics_inst/model_engine_inst/tz_q_reg[0][4]/C (clocked by clk_out4_div_clk_wiz_1) and ddr_renderer_top_inst/graphics_inst/projector_inst/dp_q_reg[0][z][7]/D (clocked by clk_out4_div_clk_wiz_1). Large setup violations at the end of those stages might be difficult to fix during the post-placement implementation flow and could be the result of non-optimal XDC constraints or non-optimal design architecture
Related violations: <none>

TIMING-16#476 Warning
Large setup violation  
There is a large setup violation of -2.350 ns between ddr_renderer_top_inst/graphics_inst/projector_inst/divider/U0/i_synth/i_nonzero_fract.i_synth/opt_high_radix.i_nonzero_fract.i_high_radix/i_quotient_collector/i_typical_case.i_addsub/i_vx5_sp3.i_casc_dsp48.i_lower_p_balance/opt_has_pipe.first_q_reg[10]/C (clocked by clk_out4_div_clk_wiz_1) and ddr_renderer_top_inst/graphics_inst/projector_inst/op_y_q_reg[1][31]/D (clocked by clk_out4_div_clk_wiz_1). Large setup violations at the end of those stages might be difficult to fix during the post-placement implementation flow and could be the result of non-optimal XDC constraints or non-optimal design architecture
Related violations: <none>

TIMING-16#477 Warning
Large setup violation  
There is a large setup violation of -2.353 ns between ddr_renderer_top_inst/vga_controller_inst/vc_reg[7]/C (clocked by clk_out1_clk_wiz_0) and ddr_renderer_top_inst/rd_addr_offset_reg[10]/CE (clocked by clk_out4_div_clk_wiz_1). Large setup violations at the end of those stages might be difficult to fix during the post-placement implementation flow and could be the result of non-optimal XDC constraints or non-optimal design architecture
Related violations: <none>

TIMING-16#478 Warning
Large setup violation  
There is a large setup violation of -2.353 ns between ddr_renderer_top_inst/vga_controller_inst/vc_reg[7]/C (clocked by clk_out1_clk_wiz_0) and ddr_renderer_top_inst/rd_addr_offset_reg[19]/CE (clocked by clk_out4_div_clk_wiz_1). Large setup violations at the end of those stages might be difficult to fix during the post-placement implementation flow and could be the result of non-optimal XDC constraints or non-optimal design architecture
Related violations: <none>

TIMING-16#479 Warning
Large setup violation  
There is a large setup violation of -2.353 ns between ddr_renderer_top_inst/vga_controller_inst/vc_reg[7]/C (clocked by clk_out1_clk_wiz_0) and ddr_renderer_top_inst/rd_addr_offset_reg[20]/CE (clocked by clk_out4_div_clk_wiz_1). Large setup violations at the end of those stages might be difficult to fix during the post-placement implementation flow and could be the result of non-optimal XDC constraints or non-optimal design architecture
Related violations: <none>

TIMING-16#480 Warning
Large setup violation  
There is a large setup violation of -2.353 ns between ddr_renderer_top_inst/vga_controller_inst/vc_reg[7]/C (clocked by clk_out1_clk_wiz_0) and ddr_renderer_top_inst/rd_addr_offset_reg[21]/CE (clocked by clk_out4_div_clk_wiz_1). Large setup violations at the end of those stages might be difficult to fix during the post-placement implementation flow and could be the result of non-optimal XDC constraints or non-optimal design architecture
Related violations: <none>

TIMING-16#481 Warning
Large setup violation  
There is a large setup violation of -2.353 ns between ddr_renderer_top_inst/vga_controller_inst/vc_reg[7]/C (clocked by clk_out1_clk_wiz_0) and ddr_renderer_top_inst/rd_addr_offset_reg[22]/CE (clocked by clk_out4_div_clk_wiz_1). Large setup violations at the end of those stages might be difficult to fix during the post-placement implementation flow and could be the result of non-optimal XDC constraints or non-optimal design architecture
Related violations: <none>

TIMING-16#482 Warning
Large setup violation  
There is a large setup violation of -2.362 ns between ddr_renderer_top_inst/vga_controller_inst/vc_reg[7]/C (clocked by clk_out1_clk_wiz_0) and ddr_renderer_top_inst/FSM_onehot_fbuf_wr_state_q_reg[0]/D (clocked by clk_out4_div_clk_wiz_1). Large setup violations at the end of those stages might be difficult to fix during the post-placement implementation flow and could be the result of non-optimal XDC constraints or non-optimal design architecture
Related violations: <none>

TIMING-16#483 Warning
Large setup violation  
There is a large setup violation of -2.368 ns between ddr_renderer_top_inst/graphics_inst/projector_inst/divider_i_487_psdsp/C (clocked by clk_out4_div_clk_wiz_1) and ddr_renderer_top_inst/graphics_inst/projector_inst/divider/U0/i_synth/i_has_input_skid.i_2to1/gen_has_z_tready.reg2_a_tdata_reg[24]/D (clocked by clk_out4_div_clk_wiz_1). Large setup violations at the end of those stages might be difficult to fix during the post-placement implementation flow and could be the result of non-optimal XDC constraints or non-optimal design architecture
Related violations: <none>

TIMING-16#484 Warning
Large setup violation  
There is a large setup violation of -2.369 ns between ddr_renderer_top_inst/graphics_inst/model_engine_inst/tz_q_reg[1][2]/C (clocked by clk_out4_div_clk_wiz_1) and ddr_renderer_top_inst/graphics_inst/projector_inst/dp_q_reg[1][z][0]/D (clocked by clk_out4_div_clk_wiz_1). Large setup violations at the end of those stages might be difficult to fix during the post-placement implementation flow and could be the result of non-optimal XDC constraints or non-optimal design architecture
Related violations: <none>

TIMING-16#485 Warning
Large setup violation  
There is a large setup violation of -2.372 ns between ddr_renderer_top_inst/graphics_inst/projector_inst/op_x_q_reg[2][16]/C (clocked by clk_out4_div_clk_wiz_1) and ddr_renderer_top_inst/graphics_inst/rasterizer_inst/curr_addr_q_reg[17]/D (clocked by clk_out4_div_clk_wiz_1). Large setup violations at the end of those stages might be difficult to fix during the post-placement implementation flow and could be the result of non-optimal XDC constraints or non-optimal design architecture
Related violations: <none>

TIMING-16#486 Warning
Large setup violation  
There is a large setup violation of -2.376 ns between ddr_renderer_top_inst/graphics_inst/model_engine_inst/tz_q_reg[0][4]/C (clocked by clk_out4_div_clk_wiz_1) and ddr_renderer_top_inst/graphics_inst/projector_inst/dp_q_reg[0][z][5]/D (clocked by clk_out4_div_clk_wiz_1). Large setup violations at the end of those stages might be difficult to fix during the post-placement implementation flow and could be the result of non-optimal XDC constraints or non-optimal design architecture
Related violations: <none>

TIMING-16#487 Warning
Large setup violation  
There is a large setup violation of -2.379 ns between ddr_renderer_top_inst/graphics_inst/model_engine_inst/tz_q_reg[1][2]/C (clocked by clk_out4_div_clk_wiz_1) and ddr_renderer_top_inst/graphics_inst/projector_inst/dp_q_reg[1][z][5]/D (clocked by clk_out4_div_clk_wiz_1). Large setup violations at the end of those stages might be difficult to fix during the post-placement implementation flow and could be the result of non-optimal XDC constraints or non-optimal design architecture
Related violations: <none>

TIMING-16#488 Warning
Large setup violation  
There is a large setup violation of -2.380 ns between ddr_renderer_top_inst/graphics_inst/projector_inst/divider/U0/i_synth/i_nonzero_fract.i_synth/opt_high_radix.i_nonzero_fract.i_high_radix/i_quotient_collector/i_typical_case.i_addsub/i_vx5_sp3.i_casc_dsp48.i_lower_p_balance/opt_has_pipe.first_q_reg[10]/C (clocked by clk_out4_div_clk_wiz_1) and ddr_renderer_top_inst/graphics_inst/projector_inst/op_y_q_reg[1][28]/D (clocked by clk_out4_div_clk_wiz_1). Large setup violations at the end of those stages might be difficult to fix during the post-placement implementation flow and could be the result of non-optimal XDC constraints or non-optimal design architecture
Related violations: <none>

TIMING-16#489 Warning
Large setup violation  
There is a large setup violation of -2.381 ns between ddr_renderer_top_inst/graphics_inst/model_engine_inst/tz_q_reg[0][4]/C (clocked by clk_out4_div_clk_wiz_1) and ddr_renderer_top_inst/graphics_inst/projector_inst/dp_q_reg[0][z][4]/D (clocked by clk_out4_div_clk_wiz_1). Large setup violations at the end of those stages might be difficult to fix during the post-placement implementation flow and could be the result of non-optimal XDC constraints or non-optimal design architecture
Related violations: <none>

TIMING-16#490 Warning
Large setup violation  
There is a large setup violation of -2.389 ns between ddr_renderer_top_inst/graphics_inst/model_engine_inst/tz_q_reg[2][2]/C (clocked by clk_out4_div_clk_wiz_1) and ddr_renderer_top_inst/graphics_inst/projector_inst/dp_q_reg[2][z][3]/D (clocked by clk_out4_div_clk_wiz_1). Large setup violations at the end of those stages might be difficult to fix during the post-placement implementation flow and could be the result of non-optimal XDC constraints or non-optimal design architecture
Related violations: <none>

TIMING-16#491 Warning
Large setup violation  
There is a large setup violation of -2.393 ns between ddr_renderer_top_inst/graphics_inst/model_engine_inst/tz_q_reg[2][2]/C (clocked by clk_out4_div_clk_wiz_1) and ddr_renderer_top_inst/graphics_inst/projector_inst/dp_q_reg[2][z][1]/D (clocked by clk_out4_div_clk_wiz_1). Large setup violations at the end of those stages might be difficult to fix during the post-placement implementation flow and could be the result of non-optimal XDC constraints or non-optimal design architecture
Related violations: <none>

TIMING-16#492 Warning
Large setup violation  
There is a large setup violation of -2.406 ns between ddr_renderer_top_inst/vga_controller_inst/vc_reg[7]/C (clocked by clk_out1_clk_wiz_0) and ddr_renderer_top_inst/rd_addr_offset_reg[11]/CE (clocked by clk_out4_div_clk_wiz_1). Large setup violations at the end of those stages might be difficult to fix during the post-placement implementation flow and could be the result of non-optimal XDC constraints or non-optimal design architecture
Related violations: <none>

TIMING-16#493 Warning
Large setup violation  
There is a large setup violation of -2.406 ns between ddr_renderer_top_inst/vga_controller_inst/vc_reg[7]/C (clocked by clk_out1_clk_wiz_0) and ddr_renderer_top_inst/rd_addr_offset_reg[12]/CE (clocked by clk_out4_div_clk_wiz_1). Large setup violations at the end of those stages might be difficult to fix during the post-placement implementation flow and could be the result of non-optimal XDC constraints or non-optimal design architecture
Related violations: <none>

TIMING-16#494 Warning
Large setup violation  
There is a large setup violation of -2.406 ns between ddr_renderer_top_inst/vga_controller_inst/vc_reg[7]/C (clocked by clk_out1_clk_wiz_0) and ddr_renderer_top_inst/rd_addr_offset_reg[13]/CE (clocked by clk_out4_div_clk_wiz_1). Large setup violations at the end of those stages might be difficult to fix during the post-placement implementation flow and could be the result of non-optimal XDC constraints or non-optimal design architecture
Related violations: <none>

TIMING-16#495 Warning
Large setup violation  
There is a large setup violation of -2.406 ns between ddr_renderer_top_inst/vga_controller_inst/vc_reg[7]/C (clocked by clk_out1_clk_wiz_0) and ddr_renderer_top_inst/rd_addr_offset_reg[14]/CE (clocked by clk_out4_div_clk_wiz_1). Large setup violations at the end of those stages might be difficult to fix during the post-placement implementation flow and could be the result of non-optimal XDC constraints or non-optimal design architecture
Related violations: <none>

TIMING-16#496 Warning
Large setup violation  
There is a large setup violation of -2.406 ns between ddr_renderer_top_inst/vga_controller_inst/vc_reg[7]/C (clocked by clk_out1_clk_wiz_0) and ddr_renderer_top_inst/rd_addr_offset_reg[15]/CE (clocked by clk_out4_div_clk_wiz_1). Large setup violations at the end of those stages might be difficult to fix during the post-placement implementation flow and could be the result of non-optimal XDC constraints or non-optimal design architecture
Related violations: <none>

TIMING-16#497 Warning
Large setup violation  
There is a large setup violation of -2.406 ns between ddr_renderer_top_inst/vga_controller_inst/vc_reg[7]/C (clocked by clk_out1_clk_wiz_0) and ddr_renderer_top_inst/rd_addr_offset_reg[16]/CE (clocked by clk_out4_div_clk_wiz_1). Large setup violations at the end of those stages might be difficult to fix during the post-placement implementation flow and could be the result of non-optimal XDC constraints or non-optimal design architecture
Related violations: <none>

TIMING-16#498 Warning
Large setup violation  
There is a large setup violation of -2.406 ns between ddr_renderer_top_inst/vga_controller_inst/vc_reg[7]/C (clocked by clk_out1_clk_wiz_0) and ddr_renderer_top_inst/rd_addr_offset_reg[17]/CE (clocked by clk_out4_div_clk_wiz_1). Large setup violations at the end of those stages might be difficult to fix during the post-placement implementation flow and could be the result of non-optimal XDC constraints or non-optimal design architecture
Related violations: <none>

TIMING-16#499 Warning
Large setup violation  
There is a large setup violation of -2.406 ns between ddr_renderer_top_inst/vga_controller_inst/vc_reg[7]/C (clocked by clk_out1_clk_wiz_0) and ddr_renderer_top_inst/rd_addr_offset_reg[18]/CE (clocked by clk_out4_div_clk_wiz_1). Large setup violations at the end of those stages might be difficult to fix during the post-placement implementation flow and could be the result of non-optimal XDC constraints or non-optimal design architecture
Related violations: <none>

TIMING-16#500 Warning
Large setup violation  
There is a large setup violation of -2.406 ns between ddr_renderer_top_inst/vga_controller_inst/vc_reg[7]/C (clocked by clk_out1_clk_wiz_0) and ddr_renderer_top_inst/rd_addr_offset_reg[23]/CE (clocked by clk_out4_div_clk_wiz_1). Large setup violations at the end of those stages might be difficult to fix during the post-placement implementation flow and could be the result of non-optimal XDC constraints or non-optimal design architecture
Related violations: <none>

TIMING-16#501 Warning
Large setup violation  
There is a large setup violation of -2.406 ns between ddr_renderer_top_inst/vga_controller_inst/vc_reg[7]/C (clocked by clk_out1_clk_wiz_0) and ddr_renderer_top_inst/rd_addr_offset_reg[24]/CE (clocked by clk_out4_div_clk_wiz_1). Large setup violations at the end of those stages might be difficult to fix during the post-placement implementation flow and could be the result of non-optimal XDC constraints or non-optimal design architecture
Related violations: <none>

TIMING-16#502 Warning
Large setup violation  
There is a large setup violation of -2.406 ns between ddr_renderer_top_inst/vga_controller_inst/vc_reg[7]/C (clocked by clk_out1_clk_wiz_0) and ddr_renderer_top_inst/rd_addr_offset_reg[25]/CE (clocked by clk_out4_div_clk_wiz_1). Large setup violations at the end of those stages might be difficult to fix during the post-placement implementation flow and could be the result of non-optimal XDC constraints or non-optimal design architecture
Related violations: <none>

TIMING-16#503 Warning
Large setup violation  
There is a large setup violation of -2.406 ns between ddr_renderer_top_inst/vga_controller_inst/vc_reg[7]/C (clocked by clk_out1_clk_wiz_0) and ddr_renderer_top_inst/rd_addr_offset_reg[7]/CE (clocked by clk_out4_div_clk_wiz_1). Large setup violations at the end of those stages might be difficult to fix during the post-placement implementation flow and could be the result of non-optimal XDC constraints or non-optimal design architecture
Related violations: <none>

TIMING-16#504 Warning
Large setup violation  
There is a large setup violation of -2.406 ns between ddr_renderer_top_inst/vga_controller_inst/vc_reg[7]/C (clocked by clk_out1_clk_wiz_0) and ddr_renderer_top_inst/rd_addr_offset_reg[8]/CE (clocked by clk_out4_div_clk_wiz_1). Large setup violations at the end of those stages might be difficult to fix during the post-placement implementation flow and could be the result of non-optimal XDC constraints or non-optimal design architecture
Related violations: <none>

TIMING-16#505 Warning
Large setup violation  
There is a large setup violation of -2.406 ns between ddr_renderer_top_inst/vga_controller_inst/vc_reg[7]/C (clocked by clk_out1_clk_wiz_0) and ddr_renderer_top_inst/rd_addr_offset_reg[9]/CE (clocked by clk_out4_div_clk_wiz_1). Large setup violations at the end of those stages might be difficult to fix during the post-placement implementation flow and could be the result of non-optimal XDC constraints or non-optimal design architecture
Related violations: <none>

TIMING-16#506 Warning
Large setup violation  
There is a large setup violation of -2.424 ns between ddr_renderer_top_inst/graphics_inst/projector_inst/divider/U0/i_synth/i_nonzero_fract.i_synth/opt_high_radix.i_nonzero_fract.i_high_radix/i_quotient_collector/i_typical_case.i_addsub/i_vx5_sp3.i_casc_dsp48.i_lower_p_balance/opt_has_pipe.first_q_reg[10]/C (clocked by clk_out4_div_clk_wiz_1) and ddr_renderer_top_inst/graphics_inst/projector_inst/op_y_q_reg[1][30]/D (clocked by clk_out4_div_clk_wiz_1). Large setup violations at the end of those stages might be difficult to fix during the post-placement implementation flow and could be the result of non-optimal XDC constraints or non-optimal design architecture
Related violations: <none>

TIMING-16#507 Warning
Large setup violation  
There is a large setup violation of -2.435 ns between ddr_renderer_top_inst/graphics_inst/projector_inst/divider/U0/i_synth/i_nonzero_fract.i_synth/opt_high_radix.i_nonzero_fract.i_high_radix/i_quotient_collector/i_typical_case.i_addsub/i_vx5_sp3.i_casc_dsp48.i_lower_p_balance/opt_has_pipe.first_q_reg[10]/C (clocked by clk_out4_div_clk_wiz_1) and ddr_renderer_top_inst/graphics_inst/projector_inst/op_y_q_reg[2][30]/D (clocked by clk_out4_div_clk_wiz_1). Large setup violations at the end of those stages might be difficult to fix during the post-placement implementation flow and could be the result of non-optimal XDC constraints or non-optimal design architecture
Related violations: <none>

TIMING-16#508 Warning
Large setup violation  
There is a large setup violation of -2.436 ns between ddr_renderer_top_inst/graphics_inst/model_engine_inst/tz_q_reg[2][2]/C (clocked by clk_out4_div_clk_wiz_1) and ddr_renderer_top_inst/graphics_inst/projector_inst/dp_q_reg[2][z][0]/D (clocked by clk_out4_div_clk_wiz_1). Large setup violations at the end of those stages might be difficult to fix during the post-placement implementation flow and could be the result of non-optimal XDC constraints or non-optimal design architecture
Related violations: <none>

TIMING-16#509 Warning
Large setup violation  
There is a large setup violation of -2.452 ns between ddr_renderer_top_inst/vga_controller_inst/vc_reg[7]/C (clocked by clk_out1_clk_wiz_0) and ddr_renderer_top_inst/FSM_onehot_fbuf_wr_state_q_reg[2]/D (clocked by clk_out4_div_clk_wiz_1). Large setup violations at the end of those stages might be difficult to fix during the post-placement implementation flow and could be the result of non-optimal XDC constraints or non-optimal design architecture
Related violations: <none>

TIMING-16#510 Warning
Large setup violation  
There is a large setup violation of -2.456 ns between ddr_renderer_top_inst/graphics_inst/model_engine_inst/tz_q_reg[1][2]/C (clocked by clk_out4_div_clk_wiz_1) and ddr_renderer_top_inst/graphics_inst/projector_inst/dp_q_reg[1][z][2]/D (clocked by clk_out4_div_clk_wiz_1). Large setup violations at the end of those stages might be difficult to fix during the post-placement implementation flow and could be the result of non-optimal XDC constraints or non-optimal design architecture
Related violations: <none>

TIMING-16#511 Warning
Large setup violation  
There is a large setup violation of -2.459 ns between ddr_renderer_top_inst/graphics_inst/model_engine_inst/tz_q_reg[1][2]/C (clocked by clk_out4_div_clk_wiz_1) and ddr_renderer_top_inst/graphics_inst/projector_inst/dp_q_reg[1][z][6]/D (clocked by clk_out4_div_clk_wiz_1). Large setup violations at the end of those stages might be difficult to fix during the post-placement implementation flow and could be the result of non-optimal XDC constraints or non-optimal design architecture
Related violations: <none>

TIMING-16#512 Warning
Large setup violation  
There is a large setup violation of -2.459 ns between ddr_renderer_top_inst/vga_controller_inst/vc_reg[7]/C (clocked by clk_out1_clk_wiz_0) and ddr_renderer_top_inst/FSM_onehot_fbuf_wr_state_q_reg[3]/D (clocked by clk_out4_div_clk_wiz_1). Large setup violations at the end of those stages might be difficult to fix during the post-placement implementation flow and could be the result of non-optimal XDC constraints or non-optimal design architecture
Related violations: <none>

TIMING-16#513 Warning
Large setup violation  
There is a large setup violation of -2.461 ns between ddr_renderer_top_inst/graphics_inst/projector_inst/divider/U0/i_synth/i_nonzero_fract.i_synth/opt_high_radix.i_nonzero_fract.i_high_radix/i_quotient_collector/i_typical_case.i_addsub/i_vx5_sp3.i_casc_dsp48.i_lower_p_balance/opt_has_pipe.first_q_reg[10]/C (clocked by clk_out4_div_clk_wiz_1) and ddr_renderer_top_inst/graphics_inst/projector_inst/op_y_q_reg[2][29]/D (clocked by clk_out4_div_clk_wiz_1). Large setup violations at the end of those stages might be difficult to fix during the post-placement implementation flow and could be the result of non-optimal XDC constraints or non-optimal design architecture
Related violations: <none>

TIMING-16#514 Warning
Large setup violation  
There is a large setup violation of -2.469 ns between ddr_renderer_top_inst/graphics_inst/model_engine_inst/tz_q_reg[0][4]/C (clocked by clk_out4_div_clk_wiz_1) and ddr_renderer_top_inst/graphics_inst/projector_inst/dp_q_reg[0][z][11]/D (clocked by clk_out4_div_clk_wiz_1). Large setup violations at the end of those stages might be difficult to fix during the post-placement implementation flow and could be the result of non-optimal XDC constraints or non-optimal design architecture
Related violations: <none>

TIMING-16#515 Warning
Large setup violation  
There is a large setup violation of -2.470 ns between ddr_renderer_top_inst/vga_controller_inst/vc_reg[7]/C (clocked by clk_out1_clk_wiz_0) and ddr_renderer_top_inst/FSM_onehot_fbuf_wr_state_q_reg[4]/D (clocked by clk_out4_div_clk_wiz_1). Large setup violations at the end of those stages might be difficult to fix during the post-placement implementation flow and could be the result of non-optimal XDC constraints or non-optimal design architecture
Related violations: <none>

TIMING-16#516 Warning
Large setup violation  
There is a large setup violation of -2.488 ns between ddr_renderer_top_inst/graphics_inst/model_engine_inst/tz_q_reg[2][2]/C (clocked by clk_out4_div_clk_wiz_1) and ddr_renderer_top_inst/graphics_inst/projector_inst/dp_q_reg[2][z][2]/D (clocked by clk_out4_div_clk_wiz_1). Large setup violations at the end of those stages might be difficult to fix during the post-placement implementation flow and could be the result of non-optimal XDC constraints or non-optimal design architecture
Related violations: <none>

TIMING-16#517 Warning
Large setup violation  
There is a large setup violation of -2.489 ns between ddr_renderer_top_inst/graphics_inst/model_engine_inst/tz_q_reg[0][4]/C (clocked by clk_out4_div_clk_wiz_1) and ddr_renderer_top_inst/graphics_inst/projector_inst/dp_q_reg[0][z][6]/D (clocked by clk_out4_div_clk_wiz_1). Large setup violations at the end of those stages might be difficult to fix during the post-placement implementation flow and could be the result of non-optimal XDC constraints or non-optimal design architecture
Related violations: <none>

TIMING-16#518 Warning
Large setup violation  
There is a large setup violation of -2.499 ns between ddr_renderer_top_inst/graphics_inst/model_engine_inst/tz_q_reg[0][4]/C (clocked by clk_out4_div_clk_wiz_1) and ddr_renderer_top_inst/graphics_inst/projector_inst/dp_q_reg[0][z][8]/D (clocked by clk_out4_div_clk_wiz_1). Large setup violations at the end of those stages might be difficult to fix during the post-placement implementation flow and could be the result of non-optimal XDC constraints or non-optimal design architecture
Related violations: <none>

TIMING-16#519 Warning
Large setup violation  
There is a large setup violation of -2.500 ns between ddr_renderer_top_inst/graphics_inst/model_engine_inst/tz_q_reg[2][2]/C (clocked by clk_out4_div_clk_wiz_1) and ddr_renderer_top_inst/graphics_inst/projector_inst/dp_q_reg[2][z][7]/D (clocked by clk_out4_div_clk_wiz_1). Large setup violations at the end of those stages might be difficult to fix during the post-placement implementation flow and could be the result of non-optimal XDC constraints or non-optimal design architecture
Related violations: <none>

TIMING-16#520 Warning
Large setup violation  
There is a large setup violation of -2.502 ns between ddr_renderer_top_inst/vga_controller_inst/vc_reg[7]/C (clocked by clk_out1_clk_wiz_0) and ddr_renderer_top_inst/FSM_onehot_fbuf_wr_state_q_reg[1]/D (clocked by clk_out4_div_clk_wiz_1). Large setup violations at the end of those stages might be difficult to fix during the post-placement implementation flow and could be the result of non-optimal XDC constraints or non-optimal design architecture
Related violations: <none>

TIMING-16#521 Warning
Large setup violation  
There is a large setup violation of -2.507 ns between ddr_renderer_top_inst/graphics_inst/model_engine_inst/tz_q_reg[2][2]/C (clocked by clk_out4_div_clk_wiz_1) and ddr_renderer_top_inst/graphics_inst/projector_inst/dp_q_reg[2][z][6]/D (clocked by clk_out4_div_clk_wiz_1). Large setup violations at the end of those stages might be difficult to fix during the post-placement implementation flow and could be the result of non-optimal XDC constraints or non-optimal design architecture
Related violations: <none>

TIMING-16#522 Warning
Large setup violation  
There is a large setup violation of -2.521 ns between ddr_renderer_top_inst/graphics_inst/model_engine_inst/tz_q_reg[0][4]/C (clocked by clk_out4_div_clk_wiz_1) and ddr_renderer_top_inst/graphics_inst/projector_inst/dp_q_reg[0][z][9]/D (clocked by clk_out4_div_clk_wiz_1). Large setup violations at the end of those stages might be difficult to fix during the post-placement implementation flow and could be the result of non-optimal XDC constraints or non-optimal design architecture
Related violations: <none>

TIMING-16#523 Warning
Large setup violation  
There is a large setup violation of -2.522 ns between ddr_renderer_top_inst/graphics_inst/model_engine_inst/tz_q_reg[1][2]/C (clocked by clk_out4_div_clk_wiz_1) and ddr_renderer_top_inst/graphics_inst/projector_inst/dp_q_reg[1][z][10]/D (clocked by clk_out4_div_clk_wiz_1). Large setup violations at the end of those stages might be difficult to fix during the post-placement implementation flow and could be the result of non-optimal XDC constraints or non-optimal design architecture
Related violations: <none>

TIMING-16#524 Warning
Large setup violation  
There is a large setup violation of -2.522 ns between ddr_renderer_top_inst/graphics_inst/projector_inst/op_x_q_reg[2][16]/C (clocked by clk_out4_div_clk_wiz_1) and ddr_renderer_top_inst/graphics_inst/rasterizer_inst/curr_addr_q_reg[18]/D (clocked by clk_out4_div_clk_wiz_1). Large setup violations at the end of those stages might be difficult to fix during the post-placement implementation flow and could be the result of non-optimal XDC constraints or non-optimal design architecture
Related violations: <none>

TIMING-16#525 Warning
Large setup violation  
There is a large setup violation of -2.571 ns between ddr_renderer_top_inst/graphics_inst/model_engine_inst/tz_q_reg[1][2]/C (clocked by clk_out4_div_clk_wiz_1) and ddr_renderer_top_inst/graphics_inst/projector_inst/dp_q_reg[1][z][7]/D (clocked by clk_out4_div_clk_wiz_1). Large setup violations at the end of those stages might be difficult to fix during the post-placement implementation flow and could be the result of non-optimal XDC constraints or non-optimal design architecture
Related violations: <none>

TIMING-16#526 Warning
Large setup violation  
There is a large setup violation of -2.596 ns between ddr_renderer_top_inst/graphics_inst/model_engine_inst/tz_q_reg[1][2]/C (clocked by clk_out4_div_clk_wiz_1) and ddr_renderer_top_inst/graphics_inst/projector_inst/dp_q_reg[1][z][9]/D (clocked by clk_out4_div_clk_wiz_1). Large setup violations at the end of those stages might be difficult to fix during the post-placement implementation flow and could be the result of non-optimal XDC constraints or non-optimal design architecture
Related violations: <none>

TIMING-16#527 Warning
Large setup violation  
There is a large setup violation of -2.604 ns between ddr_renderer_top_inst/graphics_inst/model_engine_inst/tz_q_reg[2][2]/C (clocked by clk_out4_div_clk_wiz_1) and ddr_renderer_top_inst/graphics_inst/projector_inst/dp_q_reg[2][z][5]/D (clocked by clk_out4_div_clk_wiz_1). Large setup violations at the end of those stages might be difficult to fix during the post-placement implementation flow and could be the result of non-optimal XDC constraints or non-optimal design architecture
Related violations: <none>

TIMING-16#528 Warning
Large setup violation  
There is a large setup violation of -2.622 ns between ddr_renderer_top_inst/graphics_inst/model_engine_inst/tz_q_reg[0][4]/C (clocked by clk_out4_div_clk_wiz_1) and ddr_renderer_top_inst/graphics_inst/projector_inst/dp_q_reg[0][z][12]/D (clocked by clk_out4_div_clk_wiz_1). Large setup violations at the end of those stages might be difficult to fix during the post-placement implementation flow and could be the result of non-optimal XDC constraints or non-optimal design architecture
Related violations: <none>

TIMING-16#529 Warning
Large setup violation  
There is a large setup violation of -2.644 ns between ddr_renderer_top_inst/graphics_inst/model_engine_inst/tz_q_reg[0][4]/C (clocked by clk_out4_div_clk_wiz_1) and ddr_renderer_top_inst/graphics_inst/projector_inst/dp_q_reg[0][z][13]/D (clocked by clk_out4_div_clk_wiz_1). Large setup violations at the end of those stages might be difficult to fix during the post-placement implementation flow and could be the result of non-optimal XDC constraints or non-optimal design architecture
Related violations: <none>

TIMING-16#530 Warning
Large setup violation  
There is a large setup violation of -2.647 ns between ddr_renderer_top_inst/graphics_inst/model_engine_inst/tz_q_reg[0][4]/C (clocked by clk_out4_div_clk_wiz_1) and ddr_renderer_top_inst/graphics_inst/projector_inst/dp_q_reg[0][z][17]/D (clocked by clk_out4_div_clk_wiz_1). Large setup violations at the end of those stages might be difficult to fix during the post-placement implementation flow and could be the result of non-optimal XDC constraints or non-optimal design architecture
Related violations: <none>

TIMING-16#531 Warning
Large setup violation  
There is a large setup violation of -2.652 ns between ddr_renderer_top_inst/graphics_inst/model_engine_inst/tz_q_reg[0][4]/C (clocked by clk_out4_div_clk_wiz_1) and ddr_renderer_top_inst/graphics_inst/projector_inst/dp_q_reg[0][z][10]/D (clocked by clk_out4_div_clk_wiz_1). Large setup violations at the end of those stages might be difficult to fix during the post-placement implementation flow and could be the result of non-optimal XDC constraints or non-optimal design architecture
Related violations: <none>

TIMING-16#532 Warning
Large setup violation  
There is a large setup violation of -2.654 ns between ddr_renderer_top_inst/vga_controller_inst/vc_reg[7]/C (clocked by clk_out1_clk_wiz_0) and ddr_renderer_top_inst/FSM_onehot_fbuf_wr_state_q_reg[6]/D (clocked by clk_out4_div_clk_wiz_1). Large setup violations at the end of those stages might be difficult to fix during the post-placement implementation flow and could be the result of non-optimal XDC constraints or non-optimal design architecture
Related violations: <none>

TIMING-16#533 Warning
Large setup violation  
There is a large setup violation of -2.687 ns between ddr_renderer_top_inst/graphics_inst/model_engine_inst/tz_q_reg[2][2]/C (clocked by clk_out4_div_clk_wiz_1) and ddr_renderer_top_inst/graphics_inst/projector_inst/dp_q_reg[2][z][4]/D (clocked by clk_out4_div_clk_wiz_1). Large setup violations at the end of those stages might be difficult to fix during the post-placement implementation flow and could be the result of non-optimal XDC constraints or non-optimal design architecture
Related violations: <none>

TIMING-16#534 Warning
Large setup violation  
There is a large setup violation of -2.691 ns between ddr_renderer_top_inst/graphics_inst/model_engine_inst/tz_q_reg[2][2]/C (clocked by clk_out4_div_clk_wiz_1) and ddr_renderer_top_inst/graphics_inst/projector_inst/dp_q_reg[2][z][9]/D (clocked by clk_out4_div_clk_wiz_1). Large setup violations at the end of those stages might be difficult to fix during the post-placement implementation flow and could be the result of non-optimal XDC constraints or non-optimal design architecture
Related violations: <none>

TIMING-16#535 Warning
Large setup violation  
There is a large setup violation of -2.695 ns between ddr_renderer_top_inst/graphics_inst/model_engine_inst/tz_q_reg[1][2]/C (clocked by clk_out4_div_clk_wiz_1) and ddr_renderer_top_inst/graphics_inst/projector_inst/dp_q_reg[1][z][12]/D (clocked by clk_out4_div_clk_wiz_1). Large setup violations at the end of those stages might be difficult to fix during the post-placement implementation flow and could be the result of non-optimal XDC constraints or non-optimal design architecture
Related violations: <none>

TIMING-16#536 Warning
Large setup violation  
There is a large setup violation of -2.706 ns between ddr_renderer_top_inst/graphics_inst/model_engine_inst/tz_q_reg[0][4]/C (clocked by clk_out4_div_clk_wiz_1) and ddr_renderer_top_inst/graphics_inst/projector_inst/dp_q_reg[0][z][14]/D (clocked by clk_out4_div_clk_wiz_1). Large setup violations at the end of those stages might be difficult to fix during the post-placement implementation flow and could be the result of non-optimal XDC constraints or non-optimal design architecture
Related violations: <none>

TIMING-16#537 Warning
Large setup violation  
There is a large setup violation of -2.708 ns between ddr_renderer_top_inst/graphics_inst/model_engine_inst/tz_q_reg[1][2]/C (clocked by clk_out4_div_clk_wiz_1) and ddr_renderer_top_inst/graphics_inst/projector_inst/dp_q_reg[1][z][8]/D (clocked by clk_out4_div_clk_wiz_1). Large setup violations at the end of those stages might be difficult to fix during the post-placement implementation flow and could be the result of non-optimal XDC constraints or non-optimal design architecture
Related violations: <none>

TIMING-16#538 Warning
Large setup violation  
There is a large setup violation of -2.735 ns between ddr_renderer_top_inst/graphics_inst/model_engine_inst/tz_q_reg[0][4]/C (clocked by clk_out4_div_clk_wiz_1) and ddr_renderer_top_inst/graphics_inst/projector_inst/dp_q_reg[0][z][16]/D (clocked by clk_out4_div_clk_wiz_1). Large setup violations at the end of those stages might be difficult to fix during the post-placement implementation flow and could be the result of non-optimal XDC constraints or non-optimal design architecture
Related violations: <none>

TIMING-16#539 Warning
Large setup violation  
There is a large setup violation of -2.738 ns between ddr_renderer_top_inst/graphics_inst/model_engine_inst/tz_q_reg[2][2]/C (clocked by clk_out4_div_clk_wiz_1) and ddr_renderer_top_inst/graphics_inst/projector_inst/dp_q_reg[2][z][8]/D (clocked by clk_out4_div_clk_wiz_1). Large setup violations at the end of those stages might be difficult to fix during the post-placement implementation flow and could be the result of non-optimal XDC constraints or non-optimal design architecture
Related violations: <none>

TIMING-16#540 Warning
Large setup violation  
There is a large setup violation of -2.740 ns between ddr_renderer_top_inst/graphics_inst/model_engine_inst/tz_q_reg[1][2]/C (clocked by clk_out4_div_clk_wiz_1) and ddr_renderer_top_inst/graphics_inst/projector_inst/dp_q_reg[1][z][11]/D (clocked by clk_out4_div_clk_wiz_1). Large setup violations at the end of those stages might be difficult to fix during the post-placement implementation flow and could be the result of non-optimal XDC constraints or non-optimal design architecture
Related violations: <none>

TIMING-16#541 Warning
Large setup violation  
There is a large setup violation of -2.751 ns between ddr_renderer_top_inst/graphics_inst/model_engine_inst/tz_q_reg[2][2]/C (clocked by clk_out4_div_clk_wiz_1) and ddr_renderer_top_inst/graphics_inst/projector_inst/dp_q_reg[2][z][10]/D (clocked by clk_out4_div_clk_wiz_1). Large setup violations at the end of those stages might be difficult to fix during the post-placement implementation flow and could be the result of non-optimal XDC constraints or non-optimal design architecture
Related violations: <none>

TIMING-16#542 Warning
Large setup violation  
There is a large setup violation of -2.776 ns between ddr_renderer_top_inst/graphics_inst/model_engine_inst/tz_q_reg[0][4]/C (clocked by clk_out4_div_clk_wiz_1) and ddr_renderer_top_inst/graphics_inst/projector_inst/dp_q_reg[0][z][21]/D (clocked by clk_out4_div_clk_wiz_1). Large setup violations at the end of those stages might be difficult to fix during the post-placement implementation flow and could be the result of non-optimal XDC constraints or non-optimal design architecture
Related violations: <none>

TIMING-16#543 Warning
Large setup violation  
There is a large setup violation of -2.795 ns between ddr_renderer_top_inst/graphics_inst/model_engine_inst/tz_q_reg[1][2]/C (clocked by clk_out4_div_clk_wiz_1) and ddr_renderer_top_inst/graphics_inst/projector_inst/dp_q_reg[1][z][14]/D (clocked by clk_out4_div_clk_wiz_1). Large setup violations at the end of those stages might be difficult to fix during the post-placement implementation flow and could be the result of non-optimal XDC constraints or non-optimal design architecture
Related violations: <none>

TIMING-16#544 Warning
Large setup violation  
There is a large setup violation of -2.810 ns between ddr_renderer_top_inst/graphics_inst/model_engine_inst/tz_q_reg[1][2]/C (clocked by clk_out4_div_clk_wiz_1) and ddr_renderer_top_inst/graphics_inst/projector_inst/dp_q_reg[1][z][16]/D (clocked by clk_out4_div_clk_wiz_1). Large setup violations at the end of those stages might be difficult to fix during the post-placement implementation flow and could be the result of non-optimal XDC constraints or non-optimal design architecture
Related violations: <none>

TIMING-16#545 Warning
Large setup violation  
There is a large setup violation of -2.816 ns between ddr_renderer_top_inst/graphics_inst/model_engine_inst/tz_q_reg[0][4]/C (clocked by clk_out4_div_clk_wiz_1) and ddr_renderer_top_inst/graphics_inst/projector_inst/dp_q_reg[0][z][15]/D (clocked by clk_out4_div_clk_wiz_1). Large setup violations at the end of those stages might be difficult to fix during the post-placement implementation flow and could be the result of non-optimal XDC constraints or non-optimal design architecture
Related violations: <none>

TIMING-16#546 Warning
Large setup violation  
There is a large setup violation of -2.824 ns between ddr_renderer_top_inst/graphics_inst/model_engine_inst/tz_q_reg[0][4]/C (clocked by clk_out4_div_clk_wiz_1) and ddr_renderer_top_inst/graphics_inst/projector_inst/dp_q_reg[0][z][23]/D (clocked by clk_out4_div_clk_wiz_1). Large setup violations at the end of those stages might be difficult to fix during the post-placement implementation flow and could be the result of non-optimal XDC constraints or non-optimal design architecture
Related violations: <none>

TIMING-16#547 Warning
Large setup violation  
There is a large setup violation of -2.835 ns between ddr_renderer_top_inst/graphics_inst/model_engine_inst/tz_q_reg[1][2]/C (clocked by clk_out4_div_clk_wiz_1) and ddr_renderer_top_inst/graphics_inst/projector_inst/dp_q_reg[1][z][21]/D (clocked by clk_out4_div_clk_wiz_1). Large setup violations at the end of those stages might be difficult to fix during the post-placement implementation flow and could be the result of non-optimal XDC constraints or non-optimal design architecture
Related violations: <none>

TIMING-16#548 Warning
Large setup violation  
There is a large setup violation of -2.845 ns between ddr_renderer_top_inst/graphics_inst/model_engine_inst/tz_q_reg[1][2]/C (clocked by clk_out4_div_clk_wiz_1) and ddr_renderer_top_inst/graphics_inst/projector_inst/dp_q_reg[1][z][17]/D (clocked by clk_out4_div_clk_wiz_1). Large setup violations at the end of those stages might be difficult to fix during the post-placement implementation flow and could be the result of non-optimal XDC constraints or non-optimal design architecture
Related violations: <none>

TIMING-16#549 Warning
Large setup violation  
There is a large setup violation of -2.847 ns between ddr_renderer_top_inst/graphics_inst/model_engine_inst/tz_q_reg[1][2]/C (clocked by clk_out4_div_clk_wiz_1) and ddr_renderer_top_inst/graphics_inst/projector_inst/dp_q_reg[1][z][13]/D (clocked by clk_out4_div_clk_wiz_1). Large setup violations at the end of those stages might be difficult to fix during the post-placement implementation flow and could be the result of non-optimal XDC constraints or non-optimal design architecture
Related violations: <none>

TIMING-16#550 Warning
Large setup violation  
There is a large setup violation of -2.853 ns between ddr_renderer_top_inst/graphics_inst/model_engine_inst/tz_q_reg[0][4]/C (clocked by clk_out4_div_clk_wiz_1) and ddr_renderer_top_inst/graphics_inst/projector_inst/dp_q_reg[0][z][19]/D (clocked by clk_out4_div_clk_wiz_1). Large setup violations at the end of those stages might be difficult to fix during the post-placement implementation flow and could be the result of non-optimal XDC constraints or non-optimal design architecture
Related violations: <none>

TIMING-16#551 Warning
Large setup violation  
There is a large setup violation of -2.855 ns between ddr_renderer_top_inst/graphics_inst/model_engine_inst/tz_q_reg[1][2]/C (clocked by clk_out4_div_clk_wiz_1) and ddr_renderer_top_inst/graphics_inst/projector_inst/dp_q_reg[1][z][15]/D (clocked by clk_out4_div_clk_wiz_1). Large setup violations at the end of those stages might be difficult to fix during the post-placement implementation flow and could be the result of non-optimal XDC constraints or non-optimal design architecture
Related violations: <none>

TIMING-16#552 Warning
Large setup violation  
There is a large setup violation of -2.859 ns between ddr_renderer_top_inst/graphics_inst/model_engine_inst/tz_q_reg[1][2]/C (clocked by clk_out4_div_clk_wiz_1) and ddr_renderer_top_inst/graphics_inst/projector_inst/dp_q_reg[1][z][19]/D (clocked by clk_out4_div_clk_wiz_1). Large setup violations at the end of those stages might be difficult to fix during the post-placement implementation flow and could be the result of non-optimal XDC constraints or non-optimal design architecture
Related violations: <none>

TIMING-16#553 Warning
Large setup violation  
There is a large setup violation of -2.866 ns between ddr_renderer_top_inst/graphics_inst/model_engine_inst/tz_q_reg[0][4]/C (clocked by clk_out4_div_clk_wiz_1) and ddr_renderer_top_inst/graphics_inst/projector_inst/dp_q_reg[0][z][20]/D (clocked by clk_out4_div_clk_wiz_1). Large setup violations at the end of those stages might be difficult to fix during the post-placement implementation flow and could be the result of non-optimal XDC constraints or non-optimal design architecture
Related violations: <none>

TIMING-16#554 Warning
Large setup violation  
There is a large setup violation of -2.877 ns between ddr_renderer_top_inst/graphics_inst/model_engine_inst/tz_q_reg[0][4]/C (clocked by clk_out4_div_clk_wiz_1) and ddr_renderer_top_inst/graphics_inst/projector_inst/dp_q_reg[0][z][18]/D (clocked by clk_out4_div_clk_wiz_1). Large setup violations at the end of those stages might be difficult to fix during the post-placement implementation flow and could be the result of non-optimal XDC constraints or non-optimal design architecture
Related violations: <none>

TIMING-16#555 Warning
Large setup violation  
There is a large setup violation of -2.910 ns between ddr_renderer_top_inst/graphics_inst/model_engine_inst/tz_q_reg[1][2]/C (clocked by clk_out4_div_clk_wiz_1) and ddr_renderer_top_inst/graphics_inst/projector_inst/dp_q_reg[1][z][18]/D (clocked by clk_out4_div_clk_wiz_1). Large setup violations at the end of those stages might be difficult to fix during the post-placement implementation flow and could be the result of non-optimal XDC constraints or non-optimal design architecture
Related violations: <none>

TIMING-16#556 Warning
Large setup violation  
There is a large setup violation of -2.918 ns between ddr_renderer_top_inst/graphics_inst/model_engine_inst/tz_q_reg[1][2]/C (clocked by clk_out4_div_clk_wiz_1) and ddr_renderer_top_inst/graphics_inst/projector_inst/dp_q_reg[1][z][20]/D (clocked by clk_out4_div_clk_wiz_1). Large setup violations at the end of those stages might be difficult to fix during the post-placement implementation flow and could be the result of non-optimal XDC constraints or non-optimal design architecture
Related violations: <none>

TIMING-16#557 Warning
Large setup violation  
There is a large setup violation of -2.925 ns between ddr_renderer_top_inst/graphics_inst/model_engine_inst/tz_q_reg[2][2]/C (clocked by clk_out4_div_clk_wiz_1) and ddr_renderer_top_inst/graphics_inst/projector_inst/dp_q_reg[2][z][11]/D (clocked by clk_out4_div_clk_wiz_1). Large setup violations at the end of those stages might be difficult to fix during the post-placement implementation flow and could be the result of non-optimal XDC constraints or non-optimal design architecture
Related violations: <none>

TIMING-16#558 Warning
Large setup violation  
There is a large setup violation of -2.925 ns between ddr_renderer_top_inst/graphics_inst/model_engine_inst/tz_q_reg[2][2]/C (clocked by clk_out4_div_clk_wiz_1) and ddr_renderer_top_inst/graphics_inst/projector_inst/dp_q_reg[2][z][13]/D (clocked by clk_out4_div_clk_wiz_1). Large setup violations at the end of those stages might be difficult to fix during the post-placement implementation flow and could be the result of non-optimal XDC constraints or non-optimal design architecture
Related violations: <none>

TIMING-16#559 Warning
Large setup violation  
There is a large setup violation of -2.930 ns between ddr_renderer_top_inst/graphics_inst/model_engine_inst/tz_q_reg[0][4]/C (clocked by clk_out4_div_clk_wiz_1) and ddr_renderer_top_inst/graphics_inst/projector_inst/dp_q_reg[0][z][31]/D (clocked by clk_out4_div_clk_wiz_1). Large setup violations at the end of those stages might be difficult to fix during the post-placement implementation flow and could be the result of non-optimal XDC constraints or non-optimal design architecture
Related violations: <none>

TIMING-16#560 Warning
Large setup violation  
There is a large setup violation of -2.959 ns between ddr_renderer_top_inst/graphics_inst/model_engine_inst/tz_q_reg[2][2]/C (clocked by clk_out4_div_clk_wiz_1) and ddr_renderer_top_inst/graphics_inst/projector_inst/dp_q_reg[2][z][14]/D (clocked by clk_out4_div_clk_wiz_1). Large setup violations at the end of those stages might be difficult to fix during the post-placement implementation flow and could be the result of non-optimal XDC constraints or non-optimal design architecture
Related violations: <none>

TIMING-16#561 Warning
Large setup violation  
There is a large setup violation of -2.972 ns between ddr_renderer_top_inst/graphics_inst/model_engine_inst/tz_q_reg[0][4]/C (clocked by clk_out4_div_clk_wiz_1) and ddr_renderer_top_inst/graphics_inst/projector_inst/dp_q_reg[0][z][24]/D (clocked by clk_out4_div_clk_wiz_1). Large setup violations at the end of those stages might be difficult to fix during the post-placement implementation flow and could be the result of non-optimal XDC constraints or non-optimal design architecture
Related violations: <none>

TIMING-16#562 Warning
Large setup violation  
There is a large setup violation of -2.977 ns between ddr_renderer_top_inst/graphics_inst/model_engine_inst/tz_q_reg[1][2]/C (clocked by clk_out4_div_clk_wiz_1) and ddr_renderer_top_inst/graphics_inst/projector_inst/dp_q_reg[1][z][28]/D (clocked by clk_out4_div_clk_wiz_1). Large setup violations at the end of those stages might be difficult to fix during the post-placement implementation flow and could be the result of non-optimal XDC constraints or non-optimal design architecture
Related violations: <none>

TIMING-16#563 Warning
Large setup violation  
There is a large setup violation of -2.987 ns between ddr_renderer_top_inst/graphics_inst/model_engine_inst/tz_q_reg[1][2]/C (clocked by clk_out4_div_clk_wiz_1) and ddr_renderer_top_inst/graphics_inst/projector_inst/dp_q_reg[1][z][29]/D (clocked by clk_out4_div_clk_wiz_1). Large setup violations at the end of those stages might be difficult to fix during the post-placement implementation flow and could be the result of non-optimal XDC constraints or non-optimal design architecture
Related violations: <none>

TIMING-16#564 Warning
Large setup violation  
There is a large setup violation of -2.995 ns between ddr_renderer_top_inst/graphics_inst/model_engine_inst/tz_q_reg[0][4]/C (clocked by clk_out4_div_clk_wiz_1) and ddr_renderer_top_inst/graphics_inst/projector_inst/dp_q_reg[0][z][22]/D (clocked by clk_out4_div_clk_wiz_1). Large setup violations at the end of those stages might be difficult to fix during the post-placement implementation flow and could be the result of non-optimal XDC constraints or non-optimal design architecture
Related violations: <none>

TIMING-16#565 Warning
Large setup violation  
There is a large setup violation of -2.996 ns between ddr_renderer_top_inst/graphics_inst/model_engine_inst/tz_q_reg[2][2]/C (clocked by clk_out4_div_clk_wiz_1) and ddr_renderer_top_inst/graphics_inst/projector_inst/dp_q_reg[2][z][16]/D (clocked by clk_out4_div_clk_wiz_1). Large setup violations at the end of those stages might be difficult to fix during the post-placement implementation flow and could be the result of non-optimal XDC constraints or non-optimal design architecture
Related violations: <none>

TIMING-16#566 Warning
Large setup violation  
There is a large setup violation of -3.027 ns between ddr_renderer_top_inst/graphics_inst/model_engine_inst/tz_q_reg[2][2]/C (clocked by clk_out4_div_clk_wiz_1) and ddr_renderer_top_inst/graphics_inst/projector_inst/dp_q_reg[2][z][12]/D (clocked by clk_out4_div_clk_wiz_1). Large setup violations at the end of those stages might be difficult to fix during the post-placement implementation flow and could be the result of non-optimal XDC constraints or non-optimal design architecture
Related violations: <none>

TIMING-16#567 Warning
Large setup violation  
There is a large setup violation of -3.034 ns between ddr_renderer_top_inst/graphics_inst/model_engine_inst/tz_q_reg[2][2]/C (clocked by clk_out4_div_clk_wiz_1) and ddr_renderer_top_inst/graphics_inst/projector_inst/dp_q_reg[2][z][21]/D (clocked by clk_out4_div_clk_wiz_1). Large setup violations at the end of those stages might be difficult to fix during the post-placement implementation flow and could be the result of non-optimal XDC constraints or non-optimal design architecture
Related violations: <none>

TIMING-16#568 Warning
Large setup violation  
There is a large setup violation of -3.044 ns between ddr_renderer_top_inst/graphics_inst/model_engine_inst/tz_q_reg[2][2]/C (clocked by clk_out4_div_clk_wiz_1) and ddr_renderer_top_inst/graphics_inst/projector_inst/dp_q_reg[2][z][17]/D (clocked by clk_out4_div_clk_wiz_1). Large setup violations at the end of those stages might be difficult to fix during the post-placement implementation flow and could be the result of non-optimal XDC constraints or non-optimal design architecture
Related violations: <none>

TIMING-16#569 Warning
Large setup violation  
There is a large setup violation of -3.045 ns between ddr_renderer_top_inst/graphics_inst/model_engine_inst/tz_q_reg[0][4]/C (clocked by clk_out4_div_clk_wiz_1) and ddr_renderer_top_inst/graphics_inst/projector_inst/dp_q_reg[0][z][27]/D (clocked by clk_out4_div_clk_wiz_1). Large setup violations at the end of those stages might be difficult to fix during the post-placement implementation flow and could be the result of non-optimal XDC constraints or non-optimal design architecture
Related violations: <none>

TIMING-16#570 Warning
Large setup violation  
There is a large setup violation of -3.047 ns between ddr_renderer_top_inst/graphics_inst/model_engine_inst/tz_q_reg[0][4]/C (clocked by clk_out4_div_clk_wiz_1) and ddr_renderer_top_inst/graphics_inst/projector_inst/dp_q_reg[0][z][25]/D (clocked by clk_out4_div_clk_wiz_1). Large setup violations at the end of those stages might be difficult to fix during the post-placement implementation flow and could be the result of non-optimal XDC constraints or non-optimal design architecture
Related violations: <none>

TIMING-16#571 Warning
Large setup violation  
There is a large setup violation of -3.048 ns between ddr_renderer_top_inst/graphics_inst/model_engine_inst/tz_q_reg[2][2]/C (clocked by clk_out4_div_clk_wiz_1) and ddr_renderer_top_inst/graphics_inst/projector_inst/dp_q_reg[2][z][15]/D (clocked by clk_out4_div_clk_wiz_1). Large setup violations at the end of those stages might be difficult to fix during the post-placement implementation flow and could be the result of non-optimal XDC constraints or non-optimal design architecture
Related violations: <none>

TIMING-16#572 Warning
Large setup violation  
There is a large setup violation of -3.060 ns between ddr_renderer_top_inst/graphics_inst/model_engine_inst/tz_q_reg[0][4]/C (clocked by clk_out4_div_clk_wiz_1) and ddr_renderer_top_inst/graphics_inst/projector_inst/dp_q_reg[0][z][29]/D (clocked by clk_out4_div_clk_wiz_1). Large setup violations at the end of those stages might be difficult to fix during the post-placement implementation flow and could be the result of non-optimal XDC constraints or non-optimal design architecture
Related violations: <none>

TIMING-16#573 Warning
Large setup violation  
There is a large setup violation of -3.065 ns between ddr_renderer_top_inst/graphics_inst/model_engine_inst/tz_q_reg[1][2]/C (clocked by clk_out4_div_clk_wiz_1) and ddr_renderer_top_inst/graphics_inst/projector_inst/dp_q_reg[1][z][22]/D (clocked by clk_out4_div_clk_wiz_1). Large setup violations at the end of those stages might be difficult to fix during the post-placement implementation flow and could be the result of non-optimal XDC constraints or non-optimal design architecture
Related violations: <none>

TIMING-16#574 Warning
Large setup violation  
There is a large setup violation of -3.073 ns between ddr_renderer_top_inst/graphics_inst/model_engine_inst/tz_q_reg[0][4]/C (clocked by clk_out4_div_clk_wiz_1) and ddr_renderer_top_inst/graphics_inst/projector_inst/dp_q_reg[0][z][26]/D (clocked by clk_out4_div_clk_wiz_1). Large setup violations at the end of those stages might be difficult to fix during the post-placement implementation flow and could be the result of non-optimal XDC constraints or non-optimal design architecture
Related violations: <none>

TIMING-16#575 Warning
Large setup violation  
There is a large setup violation of -3.073 ns between ddr_renderer_top_inst/graphics_inst/model_engine_inst/tz_q_reg[0][4]/C (clocked by clk_out4_div_clk_wiz_1) and ddr_renderer_top_inst/graphics_inst/projector_inst/dp_q_reg[0][z][28]/D (clocked by clk_out4_div_clk_wiz_1). Large setup violations at the end of those stages might be difficult to fix during the post-placement implementation flow and could be the result of non-optimal XDC constraints or non-optimal design architecture
Related violations: <none>

TIMING-16#576 Warning
Large setup violation  
There is a large setup violation of -3.074 ns between ddr_renderer_top_inst/graphics_inst/model_engine_inst/tz_q_reg[1][2]/C (clocked by clk_out4_div_clk_wiz_1) and ddr_renderer_top_inst/graphics_inst/projector_inst/dp_q_reg[1][z][23]/D (clocked by clk_out4_div_clk_wiz_1). Large setup violations at the end of those stages might be difficult to fix during the post-placement implementation flow and could be the result of non-optimal XDC constraints or non-optimal design architecture
Related violations: <none>

TIMING-16#577 Warning
Large setup violation  
There is a large setup violation of -3.077 ns between ddr_renderer_top_inst/graphics_inst/model_engine_inst/tz_q_reg[0][4]/C (clocked by clk_out4_div_clk_wiz_1) and ddr_renderer_top_inst/graphics_inst/projector_inst/dp_q_reg[0][z][30]/D (clocked by clk_out4_div_clk_wiz_1). Large setup violations at the end of those stages might be difficult to fix during the post-placement implementation flow and could be the result of non-optimal XDC constraints or non-optimal design architecture
Related violations: <none>

TIMING-16#578 Warning
Large setup violation  
There is a large setup violation of -3.113 ns between ddr_renderer_top_inst/graphics_inst/model_engine_inst/tz_q_reg[2][2]/C (clocked by clk_out4_div_clk_wiz_1) and ddr_renderer_top_inst/graphics_inst/projector_inst/dp_q_reg[2][z][23]/D (clocked by clk_out4_div_clk_wiz_1). Large setup violations at the end of those stages might be difficult to fix during the post-placement implementation flow and could be the result of non-optimal XDC constraints or non-optimal design architecture
Related violations: <none>

TIMING-16#579 Warning
Large setup violation  
There is a large setup violation of -3.129 ns between ddr_renderer_top_inst/graphics_inst/model_engine_inst/tz_q_reg[1][2]/C (clocked by clk_out4_div_clk_wiz_1) and ddr_renderer_top_inst/graphics_inst/projector_inst/dp_q_reg[1][z][31]/D (clocked by clk_out4_div_clk_wiz_1). Large setup violations at the end of those stages might be difficult to fix during the post-placement implementation flow and could be the result of non-optimal XDC constraints or non-optimal design architecture
Related violations: <none>

TIMING-16#580 Warning
Large setup violation  
There is a large setup violation of -3.136 ns between ddr_renderer_top_inst/graphics_inst/model_engine_inst/tz_q_reg[1][2]/C (clocked by clk_out4_div_clk_wiz_1) and ddr_renderer_top_inst/graphics_inst/projector_inst/dp_q_reg[1][z][25]/D (clocked by clk_out4_div_clk_wiz_1). Large setup violations at the end of those stages might be difficult to fix during the post-placement implementation flow and could be the result of non-optimal XDC constraints or non-optimal design architecture
Related violations: <none>

TIMING-16#581 Warning
Large setup violation  
There is a large setup violation of -3.139 ns between ddr_renderer_top_inst/graphics_inst/model_engine_inst/tz_q_reg[1][2]/C (clocked by clk_out4_div_clk_wiz_1) and ddr_renderer_top_inst/graphics_inst/projector_inst/dp_q_reg[1][z][27]/D (clocked by clk_out4_div_clk_wiz_1). Large setup violations at the end of those stages might be difficult to fix during the post-placement implementation flow and could be the result of non-optimal XDC constraints or non-optimal design architecture
Related violations: <none>

TIMING-16#582 Warning
Large setup violation  
There is a large setup violation of -3.164 ns between ddr_renderer_top_inst/graphics_inst/model_engine_inst/tz_q_reg[1][2]/C (clocked by clk_out4_div_clk_wiz_1) and ddr_renderer_top_inst/graphics_inst/projector_inst/dp_q_reg[1][z][26]/D (clocked by clk_out4_div_clk_wiz_1). Large setup violations at the end of those stages might be difficult to fix during the post-placement implementation flow and could be the result of non-optimal XDC constraints or non-optimal design architecture
Related violations: <none>

TIMING-16#583 Warning
Large setup violation  
There is a large setup violation of -3.166 ns between ddr_renderer_top_inst/graphics_inst/model_engine_inst/tz_q_reg[1][2]/C (clocked by clk_out4_div_clk_wiz_1) and ddr_renderer_top_inst/graphics_inst/projector_inst/dp_q_reg[1][z][30]/D (clocked by clk_out4_div_clk_wiz_1). Large setup violations at the end of those stages might be difficult to fix during the post-placement implementation flow and could be the result of non-optimal XDC constraints or non-optimal design architecture
Related violations: <none>

TIMING-16#584 Warning
Large setup violation  
There is a large setup violation of -3.167 ns between ddr_renderer_top_inst/graphics_inst/model_engine_inst/tz_q_reg[2][2]/C (clocked by clk_out4_div_clk_wiz_1) and ddr_renderer_top_inst/graphics_inst/projector_inst/dp_q_reg[2][z][19]/D (clocked by clk_out4_div_clk_wiz_1). Large setup violations at the end of those stages might be difficult to fix during the post-placement implementation flow and could be the result of non-optimal XDC constraints or non-optimal design architecture
Related violations: <none>

TIMING-16#585 Warning
Large setup violation  
There is a large setup violation of -3.180 ns between ddr_renderer_top_inst/graphics_inst/model_engine_inst/tz_q_reg[2][2]/C (clocked by clk_out4_div_clk_wiz_1) and ddr_renderer_top_inst/graphics_inst/projector_inst/dp_q_reg[2][z][18]/D (clocked by clk_out4_div_clk_wiz_1). Large setup violations at the end of those stages might be difficult to fix during the post-placement implementation flow and could be the result of non-optimal XDC constraints or non-optimal design architecture
Related violations: <none>

TIMING-16#586 Warning
Large setup violation  
There is a large setup violation of -3.194 ns between ddr_renderer_top_inst/graphics_inst/model_engine_inst/tz_q_reg[1][2]/C (clocked by clk_out4_div_clk_wiz_1) and ddr_renderer_top_inst/graphics_inst/projector_inst/dp_q_reg[1][z][24]/D (clocked by clk_out4_div_clk_wiz_1). Large setup violations at the end of those stages might be difficult to fix during the post-placement implementation flow and could be the result of non-optimal XDC constraints or non-optimal design architecture
Related violations: <none>

TIMING-16#587 Warning
Large setup violation  
There is a large setup violation of -3.204 ns between ddr_renderer_top_inst/graphics_inst/model_engine_inst/tz_q_reg[2][2]/C (clocked by clk_out4_div_clk_wiz_1) and ddr_renderer_top_inst/graphics_inst/projector_inst/dp_q_reg[2][z][28]/D (clocked by clk_out4_div_clk_wiz_1). Large setup violations at the end of those stages might be difficult to fix during the post-placement implementation flow and could be the result of non-optimal XDC constraints or non-optimal design architecture
Related violations: <none>

TIMING-16#588 Warning
Large setup violation  
There is a large setup violation of -3.214 ns between ddr_renderer_top_inst/graphics_inst/model_engine_inst/tz_q_reg[2][2]/C (clocked by clk_out4_div_clk_wiz_1) and ddr_renderer_top_inst/graphics_inst/projector_inst/dp_q_reg[2][z][20]/D (clocked by clk_out4_div_clk_wiz_1). Large setup violations at the end of those stages might be difficult to fix during the post-placement implementation flow and could be the result of non-optimal XDC constraints or non-optimal design architecture
Related violations: <none>

TIMING-16#589 Warning
Large setup violation  
There is a large setup violation of -3.235 ns between ddr_renderer_top_inst/graphics_inst/model_engine_inst/tz_q_reg[2][2]/C (clocked by clk_out4_div_clk_wiz_1) and ddr_renderer_top_inst/graphics_inst/projector_inst/dp_q_reg[2][z][24]/D (clocked by clk_out4_div_clk_wiz_1). Large setup violations at the end of those stages might be difficult to fix during the post-placement implementation flow and could be the result of non-optimal XDC constraints or non-optimal design architecture
Related violations: <none>

TIMING-16#590 Warning
Large setup violation  
There is a large setup violation of -3.251 ns between ddr_renderer_top_inst/graphics_inst/model_engine_inst/tz_q_reg[2][2]/C (clocked by clk_out4_div_clk_wiz_1) and ddr_renderer_top_inst/graphics_inst/projector_inst/dp_q_reg[2][z][22]/D (clocked by clk_out4_div_clk_wiz_1). Large setup violations at the end of those stages might be difficult to fix during the post-placement implementation flow and could be the result of non-optimal XDC constraints or non-optimal design architecture
Related violations: <none>

TIMING-16#591 Warning
Large setup violation  
There is a large setup violation of -3.256 ns between ddr_renderer_top_inst/graphics_inst/model_engine_inst/tz_q_reg[2][2]/C (clocked by clk_out4_div_clk_wiz_1) and ddr_renderer_top_inst/graphics_inst/projector_inst/dp_q_reg[2][z][31]/D (clocked by clk_out4_div_clk_wiz_1). Large setup violations at the end of those stages might be difficult to fix during the post-placement implementation flow and could be the result of non-optimal XDC constraints or non-optimal design architecture
Related violations: <none>

TIMING-16#592 Warning
Large setup violation  
There is a large setup violation of -3.263 ns between ddr_renderer_top_inst/graphics_inst/model_engine_inst/tz_q_reg[2][2]/C (clocked by clk_out4_div_clk_wiz_1) and ddr_renderer_top_inst/graphics_inst/projector_inst/dp_q_reg[2][z][26]/D (clocked by clk_out4_div_clk_wiz_1). Large setup violations at the end of those stages might be difficult to fix during the post-placement implementation flow and could be the result of non-optimal XDC constraints or non-optimal design architecture
Related violations: <none>

TIMING-16#593 Warning
Large setup violation  
There is a large setup violation of -3.280 ns between ddr_renderer_top_inst/graphics_inst/model_engine_inst/tz_q_reg[2][2]/C (clocked by clk_out4_div_clk_wiz_1) and ddr_renderer_top_inst/graphics_inst/projector_inst/dp_q_reg[2][z][30]/D (clocked by clk_out4_div_clk_wiz_1). Large setup violations at the end of those stages might be difficult to fix during the post-placement implementation flow and could be the result of non-optimal XDC constraints or non-optimal design architecture
Related violations: <none>

TIMING-16#594 Warning
Large setup violation  
There is a large setup violation of -3.290 ns between ddr_renderer_top_inst/graphics_inst/model_engine_inst/tz_q_reg[2][2]/C (clocked by clk_out4_div_clk_wiz_1) and ddr_renderer_top_inst/graphics_inst/projector_inst/dp_q_reg[2][z][25]/D (clocked by clk_out4_div_clk_wiz_1). Large setup violations at the end of those stages might be difficult to fix during the post-placement implementation flow and could be the result of non-optimal XDC constraints or non-optimal design architecture
Related violations: <none>

TIMING-16#595 Warning
Large setup violation  
There is a large setup violation of -3.295 ns between ddr_renderer_top_inst/graphics_inst/model_engine_inst/tz_q_reg[2][2]/C (clocked by clk_out4_div_clk_wiz_1) and ddr_renderer_top_inst/graphics_inst/projector_inst/dp_q_reg[2][z][27]/D (clocked by clk_out4_div_clk_wiz_1). Large setup violations at the end of those stages might be difficult to fix during the post-placement implementation flow and could be the result of non-optimal XDC constraints or non-optimal design architecture
Related violations: <none>

TIMING-16#596 Warning
Large setup violation  
There is a large setup violation of -3.348 ns between ddr_renderer_top_inst/graphics_inst/model_engine_inst/tz_q_reg[2][2]/C (clocked by clk_out4_div_clk_wiz_1) and ddr_renderer_top_inst/graphics_inst/projector_inst/dp_q_reg[2][z][29]/D (clocked by clk_out4_div_clk_wiz_1). Large setup violations at the end of those stages might be difficult to fix during the post-placement implementation flow and could be the result of non-optimal XDC constraints or non-optimal design architecture
Related violations: <none>

TIMING-18#1 Warning
Missing input or output delay  
An input delay is missing on btn[0] relative to clock(s) mb_block_inst/clk_wiz_1/inst/clk_in1
Related violations: <none>

TIMING-18#2 Warning
Missing input or output delay  
An input delay is missing on btn[1] relative to clock(s) mb_block_inst/clk_wiz_1/inst/clk_in1
Related violations: <none>

TIMING-18#3 Warning
Missing input or output delay  
An input delay is missing on btn[2] relative to clock(s) mb_block_inst/clk_wiz_1/inst/clk_in1
Related violations: <none>

TIMING-18#4 Warning
Missing input or output delay  
An input delay is missing on btn[3] relative to clock(s) mb_block_inst/clk_wiz_1/inst/clk_in1
Related violations: <none>

TIMING-18#5 Warning
Missing input or output delay  
An input delay is missing on gpio_usb_int_tri_i relative to clock(s) mb_block_inst/clk_wiz_1/inst/clk_in1
Related violations: <none>

TIMING-18#6 Warning
Missing input or output delay  
An input delay is missing on spi_usb_miso relative to clock(s) mb_block_inst/clk_wiz_1/inst/clk_in1
Related violations: <none>

TIMING-18#7 Warning
Missing input or output delay  
An input delay is missing on uartlite_rxd relative to clock(s) mb_block_inst/clk_wiz_1/inst/clk_in1
Related violations: <none>

TIMING-18#8 Warning
Missing input or output delay  
An output delay is missing on gpio_usb_rst_tri_o relative to clock(s) mb_block_inst/clk_wiz_1/inst/clk_in1
Related violations: <none>

TIMING-18#9 Warning
Missing input or output delay  
An output delay is missing on spi_usb_mosi relative to clock(s) mb_block_inst/clk_wiz_1/inst/clk_in1
Related violations: <none>

TIMING-18#10 Warning
Missing input or output delay  
An output delay is missing on spi_usb_sclk relative to clock(s) mb_block_inst/clk_wiz_1/inst/clk_in1
Related violations: <none>

TIMING-18#11 Warning
Missing input or output delay  
An output delay is missing on spi_usb_ss relative to clock(s) mb_block_inst/clk_wiz_1/inst/clk_in1
Related violations: <none>

TIMING-18#12 Warning
Missing input or output delay  
An output delay is missing on uartlite_txd relative to clock(s) mb_block_inst/clk_wiz_1/inst/clk_in1
Related violations: <none>


