Copyright 1986-2022 Xilinx, Inc. All Rights Reserved.
------------------------------------------------------------------------------------------------------------------------------------------------------------------------------------------------------------------------------------------------
| Tool Version : Vivado v.2022.2 (win64) Build 3671981 Fri Oct 14 05:00:03 MDT 2022
| Date         : Tue Nov 11 23:45:27 2025
| Host         : Aniketh_x86-64 running 64-bit major release  (build 9200)
| Command      : report_timing_summary -max_paths 10 -report_unconstrained -file ddr3_x16_cust_top_timing_summary_routed.rpt -pb ddr3_x16_cust_top_timing_summary_routed.pb -rpx ddr3_x16_cust_top_timing_summary_routed.rpx -warn_on_violation
| Design       : ddr3_x16_cust_top
| Device       : 7s50-csga324
| Speed File   : -1  PRODUCTION 1.23 2018-06-13
------------------------------------------------------------------------------------------------------------------------------------------------------------------------------------------------------------------------------------------------

Timing Summary Report

------------------------------------------------------------------------------------------------
| Timer Settings
| --------------
------------------------------------------------------------------------------------------------

  Enable Multi Corner Analysis               :  Yes
  Enable Pessimism Removal                   :  Yes
  Pessimism Removal Resolution               :  Nearest Common Node
  Enable Input Delay Default Clock           :  No
  Enable Preset / Clear Arcs                 :  No
  Disable Flight Delays                      :  No
  Ignore I/O Paths                           :  No
  Timing Early Launch at Borrowing Latches   :  No
  Borrow Time for Max Delay Exceptions       :  Yes
  Merge Timing Exceptions                    :  Yes

  Corner  Analyze    Analyze    
  Name    Max Paths  Min Paths  
  ------  ---------  ---------  
  Slow    Yes        Yes        
  Fast    Yes        Yes        


------------------------------------------------------------------------------------------------
| Report Methodology
| ------------------
------------------------------------------------------------------------------------------------

Rule       Severity          Description                                             Violations  
---------  ----------------  ------------------------------------------------------  ----------  
TIMING-17  Critical Warning  Non-clocked sequential cell                             32          
SYNTH-16   Warning           Address collision                                       2           
TIMING-20  Warning           Non-clocked latch                                       1           
XDCC-1     Warning           Scoped Clock constraint overwritten with the same name  1           
XDCC-7     Warning           Scoped Clock constraint overwritten on the same source  1           
LATCH-1    Advisory          Existing latches in the design                          1           

Note: This report is based on the most recent report_methodology run and may not be up-to-date. Run report_methodology on the current design for the latest report.



check_timing report

Table of Contents
-----------------
1. checking no_clock (34)
2. checking constant_clock (0)
3. checking pulse_width_clock (0)
4. checking unconstrained_internal_endpoints (17)
5. checking no_input_delay (19)
6. checking no_output_delay (49)
7. checking multiple_clock (0)
8. checking generated_clocks (0)
9. checking loops (0)
10. checking partial_input_delay (0)
11. checking partial_output_delay (0)
12. checking latch_loops (1)

1. checking no_clock (34)
-------------------------
 There are 16 register/latch pins with no clock driven by root clock pin: ddr3_dqs_p[0] (HIGH)

 There are 16 register/latch pins with no clock driven by root clock pin: ddr3_dqs_p[1] (HIGH)

 There is 1 register/latch pin with no clock driven by root clock pin: r_uart_128_done_prev_reg/Q (HIGH)

 There is 1 register/latch pin with no clock driven by root clock pin: r_uart_128_done_reg/Q (HIGH)


2. checking constant_clock (0)
------------------------------
 There are 0 register/latch pins with constant_clock.


3. checking pulse_width_clock (0)
---------------------------------
 There are 0 register/latch pins which need pulse_width check


4. checking unconstrained_internal_endpoints (17)
-------------------------------------------------
 There are 17 pins that are not constrained for maximum delay. (HIGH)

 There are 0 pins that are not constrained for maximum delay due to constant clock.


5. checking no_input_delay (19)
-------------------------------
 There are 19 input ports with no input delay specified. (HIGH)

 There are 0 input ports with no input delay but user has a false path constraint.


6. checking no_output_delay (49)
--------------------------------
 There are 49 ports with no output delay specified. (HIGH)

 There are 0 ports with no output delay but user has a false path constraint

 There are 0 ports with no output delay but with a timing clock defined on it or propagating through it


7. checking multiple_clock (0)
------------------------------
 There are 0 register/latch pins with multiple clocks.


8. checking generated_clocks (0)
--------------------------------
 There are 0 generated clocks that are not connected to a clock source.


9. checking loops (0)
---------------------
 There are 0 combinational loops in the design.


10. checking partial_input_delay (0)
------------------------------------
 There are 0 input ports with partial input delay specified.


11. checking partial_output_delay (0)
-------------------------------------
 There are 0 ports with partial output delay specified.


12. checking latch_loops (1)
----------------------------
 There is 1 combinational latch loop in the design through latch input (HIGH)



------------------------------------------------------------------------------------------------
| Design Timing Summary
| ---------------------
------------------------------------------------------------------------------------------------

    WNS(ns)      TNS(ns)  TNS Failing Endpoints  TNS Total Endpoints      WHS(ns)      THS(ns)  THS Failing Endpoints  THS Total Endpoints     WPWS(ns)     TPWS(ns)  TPWS Failing Endpoints  TPWS Total Endpoints  
    -------      -------  ---------------------  -------------------      -------      -------  ---------------------  -------------------     --------     --------  ----------------------  --------------------  
     -0.932     -164.760                    330                 3793        0.052        0.000                      0                 3793        0.264        0.000                       0                  1854  


Timing constraints are not met.


------------------------------------------------------------------------------------------------
| Clock Summary
| -------------
------------------------------------------------------------------------------------------------

Clock                        Waveform(ns)         Period(ns)      Frequency(MHz)
-----                        ------------         ----------      --------------
DDR3_CLK100                  {0.000 5.000}        10.000          100.000         
  clk_out1_ddr_clk_wiz_1     {0.000 1.250}        2.500           400.000         
  clk_out2_ddr_90_clk_wiz_1  {0.625 1.875}        2.500           400.000         
  clk_out3_ref_clk_wiz_1     {0.000 2.500}        5.000           200.000         
  clk_out4_div_clk_wiz_1     {0.000 2.500}        5.000           200.000         
  clkfbout_clk_wiz_1         {0.000 5.000}        10.000          100.000         


------------------------------------------------------------------------------------------------
| Intra Clock Table
| -----------------
------------------------------------------------------------------------------------------------

Clock                            WNS(ns)      TNS(ns)  TNS Failing Endpoints  TNS Total Endpoints      WHS(ns)      THS(ns)  THS Failing Endpoints  THS Total Endpoints     WPWS(ns)     TPWS(ns)  TPWS Failing Endpoints  TPWS Total Endpoints  
-----                            -------      -------  ---------------------  -------------------      -------      -------  ---------------------  -------------------     --------     --------  ----------------------  --------------------  
DDR3_CLK100                                                                                                                                                                    3.000        0.000                       0                     1  
  clk_out1_ddr_clk_wiz_1                                                                                                                                                       0.345        0.000                       0                    25  
  clk_out2_ddr_90_clk_wiz_1                                                                                                                                                    0.345        0.000                       0                    20  
  clk_out3_ref_clk_wiz_1                                                                                                                                                       0.264        0.000                       0                     3  
  clk_out4_div_clk_wiz_1          -0.932     -164.760                    330                 3793        0.052        0.000                      0                 3793        1.520        0.000                       0                  1802  
  clkfbout_clk_wiz_1                                                                                                                                                           7.845        0.000                       0                     3  


------------------------------------------------------------------------------------------------
| Inter Clock Table
| -----------------
------------------------------------------------------------------------------------------------

From Clock    To Clock          WNS(ns)      TNS(ns)  TNS Failing Endpoints  TNS Total Endpoints      WHS(ns)      THS(ns)  THS Failing Endpoints  THS Total Endpoints  
----------    --------          -------      -------  ---------------------  -------------------      -------      -------  ---------------------  -------------------  


------------------------------------------------------------------------------------------------
| Other Path Groups Table
| -----------------------
------------------------------------------------------------------------------------------------

Path Group    From Clock    To Clock          WNS(ns)      TNS(ns)  TNS Failing Endpoints  TNS Total Endpoints      WHS(ns)      THS(ns)  THS Failing Endpoints  THS Total Endpoints  
----------    ----------    --------          -------      -------  ---------------------  -------------------      -------      -------  ---------------------  -------------------  


------------------------------------------------------------------------------------------------
| User Ignored Path Table
| -----------------------
------------------------------------------------------------------------------------------------

Path Group    From Clock    To Clock    
----------    ----------    --------    


------------------------------------------------------------------------------------------------
| Unconstrained Path Table
| ------------------------
------------------------------------------------------------------------------------------------

Path Group                 From Clock                 To Clock                 
----------                 ----------                 --------                 
(none)                                                                           
(none)                     clk_out1_ddr_clk_wiz_1                                
(none)                     clk_out2_ddr_90_clk_wiz_1                             
(none)                     clk_out3_ref_clk_wiz_1                                
(none)                     clk_out4_div_clk_wiz_1                                
(none)                     clkfbout_clk_wiz_1                                    
(none)                                                clk_out4_div_clk_wiz_1     


------------------------------------------------------------------------------------------------
| Timing Details
| --------------
------------------------------------------------------------------------------------------------


---------------------------------------------------------------------------------------------------
From Clock:  DDR3_CLK100
  To Clock:  DDR3_CLK100

Setup :           NA  Failing Endpoints,  Worst Slack           NA  ,  Total Violation           NA
Hold  :           NA  Failing Endpoints,  Worst Slack           NA  ,  Total Violation           NA
PW    :            0  Failing Endpoints,  Worst Slack        3.000ns,  Total Violation        0.000ns
---------------------------------------------------------------------------------------------------


Pulse Width Checks
--------------------------------------------------------------------------------------
Clock Name:         DDR3_CLK100
Waveform(ns):       { 0.000 5.000 }
Period(ns):         10.000
Sources:            { DDR3_CLK100 }

Check Type        Corner  Lib Pin            Reference Pin  Required(ns)  Actual(ns)  Slack(ns)  Location         Pin
Min Period        n/a     MMCME2_ADV/CLKIN1  n/a            1.249         10.000      8.751      MMCME2_ADV_X0Y0  clkgen_ddr3ctrl_instance/inst/mmcm_adv_inst/CLKIN1
Max Period        n/a     MMCME2_ADV/CLKIN1  n/a            100.000       10.000      90.000     MMCME2_ADV_X0Y0  clkgen_ddr3ctrl_instance/inst/mmcm_adv_inst/CLKIN1
Low Pulse Width   Slow    MMCME2_ADV/CLKIN1  n/a            2.000         5.000       3.000      MMCME2_ADV_X0Y0  clkgen_ddr3ctrl_instance/inst/mmcm_adv_inst/CLKIN1
Low Pulse Width   Fast    MMCME2_ADV/CLKIN1  n/a            2.000         5.000       3.000      MMCME2_ADV_X0Y0  clkgen_ddr3ctrl_instance/inst/mmcm_adv_inst/CLKIN1
High Pulse Width  Slow    MMCME2_ADV/CLKIN1  n/a            2.000         5.000       3.000      MMCME2_ADV_X0Y0  clkgen_ddr3ctrl_instance/inst/mmcm_adv_inst/CLKIN1
High Pulse Width  Fast    MMCME2_ADV/CLKIN1  n/a            2.000         5.000       3.000      MMCME2_ADV_X0Y0  clkgen_ddr3ctrl_instance/inst/mmcm_adv_inst/CLKIN1



---------------------------------------------------------------------------------------------------
From Clock:  clk_out1_ddr_clk_wiz_1
  To Clock:  clk_out1_ddr_clk_wiz_1

Setup :           NA  Failing Endpoints,  Worst Slack           NA  ,  Total Violation           NA
Hold  :           NA  Failing Endpoints,  Worst Slack           NA  ,  Total Violation           NA
PW    :            0  Failing Endpoints,  Worst Slack        0.345ns,  Total Violation        0.000ns
---------------------------------------------------------------------------------------------------


Pulse Width Checks
--------------------------------------------------------------------------------------
Clock Name:         clk_out1_ddr_clk_wiz_1
Waveform(ns):       { 0.000 1.250 }
Period(ns):         2.500
Sources:            { clkgen_ddr3ctrl_instance/inst/mmcm_adv_inst/CLKOUT0 }

Check Type  Corner  Lib Pin             Reference Pin  Required(ns)  Actual(ns)  Slack(ns)  Location         Pin
Min Period  n/a     BUFG/I              n/a            2.155         2.500       0.345      BUFGCTRL_X0Y2    clkgen_ddr3ctrl_instance/inst/clkout1_buf/I
Min Period  n/a     OSERDESE2/CLK       n/a            1.667         2.500       0.833      OLOGIC_X1Y23     phy_instance/genblk3[0].oserdes_cmd_inst/CLK
Min Period  n/a     OSERDESE2/CLK       n/a            1.667         2.500       0.833      OLOGIC_X1Y21     phy_instance/genblk3[1].oserdes_cmd_inst/CLK
Min Period  n/a     OSERDESE2/CLK       n/a            1.667         2.500       0.833      OLOGIC_X1Y19     phy_instance/genblk3[2].oserdes_cmd_inst/CLK
Min Period  n/a     OSERDESE2/CLK       n/a            1.667         2.500       0.833      OLOGIC_X1Y18     phy_instance/genblk4[0].oserdes_addr_inst/CLK
Min Period  n/a     OSERDESE2/CLK       n/a            1.667         2.500       0.833      OLOGIC_X1Y20     phy_instance/genblk4[10].oserdes_addr_inst/CLK
Min Period  n/a     OSERDESE2/CLK       n/a            1.667         2.500       0.833      OLOGIC_X1Y11     phy_instance/genblk4[11].oserdes_addr_inst/CLK
Min Period  n/a     OSERDESE2/CLK       n/a            1.667         2.500       0.833      OLOGIC_X1Y9      phy_instance/genblk4[12].oserdes_addr_inst/CLK
Min Period  n/a     OSERDESE2/CLK       n/a            1.667         2.500       0.833      OLOGIC_X1Y10     phy_instance/genblk4[13].oserdes_addr_inst/CLK
Min Period  n/a     OSERDESE2/CLK       n/a            1.667         2.500       0.833      OLOGIC_X1Y14     phy_instance/genblk4[1].oserdes_addr_inst/CLK
Max Period  n/a     MMCME2_ADV/CLKOUT0  n/a            213.360       2.500       210.860    MMCME2_ADV_X0Y0  clkgen_ddr3ctrl_instance/inst/mmcm_adv_inst/CLKOUT0



---------------------------------------------------------------------------------------------------
From Clock:  clk_out2_ddr_90_clk_wiz_1
  To Clock:  clk_out2_ddr_90_clk_wiz_1

Setup :           NA  Failing Endpoints,  Worst Slack           NA  ,  Total Violation           NA
Hold  :           NA  Failing Endpoints,  Worst Slack           NA  ,  Total Violation           NA
PW    :            0  Failing Endpoints,  Worst Slack        0.345ns,  Total Violation        0.000ns
---------------------------------------------------------------------------------------------------


Pulse Width Checks
--------------------------------------------------------------------------------------
Clock Name:         clk_out2_ddr_90_clk_wiz_1
Waveform(ns):       { 0.625 1.875 }
Period(ns):         2.500
Sources:            { clkgen_ddr3ctrl_instance/inst/mmcm_adv_inst/CLKOUT2 }

Check Type  Corner  Lib Pin             Reference Pin  Required(ns)  Actual(ns)  Slack(ns)  Location         Pin
Min Period  n/a     BUFG/I              n/a            2.155         2.500       0.345      BUFGCTRL_X0Y1    clkgen_ddr3ctrl_instance/inst/clkout3_buf/I
Min Period  n/a     OSERDESE2/CLK       n/a            1.667         2.500       0.833      OLOGIC_X1Y45     phy_instance/genblk12[0].oserdes_dq_inst/CLK
Min Period  n/a     OSERDESE2/CLK       n/a            1.667         2.500       0.833      OLOGIC_X1Y27     phy_instance/genblk12[10].oserdes_dq_inst/CLK
Min Period  n/a     OSERDESE2/CLK       n/a            1.667         2.500       0.833      OLOGIC_X1Y33     phy_instance/genblk12[11].oserdes_dq_inst/CLK
Min Period  n/a     OSERDESE2/CLK       n/a            1.667         2.500       0.833      OLOGIC_X1Y26     phy_instance/genblk12[12].oserdes_dq_inst/CLK
Min Period  n/a     OSERDESE2/CLK       n/a            1.667         2.500       0.833      OLOGIC_X1Y29     phy_instance/genblk12[13].oserdes_dq_inst/CLK
Min Period  n/a     OSERDESE2/CLK       n/a            1.667         2.500       0.833      OLOGIC_X1Y28     phy_instance/genblk12[14].oserdes_dq_inst/CLK
Min Period  n/a     OSERDESE2/CLK       n/a            1.667         2.500       0.833      OLOGIC_X1Y35     phy_instance/genblk12[15].oserdes_dq_inst/CLK
Min Period  n/a     OSERDESE2/CLK       n/a            1.667         2.500       0.833      OLOGIC_X1Y39     phy_instance/genblk12[1].oserdes_dq_inst/CLK
Min Period  n/a     OSERDESE2/CLK       n/a            1.667         2.500       0.833      OLOGIC_X1Y46     phy_instance/genblk12[2].oserdes_dq_inst/CLK
Max Period  n/a     MMCME2_ADV/CLKOUT2  n/a            213.360       2.500       210.860    MMCME2_ADV_X0Y0  clkgen_ddr3ctrl_instance/inst/mmcm_adv_inst/CLKOUT2



---------------------------------------------------------------------------------------------------
From Clock:  clk_out3_ref_clk_wiz_1
  To Clock:  clk_out3_ref_clk_wiz_1

Setup :           NA  Failing Endpoints,  Worst Slack           NA  ,  Total Violation           NA
Hold  :           NA  Failing Endpoints,  Worst Slack           NA  ,  Total Violation           NA
PW    :            0  Failing Endpoints,  Worst Slack        0.264ns,  Total Violation        0.000ns
---------------------------------------------------------------------------------------------------


Pulse Width Checks
--------------------------------------------------------------------------------------
Clock Name:         clk_out3_ref_clk_wiz_1
Waveform(ns):       { 0.000 2.500 }
Period(ns):         5.000
Sources:            { clkgen_ddr3ctrl_instance/inst/mmcm_adv_inst/CLKOUT3 }

Check Type  Corner  Lib Pin             Reference Pin  Required(ns)  Actual(ns)  Slack(ns)  Location         Pin
Min Period  n/a     IDELAYCTRL/REFCLK   n/a            3.225         5.000       1.775      IDELAYCTRL_X1Y0  phy_instance/IDELAYCTRL_inst/REFCLK
Min Period  n/a     BUFG/I              n/a            2.155         5.000       2.845      BUFGCTRL_X0Y3    clkgen_ddr3ctrl_instance/inst/clkout4_buf/I
Min Period  n/a     MMCME2_ADV/CLKOUT3  n/a            1.249         5.000       3.751      MMCME2_ADV_X0Y0  clkgen_ddr3ctrl_instance/inst/mmcm_adv_inst/CLKOUT3
Max Period  n/a     IDELAYCTRL/REFCLK   n/a            5.264         5.000       0.264      IDELAYCTRL_X1Y0  phy_instance/IDELAYCTRL_inst/REFCLK
Max Period  n/a     MMCME2_ADV/CLKOUT3  n/a            213.360       5.000       208.360    MMCME2_ADV_X0Y0  clkgen_ddr3ctrl_instance/inst/mmcm_adv_inst/CLKOUT3



---------------------------------------------------------------------------------------------------
From Clock:  clk_out4_div_clk_wiz_1
  To Clock:  clk_out4_div_clk_wiz_1

Setup :          330  Failing Endpoints,  Worst Slack       -0.932ns,  Total Violation     -164.760ns
Hold  :            0  Failing Endpoints,  Worst Slack        0.052ns,  Total Violation        0.000ns
PW    :            0  Failing Endpoints,  Worst Slack        1.520ns,  Total Violation        0.000ns
---------------------------------------------------------------------------------------------------


Max Delay Paths
--------------------------------------------------------------------------------------
Slack (VIOLATED) :        -0.932ns  (required time - arrival time)
  Source:                 phy_instance/cmdfifo_inst/U0/inst_fifo_gen/gconvfifo.rf/grf.rf/gntv_or_sync_fifo.mem/gbm.gbmg.gbmga.ngecc.bmg/inst_blk_mem_gen/gnbram.gnativebmg.native_blk_mem_gen/valid.cstr/ramloop[2].ram.r/prim_noinit.ram/DEVICE_7SERIES.NO_BMM_INFO.SDP.WIDE_PRIM36_NO_ECC.ram/CLKARDCLK
                            (rising edge-triggered cell RAMB36E1 clocked by clk_out4_div_clk_wiz_1  {rise@0.000ns fall@2.500ns period=5.000ns})
  Destination:            phy_instance/r_pre_req_reg/D
                            (rising edge-triggered cell FDRE clocked by clk_out4_div_clk_wiz_1  {rise@0.000ns fall@2.500ns period=5.000ns})
  Path Group:             clk_out4_div_clk_wiz_1
  Path Type:              Setup (Max at Slow Process Corner)
  Requirement:            5.000ns  (clk_out4_div_clk_wiz_1 rise@5.000ns - clk_out4_div_clk_wiz_1 rise@0.000ns)
  Data Path Delay:        5.815ns  (logic 3.738ns (64.282%)  route 2.077ns (35.718%))
  Logic Levels:           5  (CARRY4=2 LUT6=3)
  Clock Path Skew:        -0.075ns (DCD - SCD + CPR)
    Destination Clock Delay (DCD):    -1.571ns = ( 3.429 - 5.000 ) 
    Source Clock Delay      (SCD):    -0.933ns
    Clock Pessimism Removal (CPR):    0.562ns
  Clock Uncertainty:      0.072ns  ((TSJ^2 + DJ^2)^1/2) / 2 + PE
    Total System Jitter     (TSJ):    0.071ns
    Discrete Jitter          (DJ):    0.126ns
    Phase Error              (PE):    0.000ns

    Location             Delay type                Incr(ns)  Path(ns)    Netlist Resource(s)
  -------------------------------------------------------------------    -------------------
                         (clock clk_out4_div_clk_wiz_1 rise edge)
                                                      0.000     0.000 r  
    N15                                               0.000     0.000 r  DDR3_CLK100 (IN)
                         net (fo=0)                   0.000     0.000    clkgen_ddr3ctrl_instance/inst/clk_in1
    N15                  IBUF (Prop_ibuf_I_O)         1.440     1.440 r  clkgen_ddr3ctrl_instance/inst/clkin1_ibufg/O
                         net (fo=1, routed)           1.233     2.673    clkgen_ddr3ctrl_instance/inst/clk_in1_clk_wiz_1
    MMCME2_ADV_X0Y0      MMCME2_ADV (Prop_mmcme2_adv_CLKIN1_CLKOUT4)
                                                     -6.965    -4.291 r  clkgen_ddr3ctrl_instance/inst/mmcm_adv_inst/CLKOUT4
                         net (fo=1, routed)           1.666    -2.625    clkgen_ddr3ctrl_instance/inst/clk_out4_div_clk_wiz_1
    BUFGCTRL_X0Y0        BUFG (Prop_bufg_I_O)         0.096    -2.529 r  clkgen_ddr3ctrl_instance/inst/clkout5_buf/O
                         net (fo=1800, routed)        1.596    -0.933    phy_instance/cmdfifo_inst/U0/inst_fifo_gen/gconvfifo.rf/grf.rf/gntv_or_sync_fifo.mem/gbm.gbmg.gbmga.ngecc.bmg/inst_blk_mem_gen/gnbram.gnativebmg.native_blk_mem_gen/valid.cstr/ramloop[2].ram.r/prim_noinit.ram/clk
    RAMB36_X2Y4          RAMB36E1                                     r  phy_instance/cmdfifo_inst/U0/inst_fifo_gen/gconvfifo.rf/grf.rf/gntv_or_sync_fifo.mem/gbm.gbmg.gbmga.ngecc.bmg/inst_blk_mem_gen/gnbram.gnativebmg.native_blk_mem_gen/valid.cstr/ramloop[2].ram.r/prim_noinit.ram/DEVICE_7SERIES.NO_BMM_INFO.SDP.WIDE_PRIM36_NO_ECC.ram/CLKARDCLK
  -------------------------------------------------------------------    -------------------
    RAMB36_X2Y4          RAMB36E1 (Prop_ramb36e1_CLKARDCLK_DOBDO[14])
                                                      2.454     1.521 r  phy_instance/cmdfifo_inst/U0/inst_fifo_gen/gconvfifo.rf/grf.rf/gntv_or_sync_fifo.mem/gbm.gbmg.gbmga.ngecc.bmg/inst_blk_mem_gen/gnbram.gnativebmg.native_blk_mem_gen/valid.cstr/ramloop[2].ram.r/prim_noinit.ram/DEVICE_7SERIES.NO_BMM_INFO.SDP.WIDE_PRIM36_NO_ECC.ram/DOBDO[14]
                         net (fo=3, routed)           1.038     2.559    phy_instance/wn_mem_dout[149]
    SLICE_X58Y21         LUT6 (Prop_lut6_I1_O)        0.124     2.683 r  phy_instance/i__carry_i_3/O
                         net (fo=1, routed)           0.000     2.683    phy_instance/i__carry_i_3_n_0
    SLICE_X58Y21         CARRY4 (Prop_carry4_S[1]_CO[3])
                                                      0.550     3.233 r  phy_instance/r_mem_rd2_inferred__0/i__carry/CO[3]
                         net (fo=1, routed)           0.000     3.233    phy_instance/r_mem_rd2_inferred__0/i__carry_n_0
    SLICE_X58Y22         CARRY4 (Prop_carry4_CI_CO[1])
                                                      0.157     3.390 r  phy_instance/r_mem_rd2_inferred__0/i__carry__0/CO[1]
                         net (fo=6, routed)           0.775     4.165    phy_instance/r_mem_rd2
    SLICE_X55Y21         LUT6 (Prop_lut6_I4_O)        0.329     4.494 r  phy_instance/r_pre_req_i_3/O
                         net (fo=1, routed)           0.264     4.758    phy_instance/r_pre_req_i_3_n_0
    SLICE_X55Y21         LUT6 (Prop_lut6_I5_O)        0.124     4.882 r  phy_instance/r_pre_req_i_1_comp/O
                         net (fo=1, routed)           0.000     4.882    phy_instance/r_pre_req_i_1_n_0
    SLICE_X55Y21         FDRE                                         r  phy_instance/r_pre_req_reg/D
  -------------------------------------------------------------------    -------------------

                         (clock clk_out4_div_clk_wiz_1 rise edge)
                                                      5.000     5.000 r  
    N15                                               0.000     5.000 r  DDR3_CLK100 (IN)
                         net (fo=0)                   0.000     5.000    clkgen_ddr3ctrl_instance/inst/clk_in1
    N15                  IBUF (Prop_ibuf_I_O)         1.370     6.370 r  clkgen_ddr3ctrl_instance/inst/clkin1_ibufg/O
                         net (fo=1, routed)           1.162     7.532    clkgen_ddr3ctrl_instance/inst/clk_in1_clk_wiz_1
    MMCME2_ADV_X0Y0      MMCME2_ADV (Prop_mmcme2_adv_CLKIN1_CLKOUT4)
                                                     -7.221     0.311 r  clkgen_ddr3ctrl_instance/inst/mmcm_adv_inst/CLKOUT4
                         net (fo=1, routed)           1.587     1.898    clkgen_ddr3ctrl_instance/inst/clk_out4_div_clk_wiz_1
    BUFGCTRL_X0Y0        BUFG (Prop_bufg_I_O)         0.091     1.989 r  clkgen_ddr3ctrl_instance/inst/clkout5_buf/O
                         net (fo=1800, routed)        1.440     3.429    phy_instance/clk_out4_div
    SLICE_X55Y21         FDRE                                         r  phy_instance/r_pre_req_reg/C
                         clock pessimism              0.562     3.991    
                         clock uncertainty           -0.072     3.919    
    SLICE_X55Y21         FDRE (Setup_fdre_C_D)        0.031     3.950    phy_instance/r_pre_req_reg
  -------------------------------------------------------------------
                         required time                          3.950    
                         arrival time                          -4.882    
  -------------------------------------------------------------------
                         slack                                 -0.932    

Slack (VIOLATED) :        -0.866ns  (required time - arrival time)
  Source:                 phy_instance/cmdfifo_inst/U0/inst_fifo_gen/gconvfifo.rf/grf.rf/gntv_or_sync_fifo.mem/gbm.gbmg.gbmga.ngecc.bmg/inst_blk_mem_gen/gnbram.gnativebmg.native_blk_mem_gen/valid.cstr/ramloop[2].ram.r/prim_noinit.ram/DEVICE_7SERIES.NO_BMM_INFO.SDP.WIDE_PRIM36_NO_ECC.ram/CLKARDCLK
                            (rising edge-triggered cell RAMB36E1 clocked by clk_out4_div_clk_wiz_1  {rise@0.000ns fall@2.500ns period=5.000ns})
  Destination:            phy_instance/rn_state_2ahead_reg[0]/D
                            (rising edge-triggered cell FDRE clocked by clk_out4_div_clk_wiz_1  {rise@0.000ns fall@2.500ns period=5.000ns})
  Path Group:             clk_out4_div_clk_wiz_1
  Path Type:              Setup (Max at Slow Process Corner)
  Requirement:            5.000ns  (clk_out4_div_clk_wiz_1 rise@5.000ns - clk_out4_div_clk_wiz_1 rise@0.000ns)
  Data Path Delay:        5.863ns  (logic 3.862ns (65.870%)  route 2.001ns (34.130%))
  Logic Levels:           6  (CARRY4=2 LUT5=1 LUT6=3)
  Clock Path Skew:        -0.011ns (DCD - SCD + CPR)
    Destination Clock Delay (DCD):    -1.507ns = ( 3.493 - 5.000 ) 
    Source Clock Delay      (SCD):    -0.933ns
    Clock Pessimism Removal (CPR):    0.562ns
  Clock Uncertainty:      0.072ns  ((TSJ^2 + DJ^2)^1/2) / 2 + PE
    Total System Jitter     (TSJ):    0.071ns
    Discrete Jitter          (DJ):    0.126ns
    Phase Error              (PE):    0.000ns

    Location             Delay type                Incr(ns)  Path(ns)    Netlist Resource(s)
  -------------------------------------------------------------------    -------------------
                         (clock clk_out4_div_clk_wiz_1 rise edge)
                                                      0.000     0.000 r  
    N15                                               0.000     0.000 r  DDR3_CLK100 (IN)
                         net (fo=0)                   0.000     0.000    clkgen_ddr3ctrl_instance/inst/clk_in1
    N15                  IBUF (Prop_ibuf_I_O)         1.440     1.440 r  clkgen_ddr3ctrl_instance/inst/clkin1_ibufg/O
                         net (fo=1, routed)           1.233     2.673    clkgen_ddr3ctrl_instance/inst/clk_in1_clk_wiz_1
    MMCME2_ADV_X0Y0      MMCME2_ADV (Prop_mmcme2_adv_CLKIN1_CLKOUT4)
                                                     -6.965    -4.291 r  clkgen_ddr3ctrl_instance/inst/mmcm_adv_inst/CLKOUT4
                         net (fo=1, routed)           1.666    -2.625    clkgen_ddr3ctrl_instance/inst/clk_out4_div_clk_wiz_1
    BUFGCTRL_X0Y0        BUFG (Prop_bufg_I_O)         0.096    -2.529 r  clkgen_ddr3ctrl_instance/inst/clkout5_buf/O
                         net (fo=1800, routed)        1.596    -0.933    phy_instance/cmdfifo_inst/U0/inst_fifo_gen/gconvfifo.rf/grf.rf/gntv_or_sync_fifo.mem/gbm.gbmg.gbmga.ngecc.bmg/inst_blk_mem_gen/gnbram.gnativebmg.native_blk_mem_gen/valid.cstr/ramloop[2].ram.r/prim_noinit.ram/clk
    RAMB36_X2Y4          RAMB36E1                                     r  phy_instance/cmdfifo_inst/U0/inst_fifo_gen/gconvfifo.rf/grf.rf/gntv_or_sync_fifo.mem/gbm.gbmg.gbmga.ngecc.bmg/inst_blk_mem_gen/gnbram.gnativebmg.native_blk_mem_gen/valid.cstr/ramloop[2].ram.r/prim_noinit.ram/DEVICE_7SERIES.NO_BMM_INFO.SDP.WIDE_PRIM36_NO_ECC.ram/CLKARDCLK
  -------------------------------------------------------------------    -------------------
    RAMB36_X2Y4          RAMB36E1 (Prop_ramb36e1_CLKARDCLK_DOBDO[14])
                                                      2.454     1.521 r  phy_instance/cmdfifo_inst/U0/inst_fifo_gen/gconvfifo.rf/grf.rf/gntv_or_sync_fifo.mem/gbm.gbmg.gbmga.ngecc.bmg/inst_blk_mem_gen/gnbram.gnativebmg.native_blk_mem_gen/valid.cstr/ramloop[2].ram.r/prim_noinit.ram/DEVICE_7SERIES.NO_BMM_INFO.SDP.WIDE_PRIM36_NO_ECC.ram/DOBDO[14]
                         net (fo=3, routed)           1.038     2.559    phy_instance/wn_mem_dout[149]
    SLICE_X58Y21         LUT6 (Prop_lut6_I1_O)        0.124     2.683 r  phy_instance/i__carry_i_3/O
                         net (fo=1, routed)           0.000     2.683    phy_instance/i__carry_i_3_n_0
    SLICE_X58Y21         CARRY4 (Prop_carry4_S[1]_CO[3])
                                                      0.550     3.233 r  phy_instance/r_mem_rd2_inferred__0/i__carry/CO[3]
                         net (fo=1, routed)           0.000     3.233    phy_instance/r_mem_rd2_inferred__0/i__carry_n_0
    SLICE_X58Y22         CARRY4 (Prop_carry4_CI_CO[1])
                                                      0.157     3.390 r  phy_instance/r_mem_rd2_inferred__0/i__carry__0/CO[1]
                         net (fo=6, routed)           0.507     3.897    phy_instance/r_mem_rd2
    SLICE_X63Y23         LUT5 (Prop_lut5_I4_O)        0.329     4.226 r  phy_instance/rn_state_2ahead[0]_i_6/O
                         net (fo=1, routed)           0.294     4.520    phy_instance/rn_state_2ahead[0]_i_6_n_0
    SLICE_X64Y23         LUT6 (Prop_lut6_I4_O)        0.124     4.644 f  phy_instance/rn_state_2ahead[0]_i_2/O
                         net (fo=1, routed)           0.162     4.806    phy_instance/rn_state_2ahead[0]_i_2_n_0
    SLICE_X64Y23         LUT6 (Prop_lut6_I0_O)        0.124     4.930 r  phy_instance/rn_state_2ahead[0]_i_1/O
                         net (fo=1, routed)           0.000     4.930    phy_instance/rn_state_2ahead[0]_i_1_n_0
    SLICE_X64Y23         FDRE                                         r  phy_instance/rn_state_2ahead_reg[0]/D
  -------------------------------------------------------------------    -------------------

                         (clock clk_out4_div_clk_wiz_1 rise edge)
                                                      5.000     5.000 r  
    N15                                               0.000     5.000 r  DDR3_CLK100 (IN)
                         net (fo=0)                   0.000     5.000    clkgen_ddr3ctrl_instance/inst/clk_in1
    N15                  IBUF (Prop_ibuf_I_O)         1.370     6.370 r  clkgen_ddr3ctrl_instance/inst/clkin1_ibufg/O
                         net (fo=1, routed)           1.162     7.532    clkgen_ddr3ctrl_instance/inst/clk_in1_clk_wiz_1
    MMCME2_ADV_X0Y0      MMCME2_ADV (Prop_mmcme2_adv_CLKIN1_CLKOUT4)
                                                     -7.221     0.311 r  clkgen_ddr3ctrl_instance/inst/mmcm_adv_inst/CLKOUT4
                         net (fo=1, routed)           1.587     1.898    clkgen_ddr3ctrl_instance/inst/clk_out4_div_clk_wiz_1
    BUFGCTRL_X0Y0        BUFG (Prop_bufg_I_O)         0.091     1.989 r  clkgen_ddr3ctrl_instance/inst/clkout5_buf/O
                         net (fo=1800, routed)        1.504     3.493    phy_instance/clk_out4_div
    SLICE_X64Y23         FDRE                                         r  phy_instance/rn_state_2ahead_reg[0]/C
                         clock pessimism              0.562     4.055    
                         clock uncertainty           -0.072     3.983    
    SLICE_X64Y23         FDRE (Setup_fdre_C_D)        0.081     4.064    phy_instance/rn_state_2ahead_reg[0]
  -------------------------------------------------------------------
                         required time                          4.064    
                         arrival time                          -4.930    
  -------------------------------------------------------------------
                         slack                                 -0.866    

Slack (VIOLATED) :        -0.849ns  (required time - arrival time)
  Source:                 r128_dram_wrbuf_reg[17]/C
                            (rising edge-triggered cell FDRE clocked by clk_out4_div_clk_wiz_1  {rise@0.000ns fall@2.500ns period=5.000ns})
  Destination:            app_addr_reg[3]/CE
                            (rising edge-triggered cell FDRE clocked by clk_out4_div_clk_wiz_1  {rise@0.000ns fall@2.500ns period=5.000ns})
  Path Group:             clk_out4_div_clk_wiz_1
  Path Type:              Setup (Max at Slow Process Corner)
  Requirement:            5.000ns  (clk_out4_div_clk_wiz_1 rise@5.000ns - clk_out4_div_clk_wiz_1 rise@0.000ns)
  Data Path Delay:        5.569ns  (logic 2.831ns (50.838%)  route 2.738ns (49.162%))
  Logic Levels:           14  (CARRY4=10 LUT3=1 LUT4=1 LUT6=2)
  Clock Path Skew:        -0.039ns (DCD - SCD + CPR)
    Destination Clock Delay (DCD):    -1.574ns = ( 3.426 - 5.000 ) 
    Source Clock Delay      (SCD):    -0.973ns
    Clock Pessimism Removal (CPR):    0.562ns
  Clock Uncertainty:      0.072ns  ((TSJ^2 + DJ^2)^1/2) / 2 + PE
    Total System Jitter     (TSJ):    0.071ns
    Discrete Jitter          (DJ):    0.126ns
    Phase Error              (PE):    0.000ns

    Location             Delay type                Incr(ns)  Path(ns)    Netlist Resource(s)
  -------------------------------------------------------------------    -------------------
                         (clock clk_out4_div_clk_wiz_1 rise edge)
                                                      0.000     0.000 r  
    N15                                               0.000     0.000 r  DDR3_CLK100 (IN)
                         net (fo=0)                   0.000     0.000    clkgen_ddr3ctrl_instance/inst/clk_in1
    N15                  IBUF (Prop_ibuf_I_O)         1.440     1.440 r  clkgen_ddr3ctrl_instance/inst/clkin1_ibufg/O
                         net (fo=1, routed)           1.233     2.673    clkgen_ddr3ctrl_instance/inst/clk_in1_clk_wiz_1
    MMCME2_ADV_X0Y0      MMCME2_ADV (Prop_mmcme2_adv_CLKIN1_CLKOUT4)
                                                     -6.965    -4.291 r  clkgen_ddr3ctrl_instance/inst/mmcm_adv_inst/CLKOUT4
                         net (fo=1, routed)           1.666    -2.625    clkgen_ddr3ctrl_instance/inst/clk_out4_div_clk_wiz_1
    BUFGCTRL_X0Y0        BUFG (Prop_bufg_I_O)         0.096    -2.529 r  clkgen_ddr3ctrl_instance/inst/clkout5_buf/O
                         net (fo=1800, routed)        1.556    -0.973    w_clk_div
    SLICE_X48Y21         FDRE                                         r  r128_dram_wrbuf_reg[17]/C
  -------------------------------------------------------------------    -------------------
    SLICE_X48Y21         FDRE (Prop_fdre_C_Q)         0.456    -0.517 r  r128_dram_wrbuf_reg[17]/Q
                         net (fo=6, routed)           0.793     0.277    r128_dram_wrbuf_reg_n_0_[17]
    SLICE_X48Y21         LUT3 (Prop_lut3_I1_O)        0.124     0.401 r  r8_uart_tx_data[7]_i_69/O
                         net (fo=1, routed)           0.000     0.401    r8_uart_tx_data[7]_i_69_n_0
    SLICE_X48Y21         CARRY4 (Prop_carry4_S[1]_CO[3])
                                                      0.550     0.951 r  r8_uart_tx_data_reg[7]_i_61/CO[3]
                         net (fo=1, routed)           0.000     0.951    r8_uart_tx_data_reg[7]_i_61_n_0
    SLICE_X48Y22         CARRY4 (Prop_carry4_CI_CO[3])
                                                      0.114     1.065 r  r8_uart_tx_data_reg[7]_i_56/CO[3]
                         net (fo=1, routed)           0.000     1.065    r8_uart_tx_data_reg[7]_i_56_n_0
    SLICE_X48Y23         CARRY4 (Prop_carry4_CI_CO[3])
                                                      0.114     1.179 r  r8_uart_tx_data_reg[7]_i_51/CO[3]
                         net (fo=1, routed)           0.000     1.179    r8_uart_tx_data_reg[7]_i_51_n_0
    SLICE_X48Y24         CARRY4 (Prop_carry4_CI_CO[3])
                                                      0.114     1.293 r  r8_uart_tx_data_reg[7]_i_46/CO[3]
                         net (fo=1, routed)           0.009     1.302    r8_uart_tx_data_reg[7]_i_46_n_0
    SLICE_X48Y25         CARRY4 (Prop_carry4_CI_CO[3])
                                                      0.114     1.416 r  r8_uart_tx_data_reg[7]_i_41/CO[3]
                         net (fo=1, routed)           0.000     1.416    r8_uart_tx_data_reg[7]_i_41_n_0
    SLICE_X48Y26         CARRY4 (Prop_carry4_CI_CO[3])
                                                      0.114     1.530 r  r8_uart_tx_data_reg[7]_i_36/CO[3]
                         net (fo=1, routed)           0.000     1.530    r8_uart_tx_data_reg[7]_i_36_n_0
    SLICE_X48Y27         CARRY4 (Prop_carry4_CI_CO[3])
                                                      0.114     1.644 r  r8_uart_tx_data_reg[7]_i_31/CO[3]
                         net (fo=1, routed)           0.000     1.644    r8_uart_tx_data_reg[7]_i_31_n_0
    SLICE_X48Y28         CARRY4 (Prop_carry4_CI_CO[3])
                                                      0.114     1.758 r  r8_uart_tx_data_reg[7]_i_22/CO[3]
                         net (fo=1, routed)           0.000     1.758    r8_uart_tx_data_reg[7]_i_22_n_0
    SLICE_X48Y29         CARRY4 (Prop_carry4_CI_CO[3])
                                                      0.114     1.872 r  r8_uart_tx_data_reg[7]_i_11/CO[3]
                         net (fo=1, routed)           0.000     1.872    r8_uart_tx_data_reg[7]_i_11_n_0
    SLICE_X48Y30         CARRY4 (Prop_carry4_CI_CO[2])
                                                      0.228     2.100 r  r8_uart_tx_data_reg[7]_i_5/CO[2]
                         net (fo=12, routed)          0.898     2.998    r_uart_tx_send_en0
    SLICE_X42Y30         LUT4 (Prop_lut4_I0_O)        0.313     3.311 f  app_addr[26]_i_11/O
                         net (fo=1, routed)           0.308     3.620    app_addr[26]_i_11_n_0
    SLICE_X40Y31         LUT6 (Prop_lut6_I0_O)        0.124     3.744 f  app_addr[26]_i_4/O
                         net (fo=1, routed)           0.159     3.902    phy_instance/app_addr_reg[0]_0
    SLICE_X40Y31         LUT6 (Prop_lut6_I3_O)        0.124     4.026 r  phy_instance/app_addr[26]_i_1/O
                         net (fo=27, routed)          0.570     4.596    phy_instance_n_33
    SLICE_X42Y31         FDRE                                         r  app_addr_reg[3]/CE
  -------------------------------------------------------------------    -------------------

                         (clock clk_out4_div_clk_wiz_1 rise edge)
                                                      5.000     5.000 r  
    N15                                               0.000     5.000 r  DDR3_CLK100 (IN)
                         net (fo=0)                   0.000     5.000    clkgen_ddr3ctrl_instance/inst/clk_in1
    N15                  IBUF (Prop_ibuf_I_O)         1.370     6.370 r  clkgen_ddr3ctrl_instance/inst/clkin1_ibufg/O
                         net (fo=1, routed)           1.162     7.532    clkgen_ddr3ctrl_instance/inst/clk_in1_clk_wiz_1
    MMCME2_ADV_X0Y0      MMCME2_ADV (Prop_mmcme2_adv_CLKIN1_CLKOUT4)
                                                     -7.221     0.311 r  clkgen_ddr3ctrl_instance/inst/mmcm_adv_inst/CLKOUT4
                         net (fo=1, routed)           1.587     1.898    clkgen_ddr3ctrl_instance/inst/clk_out4_div_clk_wiz_1
    BUFGCTRL_X0Y0        BUFG (Prop_bufg_I_O)         0.091     1.989 r  clkgen_ddr3ctrl_instance/inst/clkout5_buf/O
                         net (fo=1800, routed)        1.437     3.426    w_clk_div
    SLICE_X42Y31         FDRE                                         r  app_addr_reg[3]/C
                         clock pessimism              0.562     3.988    
                         clock uncertainty           -0.072     3.916    
    SLICE_X42Y31         FDRE (Setup_fdre_C_CE)      -0.169     3.747    app_addr_reg[3]
  -------------------------------------------------------------------
                         required time                          3.747    
                         arrival time                          -4.596    
  -------------------------------------------------------------------
                         slack                                 -0.849    

Slack (VIOLATED) :        -0.823ns  (required time - arrival time)
  Source:                 r128_dram_wrbuf_reg[17]/C
                            (rising edge-triggered cell FDRE clocked by clk_out4_div_clk_wiz_1  {rise@0.000ns fall@2.500ns period=5.000ns})
  Destination:            app_addr_reg[15]/CE
                            (rising edge-triggered cell FDRE clocked by clk_out4_div_clk_wiz_1  {rise@0.000ns fall@2.500ns period=5.000ns})
  Path Group:             clk_out4_div_clk_wiz_1
  Path Type:              Setup (Max at Slow Process Corner)
  Requirement:            5.000ns  (clk_out4_div_clk_wiz_1 rise@5.000ns - clk_out4_div_clk_wiz_1 rise@0.000ns)
  Data Path Delay:        5.544ns  (logic 2.831ns (51.064%)  route 2.713ns (48.936%))
  Logic Levels:           14  (CARRY4=10 LUT3=1 LUT4=1 LUT6=2)
  Clock Path Skew:        -0.037ns (DCD - SCD + CPR)
    Destination Clock Delay (DCD):    -1.572ns = ( 3.428 - 5.000 ) 
    Source Clock Delay      (SCD):    -0.973ns
    Clock Pessimism Removal (CPR):    0.562ns
  Clock Uncertainty:      0.072ns  ((TSJ^2 + DJ^2)^1/2) / 2 + PE
    Total System Jitter     (TSJ):    0.071ns
    Discrete Jitter          (DJ):    0.126ns
    Phase Error              (PE):    0.000ns

    Location             Delay type                Incr(ns)  Path(ns)    Netlist Resource(s)
  -------------------------------------------------------------------    -------------------
                         (clock clk_out4_div_clk_wiz_1 rise edge)
                                                      0.000     0.000 r  
    N15                                               0.000     0.000 r  DDR3_CLK100 (IN)
                         net (fo=0)                   0.000     0.000    clkgen_ddr3ctrl_instance/inst/clk_in1
    N15                  IBUF (Prop_ibuf_I_O)         1.440     1.440 r  clkgen_ddr3ctrl_instance/inst/clkin1_ibufg/O
                         net (fo=1, routed)           1.233     2.673    clkgen_ddr3ctrl_instance/inst/clk_in1_clk_wiz_1
    MMCME2_ADV_X0Y0      MMCME2_ADV (Prop_mmcme2_adv_CLKIN1_CLKOUT4)
                                                     -6.965    -4.291 r  clkgen_ddr3ctrl_instance/inst/mmcm_adv_inst/CLKOUT4
                         net (fo=1, routed)           1.666    -2.625    clkgen_ddr3ctrl_instance/inst/clk_out4_div_clk_wiz_1
    BUFGCTRL_X0Y0        BUFG (Prop_bufg_I_O)         0.096    -2.529 r  clkgen_ddr3ctrl_instance/inst/clkout5_buf/O
                         net (fo=1800, routed)        1.556    -0.973    w_clk_div
    SLICE_X48Y21         FDRE                                         r  r128_dram_wrbuf_reg[17]/C
  -------------------------------------------------------------------    -------------------
    SLICE_X48Y21         FDRE (Prop_fdre_C_Q)         0.456    -0.517 r  r128_dram_wrbuf_reg[17]/Q
                         net (fo=6, routed)           0.793     0.277    r128_dram_wrbuf_reg_n_0_[17]
    SLICE_X48Y21         LUT3 (Prop_lut3_I1_O)        0.124     0.401 r  r8_uart_tx_data[7]_i_69/O
                         net (fo=1, routed)           0.000     0.401    r8_uart_tx_data[7]_i_69_n_0
    SLICE_X48Y21         CARRY4 (Prop_carry4_S[1]_CO[3])
                                                      0.550     0.951 r  r8_uart_tx_data_reg[7]_i_61/CO[3]
                         net (fo=1, routed)           0.000     0.951    r8_uart_tx_data_reg[7]_i_61_n_0
    SLICE_X48Y22         CARRY4 (Prop_carry4_CI_CO[3])
                                                      0.114     1.065 r  r8_uart_tx_data_reg[7]_i_56/CO[3]
                         net (fo=1, routed)           0.000     1.065    r8_uart_tx_data_reg[7]_i_56_n_0
    SLICE_X48Y23         CARRY4 (Prop_carry4_CI_CO[3])
                                                      0.114     1.179 r  r8_uart_tx_data_reg[7]_i_51/CO[3]
                         net (fo=1, routed)           0.000     1.179    r8_uart_tx_data_reg[7]_i_51_n_0
    SLICE_X48Y24         CARRY4 (Prop_carry4_CI_CO[3])
                                                      0.114     1.293 r  r8_uart_tx_data_reg[7]_i_46/CO[3]
                         net (fo=1, routed)           0.009     1.302    r8_uart_tx_data_reg[7]_i_46_n_0
    SLICE_X48Y25         CARRY4 (Prop_carry4_CI_CO[3])
                                                      0.114     1.416 r  r8_uart_tx_data_reg[7]_i_41/CO[3]
                         net (fo=1, routed)           0.000     1.416    r8_uart_tx_data_reg[7]_i_41_n_0
    SLICE_X48Y26         CARRY4 (Prop_carry4_CI_CO[3])
                                                      0.114     1.530 r  r8_uart_tx_data_reg[7]_i_36/CO[3]
                         net (fo=1, routed)           0.000     1.530    r8_uart_tx_data_reg[7]_i_36_n_0
    SLICE_X48Y27         CARRY4 (Prop_carry4_CI_CO[3])
                                                      0.114     1.644 r  r8_uart_tx_data_reg[7]_i_31/CO[3]
                         net (fo=1, routed)           0.000     1.644    r8_uart_tx_data_reg[7]_i_31_n_0
    SLICE_X48Y28         CARRY4 (Prop_carry4_CI_CO[3])
                                                      0.114     1.758 r  r8_uart_tx_data_reg[7]_i_22/CO[3]
                         net (fo=1, routed)           0.000     1.758    r8_uart_tx_data_reg[7]_i_22_n_0
    SLICE_X48Y29         CARRY4 (Prop_carry4_CI_CO[3])
                                                      0.114     1.872 r  r8_uart_tx_data_reg[7]_i_11/CO[3]
                         net (fo=1, routed)           0.000     1.872    r8_uart_tx_data_reg[7]_i_11_n_0
    SLICE_X48Y30         CARRY4 (Prop_carry4_CI_CO[2])
                                                      0.228     2.100 r  r8_uart_tx_data_reg[7]_i_5/CO[2]
                         net (fo=12, routed)          0.898     2.998    r_uart_tx_send_en0
    SLICE_X42Y30         LUT4 (Prop_lut4_I0_O)        0.313     3.311 f  app_addr[26]_i_11/O
                         net (fo=1, routed)           0.308     3.620    app_addr[26]_i_11_n_0
    SLICE_X40Y31         LUT6 (Prop_lut6_I0_O)        0.124     3.744 f  app_addr[26]_i_4/O
                         net (fo=1, routed)           0.159     3.902    phy_instance/app_addr_reg[0]_0
    SLICE_X40Y31         LUT6 (Prop_lut6_I3_O)        0.124     4.026 r  phy_instance/app_addr[26]_i_1/O
                         net (fo=27, routed)          0.545     4.571    phy_instance_n_33
    SLICE_X42Y32         FDRE                                         r  app_addr_reg[15]/CE
  -------------------------------------------------------------------    -------------------

                         (clock clk_out4_div_clk_wiz_1 rise edge)
                                                      5.000     5.000 r  
    N15                                               0.000     5.000 r  DDR3_CLK100 (IN)
                         net (fo=0)                   0.000     5.000    clkgen_ddr3ctrl_instance/inst/clk_in1
    N15                  IBUF (Prop_ibuf_I_O)         1.370     6.370 r  clkgen_ddr3ctrl_instance/inst/clkin1_ibufg/O
                         net (fo=1, routed)           1.162     7.532    clkgen_ddr3ctrl_instance/inst/clk_in1_clk_wiz_1
    MMCME2_ADV_X0Y0      MMCME2_ADV (Prop_mmcme2_adv_CLKIN1_CLKOUT4)
                                                     -7.221     0.311 r  clkgen_ddr3ctrl_instance/inst/mmcm_adv_inst/CLKOUT4
                         net (fo=1, routed)           1.587     1.898    clkgen_ddr3ctrl_instance/inst/clk_out4_div_clk_wiz_1
    BUFGCTRL_X0Y0        BUFG (Prop_bufg_I_O)         0.091     1.989 r  clkgen_ddr3ctrl_instance/inst/clkout5_buf/O
                         net (fo=1800, routed)        1.439     3.428    w_clk_div
    SLICE_X42Y32         FDRE                                         r  app_addr_reg[15]/C
                         clock pessimism              0.562     3.990    
                         clock uncertainty           -0.072     3.918    
    SLICE_X42Y32         FDRE (Setup_fdre_C_CE)      -0.169     3.749    app_addr_reg[15]
  -------------------------------------------------------------------
                         required time                          3.749    
                         arrival time                          -4.571    
  -------------------------------------------------------------------
                         slack                                 -0.823    

Slack (VIOLATED) :        -0.823ns  (required time - arrival time)
  Source:                 r128_dram_wrbuf_reg[17]/C
                            (rising edge-triggered cell FDRE clocked by clk_out4_div_clk_wiz_1  {rise@0.000ns fall@2.500ns period=5.000ns})
  Destination:            app_addr_reg[23]/CE
                            (rising edge-triggered cell FDRE clocked by clk_out4_div_clk_wiz_1  {rise@0.000ns fall@2.500ns period=5.000ns})
  Path Group:             clk_out4_div_clk_wiz_1
  Path Type:              Setup (Max at Slow Process Corner)
  Requirement:            5.000ns  (clk_out4_div_clk_wiz_1 rise@5.000ns - clk_out4_div_clk_wiz_1 rise@0.000ns)
  Data Path Delay:        5.544ns  (logic 2.831ns (51.064%)  route 2.713ns (48.936%))
  Logic Levels:           14  (CARRY4=10 LUT3=1 LUT4=1 LUT6=2)
  Clock Path Skew:        -0.037ns (DCD - SCD + CPR)
    Destination Clock Delay (DCD):    -1.572ns = ( 3.428 - 5.000 ) 
    Source Clock Delay      (SCD):    -0.973ns
    Clock Pessimism Removal (CPR):    0.562ns
  Clock Uncertainty:      0.072ns  ((TSJ^2 + DJ^2)^1/2) / 2 + PE
    Total System Jitter     (TSJ):    0.071ns
    Discrete Jitter          (DJ):    0.126ns
    Phase Error              (PE):    0.000ns

    Location             Delay type                Incr(ns)  Path(ns)    Netlist Resource(s)
  -------------------------------------------------------------------    -------------------
                         (clock clk_out4_div_clk_wiz_1 rise edge)
                                                      0.000     0.000 r  
    N15                                               0.000     0.000 r  DDR3_CLK100 (IN)
                         net (fo=0)                   0.000     0.000    clkgen_ddr3ctrl_instance/inst/clk_in1
    N15                  IBUF (Prop_ibuf_I_O)         1.440     1.440 r  clkgen_ddr3ctrl_instance/inst/clkin1_ibufg/O
                         net (fo=1, routed)           1.233     2.673    clkgen_ddr3ctrl_instance/inst/clk_in1_clk_wiz_1
    MMCME2_ADV_X0Y0      MMCME2_ADV (Prop_mmcme2_adv_CLKIN1_CLKOUT4)
                                                     -6.965    -4.291 r  clkgen_ddr3ctrl_instance/inst/mmcm_adv_inst/CLKOUT4
                         net (fo=1, routed)           1.666    -2.625    clkgen_ddr3ctrl_instance/inst/clk_out4_div_clk_wiz_1
    BUFGCTRL_X0Y0        BUFG (Prop_bufg_I_O)         0.096    -2.529 r  clkgen_ddr3ctrl_instance/inst/clkout5_buf/O
                         net (fo=1800, routed)        1.556    -0.973    w_clk_div
    SLICE_X48Y21         FDRE                                         r  r128_dram_wrbuf_reg[17]/C
  -------------------------------------------------------------------    -------------------
    SLICE_X48Y21         FDRE (Prop_fdre_C_Q)         0.456    -0.517 r  r128_dram_wrbuf_reg[17]/Q
                         net (fo=6, routed)           0.793     0.277    r128_dram_wrbuf_reg_n_0_[17]
    SLICE_X48Y21         LUT3 (Prop_lut3_I1_O)        0.124     0.401 r  r8_uart_tx_data[7]_i_69/O
                         net (fo=1, routed)           0.000     0.401    r8_uart_tx_data[7]_i_69_n_0
    SLICE_X48Y21         CARRY4 (Prop_carry4_S[1]_CO[3])
                                                      0.550     0.951 r  r8_uart_tx_data_reg[7]_i_61/CO[3]
                         net (fo=1, routed)           0.000     0.951    r8_uart_tx_data_reg[7]_i_61_n_0
    SLICE_X48Y22         CARRY4 (Prop_carry4_CI_CO[3])
                                                      0.114     1.065 r  r8_uart_tx_data_reg[7]_i_56/CO[3]
                         net (fo=1, routed)           0.000     1.065    r8_uart_tx_data_reg[7]_i_56_n_0
    SLICE_X48Y23         CARRY4 (Prop_carry4_CI_CO[3])
                                                      0.114     1.179 r  r8_uart_tx_data_reg[7]_i_51/CO[3]
                         net (fo=1, routed)           0.000     1.179    r8_uart_tx_data_reg[7]_i_51_n_0
    SLICE_X48Y24         CARRY4 (Prop_carry4_CI_CO[3])
                                                      0.114     1.293 r  r8_uart_tx_data_reg[7]_i_46/CO[3]
                         net (fo=1, routed)           0.009     1.302    r8_uart_tx_data_reg[7]_i_46_n_0
    SLICE_X48Y25         CARRY4 (Prop_carry4_CI_CO[3])
                                                      0.114     1.416 r  r8_uart_tx_data_reg[7]_i_41/CO[3]
                         net (fo=1, routed)           0.000     1.416    r8_uart_tx_data_reg[7]_i_41_n_0
    SLICE_X48Y26         CARRY4 (Prop_carry4_CI_CO[3])
                                                      0.114     1.530 r  r8_uart_tx_data_reg[7]_i_36/CO[3]
                         net (fo=1, routed)           0.000     1.530    r8_uart_tx_data_reg[7]_i_36_n_0
    SLICE_X48Y27         CARRY4 (Prop_carry4_CI_CO[3])
                                                      0.114     1.644 r  r8_uart_tx_data_reg[7]_i_31/CO[3]
                         net (fo=1, routed)           0.000     1.644    r8_uart_tx_data_reg[7]_i_31_n_0
    SLICE_X48Y28         CARRY4 (Prop_carry4_CI_CO[3])
                                                      0.114     1.758 r  r8_uart_tx_data_reg[7]_i_22/CO[3]
                         net (fo=1, routed)           0.000     1.758    r8_uart_tx_data_reg[7]_i_22_n_0
    SLICE_X48Y29         CARRY4 (Prop_carry4_CI_CO[3])
                                                      0.114     1.872 r  r8_uart_tx_data_reg[7]_i_11/CO[3]
                         net (fo=1, routed)           0.000     1.872    r8_uart_tx_data_reg[7]_i_11_n_0
    SLICE_X48Y30         CARRY4 (Prop_carry4_CI_CO[2])
                                                      0.228     2.100 r  r8_uart_tx_data_reg[7]_i_5/CO[2]
                         net (fo=12, routed)          0.898     2.998    r_uart_tx_send_en0
    SLICE_X42Y30         LUT4 (Prop_lut4_I0_O)        0.313     3.311 f  app_addr[26]_i_11/O
                         net (fo=1, routed)           0.308     3.620    app_addr[26]_i_11_n_0
    SLICE_X40Y31         LUT6 (Prop_lut6_I0_O)        0.124     3.744 f  app_addr[26]_i_4/O
                         net (fo=1, routed)           0.159     3.902    phy_instance/app_addr_reg[0]_0
    SLICE_X40Y31         LUT6 (Prop_lut6_I3_O)        0.124     4.026 r  phy_instance/app_addr[26]_i_1/O
                         net (fo=27, routed)          0.545     4.571    phy_instance_n_33
    SLICE_X42Y32         FDRE                                         r  app_addr_reg[23]/CE
  -------------------------------------------------------------------    -------------------

                         (clock clk_out4_div_clk_wiz_1 rise edge)
                                                      5.000     5.000 r  
    N15                                               0.000     5.000 r  DDR3_CLK100 (IN)
                         net (fo=0)                   0.000     5.000    clkgen_ddr3ctrl_instance/inst/clk_in1
    N15                  IBUF (Prop_ibuf_I_O)         1.370     6.370 r  clkgen_ddr3ctrl_instance/inst/clkin1_ibufg/O
                         net (fo=1, routed)           1.162     7.532    clkgen_ddr3ctrl_instance/inst/clk_in1_clk_wiz_1
    MMCME2_ADV_X0Y0      MMCME2_ADV (Prop_mmcme2_adv_CLKIN1_CLKOUT4)
                                                     -7.221     0.311 r  clkgen_ddr3ctrl_instance/inst/mmcm_adv_inst/CLKOUT4
                         net (fo=1, routed)           1.587     1.898    clkgen_ddr3ctrl_instance/inst/clk_out4_div_clk_wiz_1
    BUFGCTRL_X0Y0        BUFG (Prop_bufg_I_O)         0.091     1.989 r  clkgen_ddr3ctrl_instance/inst/clkout5_buf/O
                         net (fo=1800, routed)        1.439     3.428    w_clk_div
    SLICE_X42Y32         FDRE                                         r  app_addr_reg[23]/C
                         clock pessimism              0.562     3.990    
                         clock uncertainty           -0.072     3.918    
    SLICE_X42Y32         FDRE (Setup_fdre_C_CE)      -0.169     3.749    app_addr_reg[23]
  -------------------------------------------------------------------
                         required time                          3.749    
                         arrival time                          -4.571    
  -------------------------------------------------------------------
                         slack                                 -0.823    

Slack (VIOLATED) :        -0.823ns  (required time - arrival time)
  Source:                 r128_dram_wrbuf_reg[17]/C
                            (rising edge-triggered cell FDRE clocked by clk_out4_div_clk_wiz_1  {rise@0.000ns fall@2.500ns period=5.000ns})
  Destination:            app_addr_reg[26]/CE
                            (rising edge-triggered cell FDRE clocked by clk_out4_div_clk_wiz_1  {rise@0.000ns fall@2.500ns period=5.000ns})
  Path Group:             clk_out4_div_clk_wiz_1
  Path Type:              Setup (Max at Slow Process Corner)
  Requirement:            5.000ns  (clk_out4_div_clk_wiz_1 rise@5.000ns - clk_out4_div_clk_wiz_1 rise@0.000ns)
  Data Path Delay:        5.544ns  (logic 2.831ns (51.064%)  route 2.713ns (48.936%))
  Logic Levels:           14  (CARRY4=10 LUT3=1 LUT4=1 LUT6=2)
  Clock Path Skew:        -0.037ns (DCD - SCD + CPR)
    Destination Clock Delay (DCD):    -1.572ns = ( 3.428 - 5.000 ) 
    Source Clock Delay      (SCD):    -0.973ns
    Clock Pessimism Removal (CPR):    0.562ns
  Clock Uncertainty:      0.072ns  ((TSJ^2 + DJ^2)^1/2) / 2 + PE
    Total System Jitter     (TSJ):    0.071ns
    Discrete Jitter          (DJ):    0.126ns
    Phase Error              (PE):    0.000ns

    Location             Delay type                Incr(ns)  Path(ns)    Netlist Resource(s)
  -------------------------------------------------------------------    -------------------
                         (clock clk_out4_div_clk_wiz_1 rise edge)
                                                      0.000     0.000 r  
    N15                                               0.000     0.000 r  DDR3_CLK100 (IN)
                         net (fo=0)                   0.000     0.000    clkgen_ddr3ctrl_instance/inst/clk_in1
    N15                  IBUF (Prop_ibuf_I_O)         1.440     1.440 r  clkgen_ddr3ctrl_instance/inst/clkin1_ibufg/O
                         net (fo=1, routed)           1.233     2.673    clkgen_ddr3ctrl_instance/inst/clk_in1_clk_wiz_1
    MMCME2_ADV_X0Y0      MMCME2_ADV (Prop_mmcme2_adv_CLKIN1_CLKOUT4)
                                                     -6.965    -4.291 r  clkgen_ddr3ctrl_instance/inst/mmcm_adv_inst/CLKOUT4
                         net (fo=1, routed)           1.666    -2.625    clkgen_ddr3ctrl_instance/inst/clk_out4_div_clk_wiz_1
    BUFGCTRL_X0Y0        BUFG (Prop_bufg_I_O)         0.096    -2.529 r  clkgen_ddr3ctrl_instance/inst/clkout5_buf/O
                         net (fo=1800, routed)        1.556    -0.973    w_clk_div
    SLICE_X48Y21         FDRE                                         r  r128_dram_wrbuf_reg[17]/C
  -------------------------------------------------------------------    -------------------
    SLICE_X48Y21         FDRE (Prop_fdre_C_Q)         0.456    -0.517 r  r128_dram_wrbuf_reg[17]/Q
                         net (fo=6, routed)           0.793     0.277    r128_dram_wrbuf_reg_n_0_[17]
    SLICE_X48Y21         LUT3 (Prop_lut3_I1_O)        0.124     0.401 r  r8_uart_tx_data[7]_i_69/O
                         net (fo=1, routed)           0.000     0.401    r8_uart_tx_data[7]_i_69_n_0
    SLICE_X48Y21         CARRY4 (Prop_carry4_S[1]_CO[3])
                                                      0.550     0.951 r  r8_uart_tx_data_reg[7]_i_61/CO[3]
                         net (fo=1, routed)           0.000     0.951    r8_uart_tx_data_reg[7]_i_61_n_0
    SLICE_X48Y22         CARRY4 (Prop_carry4_CI_CO[3])
                                                      0.114     1.065 r  r8_uart_tx_data_reg[7]_i_56/CO[3]
                         net (fo=1, routed)           0.000     1.065    r8_uart_tx_data_reg[7]_i_56_n_0
    SLICE_X48Y23         CARRY4 (Prop_carry4_CI_CO[3])
                                                      0.114     1.179 r  r8_uart_tx_data_reg[7]_i_51/CO[3]
                         net (fo=1, routed)           0.000     1.179    r8_uart_tx_data_reg[7]_i_51_n_0
    SLICE_X48Y24         CARRY4 (Prop_carry4_CI_CO[3])
                                                      0.114     1.293 r  r8_uart_tx_data_reg[7]_i_46/CO[3]
                         net (fo=1, routed)           0.009     1.302    r8_uart_tx_data_reg[7]_i_46_n_0
    SLICE_X48Y25         CARRY4 (Prop_carry4_CI_CO[3])
                                                      0.114     1.416 r  r8_uart_tx_data_reg[7]_i_41/CO[3]
                         net (fo=1, routed)           0.000     1.416    r8_uart_tx_data_reg[7]_i_41_n_0
    SLICE_X48Y26         CARRY4 (Prop_carry4_CI_CO[3])
                                                      0.114     1.530 r  r8_uart_tx_data_reg[7]_i_36/CO[3]
                         net (fo=1, routed)           0.000     1.530    r8_uart_tx_data_reg[7]_i_36_n_0
    SLICE_X48Y27         CARRY4 (Prop_carry4_CI_CO[3])
                                                      0.114     1.644 r  r8_uart_tx_data_reg[7]_i_31/CO[3]
                         net (fo=1, routed)           0.000     1.644    r8_uart_tx_data_reg[7]_i_31_n_0
    SLICE_X48Y28         CARRY4 (Prop_carry4_CI_CO[3])
                                                      0.114     1.758 r  r8_uart_tx_data_reg[7]_i_22/CO[3]
                         net (fo=1, routed)           0.000     1.758    r8_uart_tx_data_reg[7]_i_22_n_0
    SLICE_X48Y29         CARRY4 (Prop_carry4_CI_CO[3])
                                                      0.114     1.872 r  r8_uart_tx_data_reg[7]_i_11/CO[3]
                         net (fo=1, routed)           0.000     1.872    r8_uart_tx_data_reg[7]_i_11_n_0
    SLICE_X48Y30         CARRY4 (Prop_carry4_CI_CO[2])
                                                      0.228     2.100 r  r8_uart_tx_data_reg[7]_i_5/CO[2]
                         net (fo=12, routed)          0.898     2.998    r_uart_tx_send_en0
    SLICE_X42Y30         LUT4 (Prop_lut4_I0_O)        0.313     3.311 f  app_addr[26]_i_11/O
                         net (fo=1, routed)           0.308     3.620    app_addr[26]_i_11_n_0
    SLICE_X40Y31         LUT6 (Prop_lut6_I0_O)        0.124     3.744 f  app_addr[26]_i_4/O
                         net (fo=1, routed)           0.159     3.902    phy_instance/app_addr_reg[0]_0
    SLICE_X40Y31         LUT6 (Prop_lut6_I3_O)        0.124     4.026 r  phy_instance/app_addr[26]_i_1/O
                         net (fo=27, routed)          0.545     4.571    phy_instance_n_33
    SLICE_X42Y32         FDRE                                         r  app_addr_reg[26]/CE
  -------------------------------------------------------------------    -------------------

                         (clock clk_out4_div_clk_wiz_1 rise edge)
                                                      5.000     5.000 r  
    N15                                               0.000     5.000 r  DDR3_CLK100 (IN)
                         net (fo=0)                   0.000     5.000    clkgen_ddr3ctrl_instance/inst/clk_in1
    N15                  IBUF (Prop_ibuf_I_O)         1.370     6.370 r  clkgen_ddr3ctrl_instance/inst/clkin1_ibufg/O
                         net (fo=1, routed)           1.162     7.532    clkgen_ddr3ctrl_instance/inst/clk_in1_clk_wiz_1
    MMCME2_ADV_X0Y0      MMCME2_ADV (Prop_mmcme2_adv_CLKIN1_CLKOUT4)
                                                     -7.221     0.311 r  clkgen_ddr3ctrl_instance/inst/mmcm_adv_inst/CLKOUT4
                         net (fo=1, routed)           1.587     1.898    clkgen_ddr3ctrl_instance/inst/clk_out4_div_clk_wiz_1
    BUFGCTRL_X0Y0        BUFG (Prop_bufg_I_O)         0.091     1.989 r  clkgen_ddr3ctrl_instance/inst/clkout5_buf/O
                         net (fo=1800, routed)        1.439     3.428    w_clk_div
    SLICE_X42Y32         FDRE                                         r  app_addr_reg[26]/C
                         clock pessimism              0.562     3.990    
                         clock uncertainty           -0.072     3.918    
    SLICE_X42Y32         FDRE (Setup_fdre_C_CE)      -0.169     3.749    app_addr_reg[26]
  -------------------------------------------------------------------
                         required time                          3.749    
                         arrival time                          -4.571    
  -------------------------------------------------------------------
                         slack                                 -0.823    

Slack (VIOLATED) :        -0.823ns  (required time - arrival time)
  Source:                 r128_dram_wrbuf_reg[17]/C
                            (rising edge-triggered cell FDRE clocked by clk_out4_div_clk_wiz_1  {rise@0.000ns fall@2.500ns period=5.000ns})
  Destination:            app_addr_reg[7]/CE
                            (rising edge-triggered cell FDRE clocked by clk_out4_div_clk_wiz_1  {rise@0.000ns fall@2.500ns period=5.000ns})
  Path Group:             clk_out4_div_clk_wiz_1
  Path Type:              Setup (Max at Slow Process Corner)
  Requirement:            5.000ns  (clk_out4_div_clk_wiz_1 rise@5.000ns - clk_out4_div_clk_wiz_1 rise@0.000ns)
  Data Path Delay:        5.544ns  (logic 2.831ns (51.064%)  route 2.713ns (48.936%))
  Logic Levels:           14  (CARRY4=10 LUT3=1 LUT4=1 LUT6=2)
  Clock Path Skew:        -0.037ns (DCD - SCD + CPR)
    Destination Clock Delay (DCD):    -1.572ns = ( 3.428 - 5.000 ) 
    Source Clock Delay      (SCD):    -0.973ns
    Clock Pessimism Removal (CPR):    0.562ns
  Clock Uncertainty:      0.072ns  ((TSJ^2 + DJ^2)^1/2) / 2 + PE
    Total System Jitter     (TSJ):    0.071ns
    Discrete Jitter          (DJ):    0.126ns
    Phase Error              (PE):    0.000ns

    Location             Delay type                Incr(ns)  Path(ns)    Netlist Resource(s)
  -------------------------------------------------------------------    -------------------
                         (clock clk_out4_div_clk_wiz_1 rise edge)
                                                      0.000     0.000 r  
    N15                                               0.000     0.000 r  DDR3_CLK100 (IN)
                         net (fo=0)                   0.000     0.000    clkgen_ddr3ctrl_instance/inst/clk_in1
    N15                  IBUF (Prop_ibuf_I_O)         1.440     1.440 r  clkgen_ddr3ctrl_instance/inst/clkin1_ibufg/O
                         net (fo=1, routed)           1.233     2.673    clkgen_ddr3ctrl_instance/inst/clk_in1_clk_wiz_1
    MMCME2_ADV_X0Y0      MMCME2_ADV (Prop_mmcme2_adv_CLKIN1_CLKOUT4)
                                                     -6.965    -4.291 r  clkgen_ddr3ctrl_instance/inst/mmcm_adv_inst/CLKOUT4
                         net (fo=1, routed)           1.666    -2.625    clkgen_ddr3ctrl_instance/inst/clk_out4_div_clk_wiz_1
    BUFGCTRL_X0Y0        BUFG (Prop_bufg_I_O)         0.096    -2.529 r  clkgen_ddr3ctrl_instance/inst/clkout5_buf/O
                         net (fo=1800, routed)        1.556    -0.973    w_clk_div
    SLICE_X48Y21         FDRE                                         r  r128_dram_wrbuf_reg[17]/C
  -------------------------------------------------------------------    -------------------
    SLICE_X48Y21         FDRE (Prop_fdre_C_Q)         0.456    -0.517 r  r128_dram_wrbuf_reg[17]/Q
                         net (fo=6, routed)           0.793     0.277    r128_dram_wrbuf_reg_n_0_[17]
    SLICE_X48Y21         LUT3 (Prop_lut3_I1_O)        0.124     0.401 r  r8_uart_tx_data[7]_i_69/O
                         net (fo=1, routed)           0.000     0.401    r8_uart_tx_data[7]_i_69_n_0
    SLICE_X48Y21         CARRY4 (Prop_carry4_S[1]_CO[3])
                                                      0.550     0.951 r  r8_uart_tx_data_reg[7]_i_61/CO[3]
                         net (fo=1, routed)           0.000     0.951    r8_uart_tx_data_reg[7]_i_61_n_0
    SLICE_X48Y22         CARRY4 (Prop_carry4_CI_CO[3])
                                                      0.114     1.065 r  r8_uart_tx_data_reg[7]_i_56/CO[3]
                         net (fo=1, routed)           0.000     1.065    r8_uart_tx_data_reg[7]_i_56_n_0
    SLICE_X48Y23         CARRY4 (Prop_carry4_CI_CO[3])
                                                      0.114     1.179 r  r8_uart_tx_data_reg[7]_i_51/CO[3]
                         net (fo=1, routed)           0.000     1.179    r8_uart_tx_data_reg[7]_i_51_n_0
    SLICE_X48Y24         CARRY4 (Prop_carry4_CI_CO[3])
                                                      0.114     1.293 r  r8_uart_tx_data_reg[7]_i_46/CO[3]
                         net (fo=1, routed)           0.009     1.302    r8_uart_tx_data_reg[7]_i_46_n_0
    SLICE_X48Y25         CARRY4 (Prop_carry4_CI_CO[3])
                                                      0.114     1.416 r  r8_uart_tx_data_reg[7]_i_41/CO[3]
                         net (fo=1, routed)           0.000     1.416    r8_uart_tx_data_reg[7]_i_41_n_0
    SLICE_X48Y26         CARRY4 (Prop_carry4_CI_CO[3])
                                                      0.114     1.530 r  r8_uart_tx_data_reg[7]_i_36/CO[3]
                         net (fo=1, routed)           0.000     1.530    r8_uart_tx_data_reg[7]_i_36_n_0
    SLICE_X48Y27         CARRY4 (Prop_carry4_CI_CO[3])
                                                      0.114     1.644 r  r8_uart_tx_data_reg[7]_i_31/CO[3]
                         net (fo=1, routed)           0.000     1.644    r8_uart_tx_data_reg[7]_i_31_n_0
    SLICE_X48Y28         CARRY4 (Prop_carry4_CI_CO[3])
                                                      0.114     1.758 r  r8_uart_tx_data_reg[7]_i_22/CO[3]
                         net (fo=1, routed)           0.000     1.758    r8_uart_tx_data_reg[7]_i_22_n_0
    SLICE_X48Y29         CARRY4 (Prop_carry4_CI_CO[3])
                                                      0.114     1.872 r  r8_uart_tx_data_reg[7]_i_11/CO[3]
                         net (fo=1, routed)           0.000     1.872    r8_uart_tx_data_reg[7]_i_11_n_0
    SLICE_X48Y30         CARRY4 (Prop_carry4_CI_CO[2])
                                                      0.228     2.100 r  r8_uart_tx_data_reg[7]_i_5/CO[2]
                         net (fo=12, routed)          0.898     2.998    r_uart_tx_send_en0
    SLICE_X42Y30         LUT4 (Prop_lut4_I0_O)        0.313     3.311 f  app_addr[26]_i_11/O
                         net (fo=1, routed)           0.308     3.620    app_addr[26]_i_11_n_0
    SLICE_X40Y31         LUT6 (Prop_lut6_I0_O)        0.124     3.744 f  app_addr[26]_i_4/O
                         net (fo=1, routed)           0.159     3.902    phy_instance/app_addr_reg[0]_0
    SLICE_X40Y31         LUT6 (Prop_lut6_I3_O)        0.124     4.026 r  phy_instance/app_addr[26]_i_1/O
                         net (fo=27, routed)          0.545     4.571    phy_instance_n_33
    SLICE_X42Y32         FDRE                                         r  app_addr_reg[7]/CE
  -------------------------------------------------------------------    -------------------

                         (clock clk_out4_div_clk_wiz_1 rise edge)
                                                      5.000     5.000 r  
    N15                                               0.000     5.000 r  DDR3_CLK100 (IN)
                         net (fo=0)                   0.000     5.000    clkgen_ddr3ctrl_instance/inst/clk_in1
    N15                  IBUF (Prop_ibuf_I_O)         1.370     6.370 r  clkgen_ddr3ctrl_instance/inst/clkin1_ibufg/O
                         net (fo=1, routed)           1.162     7.532    clkgen_ddr3ctrl_instance/inst/clk_in1_clk_wiz_1
    MMCME2_ADV_X0Y0      MMCME2_ADV (Prop_mmcme2_adv_CLKIN1_CLKOUT4)
                                                     -7.221     0.311 r  clkgen_ddr3ctrl_instance/inst/mmcm_adv_inst/CLKOUT4
                         net (fo=1, routed)           1.587     1.898    clkgen_ddr3ctrl_instance/inst/clk_out4_div_clk_wiz_1
    BUFGCTRL_X0Y0        BUFG (Prop_bufg_I_O)         0.091     1.989 r  clkgen_ddr3ctrl_instance/inst/clkout5_buf/O
                         net (fo=1800, routed)        1.439     3.428    w_clk_div
    SLICE_X42Y32         FDRE                                         r  app_addr_reg[7]/C
                         clock pessimism              0.562     3.990    
                         clock uncertainty           -0.072     3.918    
    SLICE_X42Y32         FDRE (Setup_fdre_C_CE)      -0.169     3.749    app_addr_reg[7]
  -------------------------------------------------------------------
                         required time                          3.749    
                         arrival time                          -4.571    
  -------------------------------------------------------------------
                         slack                                 -0.823    

Slack (VIOLATED) :        -0.761ns  (required time - arrival time)
  Source:                 r128_dram_wrbuf_reg[17]/C
                            (rising edge-triggered cell FDRE clocked by clk_out4_div_clk_wiz_1  {rise@0.000ns fall@2.500ns period=5.000ns})
  Destination:            app_addr_reg[0]/CE
                            (rising edge-triggered cell FDRE clocked by clk_out4_div_clk_wiz_1  {rise@0.000ns fall@2.500ns period=5.000ns})
  Path Group:             clk_out4_div_clk_wiz_1
  Path Type:              Setup (Max at Slow Process Corner)
  Requirement:            5.000ns  (clk_out4_div_clk_wiz_1 rise@5.000ns - clk_out4_div_clk_wiz_1 rise@0.000ns)
  Data Path Delay:        5.441ns  (logic 2.831ns (52.028%)  route 2.610ns (47.972%))
  Logic Levels:           14  (CARRY4=10 LUT3=1 LUT4=1 LUT6=2)
  Clock Path Skew:        -0.042ns (DCD - SCD + CPR)
    Destination Clock Delay (DCD):    -1.577ns = ( 3.423 - 5.000 ) 
    Source Clock Delay      (SCD):    -0.973ns
    Clock Pessimism Removal (CPR):    0.562ns
  Clock Uncertainty:      0.072ns  ((TSJ^2 + DJ^2)^1/2) / 2 + PE
    Total System Jitter     (TSJ):    0.071ns
    Discrete Jitter          (DJ):    0.126ns
    Phase Error              (PE):    0.000ns

    Location             Delay type                Incr(ns)  Path(ns)    Netlist Resource(s)
  -------------------------------------------------------------------    -------------------
                         (clock clk_out4_div_clk_wiz_1 rise edge)
                                                      0.000     0.000 r  
    N15                                               0.000     0.000 r  DDR3_CLK100 (IN)
                         net (fo=0)                   0.000     0.000    clkgen_ddr3ctrl_instance/inst/clk_in1
    N15                  IBUF (Prop_ibuf_I_O)         1.440     1.440 r  clkgen_ddr3ctrl_instance/inst/clkin1_ibufg/O
                         net (fo=1, routed)           1.233     2.673    clkgen_ddr3ctrl_instance/inst/clk_in1_clk_wiz_1
    MMCME2_ADV_X0Y0      MMCME2_ADV (Prop_mmcme2_adv_CLKIN1_CLKOUT4)
                                                     -6.965    -4.291 r  clkgen_ddr3ctrl_instance/inst/mmcm_adv_inst/CLKOUT4
                         net (fo=1, routed)           1.666    -2.625    clkgen_ddr3ctrl_instance/inst/clk_out4_div_clk_wiz_1
    BUFGCTRL_X0Y0        BUFG (Prop_bufg_I_O)         0.096    -2.529 r  clkgen_ddr3ctrl_instance/inst/clkout5_buf/O
                         net (fo=1800, routed)        1.556    -0.973    w_clk_div
    SLICE_X48Y21         FDRE                                         r  r128_dram_wrbuf_reg[17]/C
  -------------------------------------------------------------------    -------------------
    SLICE_X48Y21         FDRE (Prop_fdre_C_Q)         0.456    -0.517 r  r128_dram_wrbuf_reg[17]/Q
                         net (fo=6, routed)           0.793     0.277    r128_dram_wrbuf_reg_n_0_[17]
    SLICE_X48Y21         LUT3 (Prop_lut3_I1_O)        0.124     0.401 r  r8_uart_tx_data[7]_i_69/O
                         net (fo=1, routed)           0.000     0.401    r8_uart_tx_data[7]_i_69_n_0
    SLICE_X48Y21         CARRY4 (Prop_carry4_S[1]_CO[3])
                                                      0.550     0.951 r  r8_uart_tx_data_reg[7]_i_61/CO[3]
                         net (fo=1, routed)           0.000     0.951    r8_uart_tx_data_reg[7]_i_61_n_0
    SLICE_X48Y22         CARRY4 (Prop_carry4_CI_CO[3])
                                                      0.114     1.065 r  r8_uart_tx_data_reg[7]_i_56/CO[3]
                         net (fo=1, routed)           0.000     1.065    r8_uart_tx_data_reg[7]_i_56_n_0
    SLICE_X48Y23         CARRY4 (Prop_carry4_CI_CO[3])
                                                      0.114     1.179 r  r8_uart_tx_data_reg[7]_i_51/CO[3]
                         net (fo=1, routed)           0.000     1.179    r8_uart_tx_data_reg[7]_i_51_n_0
    SLICE_X48Y24         CARRY4 (Prop_carry4_CI_CO[3])
                                                      0.114     1.293 r  r8_uart_tx_data_reg[7]_i_46/CO[3]
                         net (fo=1, routed)           0.009     1.302    r8_uart_tx_data_reg[7]_i_46_n_0
    SLICE_X48Y25         CARRY4 (Prop_carry4_CI_CO[3])
                                                      0.114     1.416 r  r8_uart_tx_data_reg[7]_i_41/CO[3]
                         net (fo=1, routed)           0.000     1.416    r8_uart_tx_data_reg[7]_i_41_n_0
    SLICE_X48Y26         CARRY4 (Prop_carry4_CI_CO[3])
                                                      0.114     1.530 r  r8_uart_tx_data_reg[7]_i_36/CO[3]
                         net (fo=1, routed)           0.000     1.530    r8_uart_tx_data_reg[7]_i_36_n_0
    SLICE_X48Y27         CARRY4 (Prop_carry4_CI_CO[3])
                                                      0.114     1.644 r  r8_uart_tx_data_reg[7]_i_31/CO[3]
                         net (fo=1, routed)           0.000     1.644    r8_uart_tx_data_reg[7]_i_31_n_0
    SLICE_X48Y28         CARRY4 (Prop_carry4_CI_CO[3])
                                                      0.114     1.758 r  r8_uart_tx_data_reg[7]_i_22/CO[3]
                         net (fo=1, routed)           0.000     1.758    r8_uart_tx_data_reg[7]_i_22_n_0
    SLICE_X48Y29         CARRY4 (Prop_carry4_CI_CO[3])
                                                      0.114     1.872 r  r8_uart_tx_data_reg[7]_i_11/CO[3]
                         net (fo=1, routed)           0.000     1.872    r8_uart_tx_data_reg[7]_i_11_n_0
    SLICE_X48Y30         CARRY4 (Prop_carry4_CI_CO[2])
                                                      0.228     2.100 r  r8_uart_tx_data_reg[7]_i_5/CO[2]
                         net (fo=12, routed)          0.898     2.998    r_uart_tx_send_en0
    SLICE_X42Y30         LUT4 (Prop_lut4_I0_O)        0.313     3.311 f  app_addr[26]_i_11/O
                         net (fo=1, routed)           0.308     3.620    app_addr[26]_i_11_n_0
    SLICE_X40Y31         LUT6 (Prop_lut6_I0_O)        0.124     3.744 f  app_addr[26]_i_4/O
                         net (fo=1, routed)           0.159     3.902    phy_instance/app_addr_reg[0]_0
    SLICE_X40Y31         LUT6 (Prop_lut6_I3_O)        0.124     4.026 r  phy_instance/app_addr[26]_i_1/O
                         net (fo=27, routed)          0.442     4.469    phy_instance_n_33
    SLICE_X39Y30         FDRE                                         r  app_addr_reg[0]/CE
  -------------------------------------------------------------------    -------------------

                         (clock clk_out4_div_clk_wiz_1 rise edge)
                                                      5.000     5.000 r  
    N15                                               0.000     5.000 r  DDR3_CLK100 (IN)
                         net (fo=0)                   0.000     5.000    clkgen_ddr3ctrl_instance/inst/clk_in1
    N15                  IBUF (Prop_ibuf_I_O)         1.370     6.370 r  clkgen_ddr3ctrl_instance/inst/clkin1_ibufg/O
                         net (fo=1, routed)           1.162     7.532    clkgen_ddr3ctrl_instance/inst/clk_in1_clk_wiz_1
    MMCME2_ADV_X0Y0      MMCME2_ADV (Prop_mmcme2_adv_CLKIN1_CLKOUT4)
                                                     -7.221     0.311 r  clkgen_ddr3ctrl_instance/inst/mmcm_adv_inst/CLKOUT4
                         net (fo=1, routed)           1.587     1.898    clkgen_ddr3ctrl_instance/inst/clk_out4_div_clk_wiz_1
    BUFGCTRL_X0Y0        BUFG (Prop_bufg_I_O)         0.091     1.989 r  clkgen_ddr3ctrl_instance/inst/clkout5_buf/O
                         net (fo=1800, routed)        1.434     3.423    w_clk_div
    SLICE_X39Y30         FDRE                                         r  app_addr_reg[0]/C
                         clock pessimism              0.562     3.985    
                         clock uncertainty           -0.072     3.913    
    SLICE_X39Y30         FDRE (Setup_fdre_C_CE)      -0.205     3.708    app_addr_reg[0]
  -------------------------------------------------------------------
                         required time                          3.708    
                         arrival time                          -4.469    
  -------------------------------------------------------------------
                         slack                                 -0.761    

Slack (VIOLATED) :        -0.761ns  (required time - arrival time)
  Source:                 r128_dram_wrbuf_reg[17]/C
                            (rising edge-triggered cell FDRE clocked by clk_out4_div_clk_wiz_1  {rise@0.000ns fall@2.500ns period=5.000ns})
  Destination:            app_addr_reg[10]/CE
                            (rising edge-triggered cell FDRE clocked by clk_out4_div_clk_wiz_1  {rise@0.000ns fall@2.500ns period=5.000ns})
  Path Group:             clk_out4_div_clk_wiz_1
  Path Type:              Setup (Max at Slow Process Corner)
  Requirement:            5.000ns  (clk_out4_div_clk_wiz_1 rise@5.000ns - clk_out4_div_clk_wiz_1 rise@0.000ns)
  Data Path Delay:        5.441ns  (logic 2.831ns (52.028%)  route 2.610ns (47.972%))
  Logic Levels:           14  (CARRY4=10 LUT3=1 LUT4=1 LUT6=2)
  Clock Path Skew:        -0.042ns (DCD - SCD + CPR)
    Destination Clock Delay (DCD):    -1.577ns = ( 3.423 - 5.000 ) 
    Source Clock Delay      (SCD):    -0.973ns
    Clock Pessimism Removal (CPR):    0.562ns
  Clock Uncertainty:      0.072ns  ((TSJ^2 + DJ^2)^1/2) / 2 + PE
    Total System Jitter     (TSJ):    0.071ns
    Discrete Jitter          (DJ):    0.126ns
    Phase Error              (PE):    0.000ns

    Location             Delay type                Incr(ns)  Path(ns)    Netlist Resource(s)
  -------------------------------------------------------------------    -------------------
                         (clock clk_out4_div_clk_wiz_1 rise edge)
                                                      0.000     0.000 r  
    N15                                               0.000     0.000 r  DDR3_CLK100 (IN)
                         net (fo=0)                   0.000     0.000    clkgen_ddr3ctrl_instance/inst/clk_in1
    N15                  IBUF (Prop_ibuf_I_O)         1.440     1.440 r  clkgen_ddr3ctrl_instance/inst/clkin1_ibufg/O
                         net (fo=1, routed)           1.233     2.673    clkgen_ddr3ctrl_instance/inst/clk_in1_clk_wiz_1
    MMCME2_ADV_X0Y0      MMCME2_ADV (Prop_mmcme2_adv_CLKIN1_CLKOUT4)
                                                     -6.965    -4.291 r  clkgen_ddr3ctrl_instance/inst/mmcm_adv_inst/CLKOUT4
                         net (fo=1, routed)           1.666    -2.625    clkgen_ddr3ctrl_instance/inst/clk_out4_div_clk_wiz_1
    BUFGCTRL_X0Y0        BUFG (Prop_bufg_I_O)         0.096    -2.529 r  clkgen_ddr3ctrl_instance/inst/clkout5_buf/O
                         net (fo=1800, routed)        1.556    -0.973    w_clk_div
    SLICE_X48Y21         FDRE                                         r  r128_dram_wrbuf_reg[17]/C
  -------------------------------------------------------------------    -------------------
    SLICE_X48Y21         FDRE (Prop_fdre_C_Q)         0.456    -0.517 r  r128_dram_wrbuf_reg[17]/Q
                         net (fo=6, routed)           0.793     0.277    r128_dram_wrbuf_reg_n_0_[17]
    SLICE_X48Y21         LUT3 (Prop_lut3_I1_O)        0.124     0.401 r  r8_uart_tx_data[7]_i_69/O
                         net (fo=1, routed)           0.000     0.401    r8_uart_tx_data[7]_i_69_n_0
    SLICE_X48Y21         CARRY4 (Prop_carry4_S[1]_CO[3])
                                                      0.550     0.951 r  r8_uart_tx_data_reg[7]_i_61/CO[3]
                         net (fo=1, routed)           0.000     0.951    r8_uart_tx_data_reg[7]_i_61_n_0
    SLICE_X48Y22         CARRY4 (Prop_carry4_CI_CO[3])
                                                      0.114     1.065 r  r8_uart_tx_data_reg[7]_i_56/CO[3]
                         net (fo=1, routed)           0.000     1.065    r8_uart_tx_data_reg[7]_i_56_n_0
    SLICE_X48Y23         CARRY4 (Prop_carry4_CI_CO[3])
                                                      0.114     1.179 r  r8_uart_tx_data_reg[7]_i_51/CO[3]
                         net (fo=1, routed)           0.000     1.179    r8_uart_tx_data_reg[7]_i_51_n_0
    SLICE_X48Y24         CARRY4 (Prop_carry4_CI_CO[3])
                                                      0.114     1.293 r  r8_uart_tx_data_reg[7]_i_46/CO[3]
                         net (fo=1, routed)           0.009     1.302    r8_uart_tx_data_reg[7]_i_46_n_0
    SLICE_X48Y25         CARRY4 (Prop_carry4_CI_CO[3])
                                                      0.114     1.416 r  r8_uart_tx_data_reg[7]_i_41/CO[3]
                         net (fo=1, routed)           0.000     1.416    r8_uart_tx_data_reg[7]_i_41_n_0
    SLICE_X48Y26         CARRY4 (Prop_carry4_CI_CO[3])
                                                      0.114     1.530 r  r8_uart_tx_data_reg[7]_i_36/CO[3]
                         net (fo=1, routed)           0.000     1.530    r8_uart_tx_data_reg[7]_i_36_n_0
    SLICE_X48Y27         CARRY4 (Prop_carry4_CI_CO[3])
                                                      0.114     1.644 r  r8_uart_tx_data_reg[7]_i_31/CO[3]
                         net (fo=1, routed)           0.000     1.644    r8_uart_tx_data_reg[7]_i_31_n_0
    SLICE_X48Y28         CARRY4 (Prop_carry4_CI_CO[3])
                                                      0.114     1.758 r  r8_uart_tx_data_reg[7]_i_22/CO[3]
                         net (fo=1, routed)           0.000     1.758    r8_uart_tx_data_reg[7]_i_22_n_0
    SLICE_X48Y29         CARRY4 (Prop_carry4_CI_CO[3])
                                                      0.114     1.872 r  r8_uart_tx_data_reg[7]_i_11/CO[3]
                         net (fo=1, routed)           0.000     1.872    r8_uart_tx_data_reg[7]_i_11_n_0
    SLICE_X48Y30         CARRY4 (Prop_carry4_CI_CO[2])
                                                      0.228     2.100 r  r8_uart_tx_data_reg[7]_i_5/CO[2]
                         net (fo=12, routed)          0.898     2.998    r_uart_tx_send_en0
    SLICE_X42Y30         LUT4 (Prop_lut4_I0_O)        0.313     3.311 f  app_addr[26]_i_11/O
                         net (fo=1, routed)           0.308     3.620    app_addr[26]_i_11_n_0
    SLICE_X40Y31         LUT6 (Prop_lut6_I0_O)        0.124     3.744 f  app_addr[26]_i_4/O
                         net (fo=1, routed)           0.159     3.902    phy_instance/app_addr_reg[0]_0
    SLICE_X40Y31         LUT6 (Prop_lut6_I3_O)        0.124     4.026 r  phy_instance/app_addr[26]_i_1/O
                         net (fo=27, routed)          0.442     4.469    phy_instance_n_33
    SLICE_X39Y30         FDRE                                         r  app_addr_reg[10]/CE
  -------------------------------------------------------------------    -------------------

                         (clock clk_out4_div_clk_wiz_1 rise edge)
                                                      5.000     5.000 r  
    N15                                               0.000     5.000 r  DDR3_CLK100 (IN)
                         net (fo=0)                   0.000     5.000    clkgen_ddr3ctrl_instance/inst/clk_in1
    N15                  IBUF (Prop_ibuf_I_O)         1.370     6.370 r  clkgen_ddr3ctrl_instance/inst/clkin1_ibufg/O
                         net (fo=1, routed)           1.162     7.532    clkgen_ddr3ctrl_instance/inst/clk_in1_clk_wiz_1
    MMCME2_ADV_X0Y0      MMCME2_ADV (Prop_mmcme2_adv_CLKIN1_CLKOUT4)
                                                     -7.221     0.311 r  clkgen_ddr3ctrl_instance/inst/mmcm_adv_inst/CLKOUT4
                         net (fo=1, routed)           1.587     1.898    clkgen_ddr3ctrl_instance/inst/clk_out4_div_clk_wiz_1
    BUFGCTRL_X0Y0        BUFG (Prop_bufg_I_O)         0.091     1.989 r  clkgen_ddr3ctrl_instance/inst/clkout5_buf/O
                         net (fo=1800, routed)        1.434     3.423    w_clk_div
    SLICE_X39Y30         FDRE                                         r  app_addr_reg[10]/C
                         clock pessimism              0.562     3.985    
                         clock uncertainty           -0.072     3.913    
    SLICE_X39Y30         FDRE (Setup_fdre_C_CE)      -0.205     3.708    app_addr_reg[10]
  -------------------------------------------------------------------
                         required time                          3.708    
                         arrival time                          -4.469    
  -------------------------------------------------------------------
                         slack                                 -0.761    

Slack (VIOLATED) :        -0.761ns  (required time - arrival time)
  Source:                 r128_dram_wrbuf_reg[17]/C
                            (rising edge-triggered cell FDRE clocked by clk_out4_div_clk_wiz_1  {rise@0.000ns fall@2.500ns period=5.000ns})
  Destination:            app_addr_reg[14]/CE
                            (rising edge-triggered cell FDRE clocked by clk_out4_div_clk_wiz_1  {rise@0.000ns fall@2.500ns period=5.000ns})
  Path Group:             clk_out4_div_clk_wiz_1
  Path Type:              Setup (Max at Slow Process Corner)
  Requirement:            5.000ns  (clk_out4_div_clk_wiz_1 rise@5.000ns - clk_out4_div_clk_wiz_1 rise@0.000ns)
  Data Path Delay:        5.441ns  (logic 2.831ns (52.028%)  route 2.610ns (47.972%))
  Logic Levels:           14  (CARRY4=10 LUT3=1 LUT4=1 LUT6=2)
  Clock Path Skew:        -0.042ns (DCD - SCD + CPR)
    Destination Clock Delay (DCD):    -1.577ns = ( 3.423 - 5.000 ) 
    Source Clock Delay      (SCD):    -0.973ns
    Clock Pessimism Removal (CPR):    0.562ns
  Clock Uncertainty:      0.072ns  ((TSJ^2 + DJ^2)^1/2) / 2 + PE
    Total System Jitter     (TSJ):    0.071ns
    Discrete Jitter          (DJ):    0.126ns
    Phase Error              (PE):    0.000ns

    Location             Delay type                Incr(ns)  Path(ns)    Netlist Resource(s)
  -------------------------------------------------------------------    -------------------
                         (clock clk_out4_div_clk_wiz_1 rise edge)
                                                      0.000     0.000 r  
    N15                                               0.000     0.000 r  DDR3_CLK100 (IN)
                         net (fo=0)                   0.000     0.000    clkgen_ddr3ctrl_instance/inst/clk_in1
    N15                  IBUF (Prop_ibuf_I_O)         1.440     1.440 r  clkgen_ddr3ctrl_instance/inst/clkin1_ibufg/O
                         net (fo=1, routed)           1.233     2.673    clkgen_ddr3ctrl_instance/inst/clk_in1_clk_wiz_1
    MMCME2_ADV_X0Y0      MMCME2_ADV (Prop_mmcme2_adv_CLKIN1_CLKOUT4)
                                                     -6.965    -4.291 r  clkgen_ddr3ctrl_instance/inst/mmcm_adv_inst/CLKOUT4
                         net (fo=1, routed)           1.666    -2.625    clkgen_ddr3ctrl_instance/inst/clk_out4_div_clk_wiz_1
    BUFGCTRL_X0Y0        BUFG (Prop_bufg_I_O)         0.096    -2.529 r  clkgen_ddr3ctrl_instance/inst/clkout5_buf/O
                         net (fo=1800, routed)        1.556    -0.973    w_clk_div
    SLICE_X48Y21         FDRE                                         r  r128_dram_wrbuf_reg[17]/C
  -------------------------------------------------------------------    -------------------
    SLICE_X48Y21         FDRE (Prop_fdre_C_Q)         0.456    -0.517 r  r128_dram_wrbuf_reg[17]/Q
                         net (fo=6, routed)           0.793     0.277    r128_dram_wrbuf_reg_n_0_[17]
    SLICE_X48Y21         LUT3 (Prop_lut3_I1_O)        0.124     0.401 r  r8_uart_tx_data[7]_i_69/O
                         net (fo=1, routed)           0.000     0.401    r8_uart_tx_data[7]_i_69_n_0
    SLICE_X48Y21         CARRY4 (Prop_carry4_S[1]_CO[3])
                                                      0.550     0.951 r  r8_uart_tx_data_reg[7]_i_61/CO[3]
                         net (fo=1, routed)           0.000     0.951    r8_uart_tx_data_reg[7]_i_61_n_0
    SLICE_X48Y22         CARRY4 (Prop_carry4_CI_CO[3])
                                                      0.114     1.065 r  r8_uart_tx_data_reg[7]_i_56/CO[3]
                         net (fo=1, routed)           0.000     1.065    r8_uart_tx_data_reg[7]_i_56_n_0
    SLICE_X48Y23         CARRY4 (Prop_carry4_CI_CO[3])
                                                      0.114     1.179 r  r8_uart_tx_data_reg[7]_i_51/CO[3]
                         net (fo=1, routed)           0.000     1.179    r8_uart_tx_data_reg[7]_i_51_n_0
    SLICE_X48Y24         CARRY4 (Prop_carry4_CI_CO[3])
                                                      0.114     1.293 r  r8_uart_tx_data_reg[7]_i_46/CO[3]
                         net (fo=1, routed)           0.009     1.302    r8_uart_tx_data_reg[7]_i_46_n_0
    SLICE_X48Y25         CARRY4 (Prop_carry4_CI_CO[3])
                                                      0.114     1.416 r  r8_uart_tx_data_reg[7]_i_41/CO[3]
                         net (fo=1, routed)           0.000     1.416    r8_uart_tx_data_reg[7]_i_41_n_0
    SLICE_X48Y26         CARRY4 (Prop_carry4_CI_CO[3])
                                                      0.114     1.530 r  r8_uart_tx_data_reg[7]_i_36/CO[3]
                         net (fo=1, routed)           0.000     1.530    r8_uart_tx_data_reg[7]_i_36_n_0
    SLICE_X48Y27         CARRY4 (Prop_carry4_CI_CO[3])
                                                      0.114     1.644 r  r8_uart_tx_data_reg[7]_i_31/CO[3]
                         net (fo=1, routed)           0.000     1.644    r8_uart_tx_data_reg[7]_i_31_n_0
    SLICE_X48Y28         CARRY4 (Prop_carry4_CI_CO[3])
                                                      0.114     1.758 r  r8_uart_tx_data_reg[7]_i_22/CO[3]
                         net (fo=1, routed)           0.000     1.758    r8_uart_tx_data_reg[7]_i_22_n_0
    SLICE_X48Y29         CARRY4 (Prop_carry4_CI_CO[3])
                                                      0.114     1.872 r  r8_uart_tx_data_reg[7]_i_11/CO[3]
                         net (fo=1, routed)           0.000     1.872    r8_uart_tx_data_reg[7]_i_11_n_0
    SLICE_X48Y30         CARRY4 (Prop_carry4_CI_CO[2])
                                                      0.228     2.100 r  r8_uart_tx_data_reg[7]_i_5/CO[2]
                         net (fo=12, routed)          0.898     2.998    r_uart_tx_send_en0
    SLICE_X42Y30         LUT4 (Prop_lut4_I0_O)        0.313     3.311 f  app_addr[26]_i_11/O
                         net (fo=1, routed)           0.308     3.620    app_addr[26]_i_11_n_0
    SLICE_X40Y31         LUT6 (Prop_lut6_I0_O)        0.124     3.744 f  app_addr[26]_i_4/O
                         net (fo=1, routed)           0.159     3.902    phy_instance/app_addr_reg[0]_0
    SLICE_X40Y31         LUT6 (Prop_lut6_I3_O)        0.124     4.026 r  phy_instance/app_addr[26]_i_1/O
                         net (fo=27, routed)          0.442     4.469    phy_instance_n_33
    SLICE_X39Y30         FDRE                                         r  app_addr_reg[14]/CE
  -------------------------------------------------------------------    -------------------

                         (clock clk_out4_div_clk_wiz_1 rise edge)
                                                      5.000     5.000 r  
    N15                                               0.000     5.000 r  DDR3_CLK100 (IN)
                         net (fo=0)                   0.000     5.000    clkgen_ddr3ctrl_instance/inst/clk_in1
    N15                  IBUF (Prop_ibuf_I_O)         1.370     6.370 r  clkgen_ddr3ctrl_instance/inst/clkin1_ibufg/O
                         net (fo=1, routed)           1.162     7.532    clkgen_ddr3ctrl_instance/inst/clk_in1_clk_wiz_1
    MMCME2_ADV_X0Y0      MMCME2_ADV (Prop_mmcme2_adv_CLKIN1_CLKOUT4)
                                                     -7.221     0.311 r  clkgen_ddr3ctrl_instance/inst/mmcm_adv_inst/CLKOUT4
                         net (fo=1, routed)           1.587     1.898    clkgen_ddr3ctrl_instance/inst/clk_out4_div_clk_wiz_1
    BUFGCTRL_X0Y0        BUFG (Prop_bufg_I_O)         0.091     1.989 r  clkgen_ddr3ctrl_instance/inst/clkout5_buf/O
                         net (fo=1800, routed)        1.434     3.423    w_clk_div
    SLICE_X39Y30         FDRE                                         r  app_addr_reg[14]/C
                         clock pessimism              0.562     3.985    
                         clock uncertainty           -0.072     3.913    
    SLICE_X39Y30         FDRE (Setup_fdre_C_CE)      -0.205     3.708    app_addr_reg[14]
  -------------------------------------------------------------------
                         required time                          3.708    
                         arrival time                          -4.469    
  -------------------------------------------------------------------
                         slack                                 -0.761    





Min Delay Paths
--------------------------------------------------------------------------------------
Slack (MET) :             0.052ns  (arrival time - required time)
  Source:                 phy_instance/rn_rddata_reg[118]/C
                            (rising edge-triggered cell FDRE clocked by clk_out4_div_clk_wiz_1  {rise@0.000ns fall@2.500ns period=5.000ns})
  Destination:            rn_ram_reg_1/DIBDI[14]
                            (rising edge-triggered cell RAMB36E1 clocked by clk_out4_div_clk_wiz_1  {rise@0.000ns fall@2.500ns period=5.000ns})
  Path Group:             clk_out4_div_clk_wiz_1
  Path Type:              Hold (Min at Fast Process Corner)
  Requirement:            0.000ns  (clk_out4_div_clk_wiz_1 rise@0.000ns - clk_out4_div_clk_wiz_1 rise@0.000ns)
  Data Path Delay:        0.261ns  (logic 0.141ns (53.936%)  route 0.120ns (46.064%))
  Logic Levels:           0  
  Clock Path Skew:        0.054ns (DCD - SCD - CPR)
    Destination Clock Delay (DCD):    -0.837ns
    Source Clock Delay      (SCD):    -0.638ns
    Clock Pessimism Removal (CPR):    -0.254ns

    Location             Delay type                Incr(ns)  Path(ns)    Netlist Resource(s)
  -------------------------------------------------------------------    -------------------
                         (clock clk_out4_div_clk_wiz_1 rise edge)
                                                      0.000     0.000 r  
    N15                                               0.000     0.000 r  DDR3_CLK100 (IN)
                         net (fo=0)                   0.000     0.000    clkgen_ddr3ctrl_instance/inst/clk_in1
    N15                  IBUF (Prop_ibuf_I_O)         0.209     0.209 r  clkgen_ddr3ctrl_instance/inst/clkin1_ibufg/O
                         net (fo=1, routed)           0.440     0.649    clkgen_ddr3ctrl_instance/inst/clk_in1_clk_wiz_1
    MMCME2_ADV_X0Y0      MMCME2_ADV (Prop_mmcme2_adv_CLKIN1_CLKOUT4)
                                                     -2.362    -1.714 r  clkgen_ddr3ctrl_instance/inst/mmcm_adv_inst/CLKOUT4
                         net (fo=1, routed)           0.489    -1.225    clkgen_ddr3ctrl_instance/inst/clk_out4_div_clk_wiz_1
    BUFGCTRL_X0Y0        BUFG (Prop_bufg_I_O)         0.026    -1.199 r  clkgen_ddr3ctrl_instance/inst/clkout5_buf/O
                         net (fo=1800, routed)        0.561    -0.638    phy_instance/clk_out4_div
    SLICE_X49Y33         FDRE                                         r  phy_instance/rn_rddata_reg[118]/C
  -------------------------------------------------------------------    -------------------
    SLICE_X49Y33         FDRE (Prop_fdre_C_Q)         0.141    -0.497 r  phy_instance/rn_rddata_reg[118]/Q
                         net (fo=3, routed)           0.120    -0.377    w128_phy_rddata[118]
    RAMB36_X1Y6          RAMB36E1                                     r  rn_ram_reg_1/DIBDI[14]
  -------------------------------------------------------------------    -------------------

                         (clock clk_out4_div_clk_wiz_1 rise edge)
                                                      0.000     0.000 r  
    N15                                               0.000     0.000 r  DDR3_CLK100 (IN)
                         net (fo=0)                   0.000     0.000    clkgen_ddr3ctrl_instance/inst/clk_in1
    N15                  IBUF (Prop_ibuf_I_O)         0.396     0.396 r  clkgen_ddr3ctrl_instance/inst/clkin1_ibufg/O
                         net (fo=1, routed)           0.480     0.876    clkgen_ddr3ctrl_instance/inst/clk_in1_clk_wiz_1
    MMCME2_ADV_X0Y0      MMCME2_ADV (Prop_mmcme2_adv_CLKIN1_CLKOUT4)
                                                     -3.145    -2.269 r  clkgen_ddr3ctrl_instance/inst/mmcm_adv_inst/CLKOUT4
                         net (fo=1, routed)           0.534    -1.735    clkgen_ddr3ctrl_instance/inst/clk_out4_div_clk_wiz_1
    BUFGCTRL_X0Y0        BUFG (Prop_bufg_I_O)         0.029    -1.706 r  clkgen_ddr3ctrl_instance/inst/clkout5_buf/O
                         net (fo=1800, routed)        0.869    -0.837    w_clk_div
    RAMB36_X1Y6          RAMB36E1                                     r  rn_ram_reg_1/CLKBWRCLK
                         clock pessimism              0.254    -0.584    
    RAMB36_X1Y6          RAMB36E1 (Hold_ramb36e1_CLKBWRCLK_DIBDI[14])
                                                      0.155    -0.429    rn_ram_reg_1
  -------------------------------------------------------------------
                         required time                          0.429    
                         arrival time                          -0.377    
  -------------------------------------------------------------------
                         slack                                  0.052    

Slack (MET) :             0.112ns  (arrival time - required time)
  Source:                 phy_instance/rn_rddata_reg[80]/C
                            (rising edge-triggered cell FDRE clocked by clk_out4_div_clk_wiz_1  {rise@0.000ns fall@2.500ns period=5.000ns})
  Destination:            rn_ram_reg_1/DIADI[8]
                            (rising edge-triggered cell RAMB36E1 clocked by clk_out4_div_clk_wiz_1  {rise@0.000ns fall@2.500ns period=5.000ns})
  Path Group:             clk_out4_div_clk_wiz_1
  Path Type:              Hold (Min at Fast Process Corner)
  Requirement:            0.000ns  (clk_out4_div_clk_wiz_1 rise@0.000ns - clk_out4_div_clk_wiz_1 rise@0.000ns)
  Data Path Delay:        0.322ns  (logic 0.141ns (43.733%)  route 0.181ns (56.267%))
  Logic Levels:           0  
  Clock Path Skew:        0.055ns (DCD - SCD - CPR)
    Destination Clock Delay (DCD):    -0.837ns
    Source Clock Delay      (SCD):    -0.639ns
    Clock Pessimism Removal (CPR):    -0.254ns

    Location             Delay type                Incr(ns)  Path(ns)    Netlist Resource(s)
  -------------------------------------------------------------------    -------------------
                         (clock clk_out4_div_clk_wiz_1 rise edge)
                                                      0.000     0.000 r  
    N15                                               0.000     0.000 r  DDR3_CLK100 (IN)
                         net (fo=0)                   0.000     0.000    clkgen_ddr3ctrl_instance/inst/clk_in1
    N15                  IBUF (Prop_ibuf_I_O)         0.209     0.209 r  clkgen_ddr3ctrl_instance/inst/clkin1_ibufg/O
                         net (fo=1, routed)           0.440     0.649    clkgen_ddr3ctrl_instance/inst/clk_in1_clk_wiz_1
    MMCME2_ADV_X0Y0      MMCME2_ADV (Prop_mmcme2_adv_CLKIN1_CLKOUT4)
                                                     -2.362    -1.714 r  clkgen_ddr3ctrl_instance/inst/mmcm_adv_inst/CLKOUT4
                         net (fo=1, routed)           0.489    -1.225    clkgen_ddr3ctrl_instance/inst/clk_out4_div_clk_wiz_1
    BUFGCTRL_X0Y0        BUFG (Prop_bufg_I_O)         0.026    -1.199 r  clkgen_ddr3ctrl_instance/inst/clkout5_buf/O
                         net (fo=1800, routed)        0.560    -0.639    phy_instance/clk_out4_div
    SLICE_X48Y32         FDRE                                         r  phy_instance/rn_rddata_reg[80]/C
  -------------------------------------------------------------------    -------------------
    SLICE_X48Y32         FDRE (Prop_fdre_C_Q)         0.141    -0.498 r  phy_instance/rn_rddata_reg[80]/Q
                         net (fo=3, routed)           0.181    -0.317    w128_phy_rddata[80]
    RAMB36_X1Y6          RAMB36E1                                     r  rn_ram_reg_1/DIADI[8]
  -------------------------------------------------------------------    -------------------

                         (clock clk_out4_div_clk_wiz_1 rise edge)
                                                      0.000     0.000 r  
    N15                                               0.000     0.000 r  DDR3_CLK100 (IN)
                         net (fo=0)                   0.000     0.000    clkgen_ddr3ctrl_instance/inst/clk_in1
    N15                  IBUF (Prop_ibuf_I_O)         0.396     0.396 r  clkgen_ddr3ctrl_instance/inst/clkin1_ibufg/O
                         net (fo=1, routed)           0.480     0.876    clkgen_ddr3ctrl_instance/inst/clk_in1_clk_wiz_1
    MMCME2_ADV_X0Y0      MMCME2_ADV (Prop_mmcme2_adv_CLKIN1_CLKOUT4)
                                                     -3.145    -2.269 r  clkgen_ddr3ctrl_instance/inst/mmcm_adv_inst/CLKOUT4
                         net (fo=1, routed)           0.534    -1.735    clkgen_ddr3ctrl_instance/inst/clk_out4_div_clk_wiz_1
    BUFGCTRL_X0Y0        BUFG (Prop_bufg_I_O)         0.029    -1.706 r  clkgen_ddr3ctrl_instance/inst/clkout5_buf/O
                         net (fo=1800, routed)        0.869    -0.837    w_clk_div
    RAMB36_X1Y6          RAMB36E1                                     r  rn_ram_reg_1/CLKBWRCLK
                         clock pessimism              0.254    -0.584    
    RAMB36_X1Y6          RAMB36E1 (Hold_ramb36e1_CLKBWRCLK_DIADI[8])
                                                      0.155    -0.429    rn_ram_reg_1
  -------------------------------------------------------------------
                         required time                          0.429    
                         arrival time                          -0.317    
  -------------------------------------------------------------------
                         slack                                  0.112    

Slack (MET) :             0.114ns  (arrival time - required time)
  Source:                 phy_instance/rn_rddata_reg[117]/C
                            (rising edge-triggered cell FDRE clocked by clk_out4_div_clk_wiz_1  {rise@0.000ns fall@2.500ns period=5.000ns})
  Destination:            rn_ram_reg_1/DIBDI[13]
                            (rising edge-triggered cell RAMB36E1 clocked by clk_out4_div_clk_wiz_1  {rise@0.000ns fall@2.500ns period=5.000ns})
  Path Group:             clk_out4_div_clk_wiz_1
  Path Type:              Hold (Min at Fast Process Corner)
  Requirement:            0.000ns  (clk_out4_div_clk_wiz_1 rise@0.000ns - clk_out4_div_clk_wiz_1 rise@0.000ns)
  Data Path Delay:        0.322ns  (logic 0.141ns (43.736%)  route 0.181ns (56.264%))
  Logic Levels:           0  
  Clock Path Skew:        0.053ns (DCD - SCD - CPR)
    Destination Clock Delay (DCD):    -0.837ns
    Source Clock Delay      (SCD):    -0.637ns
    Clock Pessimism Removal (CPR):    -0.254ns

    Location             Delay type                Incr(ns)  Path(ns)    Netlist Resource(s)
  -------------------------------------------------------------------    -------------------
                         (clock clk_out4_div_clk_wiz_1 rise edge)
                                                      0.000     0.000 r  
    N15                                               0.000     0.000 r  DDR3_CLK100 (IN)
                         net (fo=0)                   0.000     0.000    clkgen_ddr3ctrl_instance/inst/clk_in1
    N15                  IBUF (Prop_ibuf_I_O)         0.209     0.209 r  clkgen_ddr3ctrl_instance/inst/clkin1_ibufg/O
                         net (fo=1, routed)           0.440     0.649    clkgen_ddr3ctrl_instance/inst/clk_in1_clk_wiz_1
    MMCME2_ADV_X0Y0      MMCME2_ADV (Prop_mmcme2_adv_CLKIN1_CLKOUT4)
                                                     -2.362    -1.714 r  clkgen_ddr3ctrl_instance/inst/mmcm_adv_inst/CLKOUT4
                         net (fo=1, routed)           0.489    -1.225    clkgen_ddr3ctrl_instance/inst/clk_out4_div_clk_wiz_1
    BUFGCTRL_X0Y0        BUFG (Prop_bufg_I_O)         0.026    -1.199 r  clkgen_ddr3ctrl_instance/inst/clkout5_buf/O
                         net (fo=1800, routed)        0.562    -0.637    phy_instance/clk_out4_div
    SLICE_X48Y35         FDRE                                         r  phy_instance/rn_rddata_reg[117]/C
  -------------------------------------------------------------------    -------------------
    SLICE_X48Y35         FDRE (Prop_fdre_C_Q)         0.141    -0.496 r  phy_instance/rn_rddata_reg[117]/Q
                         net (fo=3, routed)           0.181    -0.315    w128_phy_rddata[117]
    RAMB36_X1Y6          RAMB36E1                                     r  rn_ram_reg_1/DIBDI[13]
  -------------------------------------------------------------------    -------------------

                         (clock clk_out4_div_clk_wiz_1 rise edge)
                                                      0.000     0.000 r  
    N15                                               0.000     0.000 r  DDR3_CLK100 (IN)
                         net (fo=0)                   0.000     0.000    clkgen_ddr3ctrl_instance/inst/clk_in1
    N15                  IBUF (Prop_ibuf_I_O)         0.396     0.396 r  clkgen_ddr3ctrl_instance/inst/clkin1_ibufg/O
                         net (fo=1, routed)           0.480     0.876    clkgen_ddr3ctrl_instance/inst/clk_in1_clk_wiz_1
    MMCME2_ADV_X0Y0      MMCME2_ADV (Prop_mmcme2_adv_CLKIN1_CLKOUT4)
                                                     -3.145    -2.269 r  clkgen_ddr3ctrl_instance/inst/mmcm_adv_inst/CLKOUT4
                         net (fo=1, routed)           0.534    -1.735    clkgen_ddr3ctrl_instance/inst/clk_out4_div_clk_wiz_1
    BUFGCTRL_X0Y0        BUFG (Prop_bufg_I_O)         0.029    -1.706 r  clkgen_ddr3ctrl_instance/inst/clkout5_buf/O
                         net (fo=1800, routed)        0.869    -0.837    w_clk_div
    RAMB36_X1Y6          RAMB36E1                                     r  rn_ram_reg_1/CLKBWRCLK
                         clock pessimism              0.254    -0.584    
    RAMB36_X1Y6          RAMB36E1 (Hold_ramb36e1_CLKBWRCLK_DIBDI[13])
                                                      0.155    -0.429    rn_ram_reg_1
  -------------------------------------------------------------------
                         required time                          0.429    
                         arrival time                          -0.315    
  -------------------------------------------------------------------
                         slack                                  0.114    

Slack (MET) :             0.118ns  (arrival time - required time)
  Source:                 phy_instance/rn_rddata_reg[31]/C
                            (rising edge-triggered cell FDRE clocked by clk_out4_div_clk_wiz_1  {rise@0.000ns fall@2.500ns period=5.000ns})
  Destination:            r128_ddr_rd_buffer_reg[31]/D
                            (rising edge-triggered cell FDRE clocked by clk_out4_div_clk_wiz_1  {rise@0.000ns fall@2.500ns period=5.000ns})
  Path Group:             clk_out4_div_clk_wiz_1
  Path Type:              Hold (Min at Fast Process Corner)
  Requirement:            0.000ns  (clk_out4_div_clk_wiz_1 rise@0.000ns - clk_out4_div_clk_wiz_1 rise@0.000ns)
  Data Path Delay:        0.207ns  (logic 0.141ns (68.037%)  route 0.066ns (31.963%))
  Logic Levels:           0  
  Clock Path Skew:        0.013ns (DCD - SCD - CPR)
    Destination Clock Delay (DCD):    -0.875ns
    Source Clock Delay      (SCD):    -0.637ns
    Clock Pessimism Removal (CPR):    -0.251ns

    Location             Delay type                Incr(ns)  Path(ns)    Netlist Resource(s)
  -------------------------------------------------------------------    -------------------
                         (clock clk_out4_div_clk_wiz_1 rise edge)
                                                      0.000     0.000 r  
    N15                                               0.000     0.000 r  DDR3_CLK100 (IN)
                         net (fo=0)                   0.000     0.000    clkgen_ddr3ctrl_instance/inst/clk_in1
    N15                  IBUF (Prop_ibuf_I_O)         0.209     0.209 r  clkgen_ddr3ctrl_instance/inst/clkin1_ibufg/O
                         net (fo=1, routed)           0.440     0.649    clkgen_ddr3ctrl_instance/inst/clk_in1_clk_wiz_1
    MMCME2_ADV_X0Y0      MMCME2_ADV (Prop_mmcme2_adv_CLKIN1_CLKOUT4)
                                                     -2.362    -1.714 r  clkgen_ddr3ctrl_instance/inst/mmcm_adv_inst/CLKOUT4
                         net (fo=1, routed)           0.489    -1.225    clkgen_ddr3ctrl_instance/inst/clk_out4_div_clk_wiz_1
    BUFGCTRL_X0Y0        BUFG (Prop_bufg_I_O)         0.026    -1.199 r  clkgen_ddr3ctrl_instance/inst/clkout5_buf/O
                         net (fo=1800, routed)        0.562    -0.637    phy_instance/clk_out4_div
    SLICE_X55Y36         FDRE                                         r  phy_instance/rn_rddata_reg[31]/C
  -------------------------------------------------------------------    -------------------
    SLICE_X55Y36         FDRE (Prop_fdre_C_Q)         0.141    -0.496 r  phy_instance/rn_rddata_reg[31]/Q
                         net (fo=4, routed)           0.066    -0.430    w128_phy_rddata[31]
    SLICE_X54Y36         FDRE                                         r  r128_ddr_rd_buffer_reg[31]/D
  -------------------------------------------------------------------    -------------------

                         (clock clk_out4_div_clk_wiz_1 rise edge)
                                                      0.000     0.000 r  
    N15                                               0.000     0.000 r  DDR3_CLK100 (IN)
                         net (fo=0)                   0.000     0.000    clkgen_ddr3ctrl_instance/inst/clk_in1
    N15                  IBUF (Prop_ibuf_I_O)         0.396     0.396 r  clkgen_ddr3ctrl_instance/inst/clkin1_ibufg/O
                         net (fo=1, routed)           0.480     0.876    clkgen_ddr3ctrl_instance/inst/clk_in1_clk_wiz_1
    MMCME2_ADV_X0Y0      MMCME2_ADV (Prop_mmcme2_adv_CLKIN1_CLKOUT4)
                                                     -3.145    -2.269 r  clkgen_ddr3ctrl_instance/inst/mmcm_adv_inst/CLKOUT4
                         net (fo=1, routed)           0.534    -1.735    clkgen_ddr3ctrl_instance/inst/clk_out4_div_clk_wiz_1
    BUFGCTRL_X0Y0        BUFG (Prop_bufg_I_O)         0.029    -1.706 r  clkgen_ddr3ctrl_instance/inst/clkout5_buf/O
                         net (fo=1800, routed)        0.832    -0.875    w_clk_div
    SLICE_X54Y36         FDRE                                         r  r128_ddr_rd_buffer_reg[31]/C
                         clock pessimism              0.251    -0.624    
    SLICE_X54Y36         FDRE (Hold_fdre_C_D)         0.076    -0.548    r128_ddr_rd_buffer_reg[31]
  -------------------------------------------------------------------
                         required time                          0.548    
                         arrival time                          -0.430    
  -------------------------------------------------------------------
                         slack                                  0.118    

Slack (MET) :             0.124ns  (arrival time - required time)
  Source:                 phy_instance/rn_rddata_reg[74]/C
                            (rising edge-triggered cell FDRE clocked by clk_out4_div_clk_wiz_1  {rise@0.000ns fall@2.500ns period=5.000ns})
  Destination:            rn_ram_reg_1/DIADI[2]
                            (rising edge-triggered cell RAMB36E1 clocked by clk_out4_div_clk_wiz_1  {rise@0.000ns fall@2.500ns period=5.000ns})
  Path Group:             clk_out4_div_clk_wiz_1
  Path Type:              Hold (Min at Fast Process Corner)
  Requirement:            0.000ns  (clk_out4_div_clk_wiz_1 rise@0.000ns - clk_out4_div_clk_wiz_1 rise@0.000ns)
  Data Path Delay:        0.334ns  (logic 0.141ns (42.256%)  route 0.193ns (57.744%))
  Logic Levels:           0  
  Clock Path Skew:        0.054ns (DCD - SCD - CPR)
    Destination Clock Delay (DCD):    -0.837ns
    Source Clock Delay      (SCD):    -0.638ns
    Clock Pessimism Removal (CPR):    -0.254ns

    Location             Delay type                Incr(ns)  Path(ns)    Netlist Resource(s)
  -------------------------------------------------------------------    -------------------
                         (clock clk_out4_div_clk_wiz_1 rise edge)
                                                      0.000     0.000 r  
    N15                                               0.000     0.000 r  DDR3_CLK100 (IN)
                         net (fo=0)                   0.000     0.000    clkgen_ddr3ctrl_instance/inst/clk_in1
    N15                  IBUF (Prop_ibuf_I_O)         0.209     0.209 r  clkgen_ddr3ctrl_instance/inst/clkin1_ibufg/O
                         net (fo=1, routed)           0.440     0.649    clkgen_ddr3ctrl_instance/inst/clk_in1_clk_wiz_1
    MMCME2_ADV_X0Y0      MMCME2_ADV (Prop_mmcme2_adv_CLKIN1_CLKOUT4)
                                                     -2.362    -1.714 r  clkgen_ddr3ctrl_instance/inst/mmcm_adv_inst/CLKOUT4
                         net (fo=1, routed)           0.489    -1.225    clkgen_ddr3ctrl_instance/inst/clk_out4_div_clk_wiz_1
    BUFGCTRL_X0Y0        BUFG (Prop_bufg_I_O)         0.026    -1.199 r  clkgen_ddr3ctrl_instance/inst/clkout5_buf/O
                         net (fo=1800, routed)        0.561    -0.638    phy_instance/clk_out4_div
    SLICE_X49Y33         FDRE                                         r  phy_instance/rn_rddata_reg[74]/C
  -------------------------------------------------------------------    -------------------
    SLICE_X49Y33         FDRE (Prop_fdre_C_Q)         0.141    -0.497 r  phy_instance/rn_rddata_reg[74]/Q
                         net (fo=3, routed)           0.193    -0.305    w128_phy_rddata[74]
    RAMB36_X1Y6          RAMB36E1                                     r  rn_ram_reg_1/DIADI[2]
  -------------------------------------------------------------------    -------------------

                         (clock clk_out4_div_clk_wiz_1 rise edge)
                                                      0.000     0.000 r  
    N15                                               0.000     0.000 r  DDR3_CLK100 (IN)
                         net (fo=0)                   0.000     0.000    clkgen_ddr3ctrl_instance/inst/clk_in1
    N15                  IBUF (Prop_ibuf_I_O)         0.396     0.396 r  clkgen_ddr3ctrl_instance/inst/clkin1_ibufg/O
                         net (fo=1, routed)           0.480     0.876    clkgen_ddr3ctrl_instance/inst/clk_in1_clk_wiz_1
    MMCME2_ADV_X0Y0      MMCME2_ADV (Prop_mmcme2_adv_CLKIN1_CLKOUT4)
                                                     -3.145    -2.269 r  clkgen_ddr3ctrl_instance/inst/mmcm_adv_inst/CLKOUT4
                         net (fo=1, routed)           0.534    -1.735    clkgen_ddr3ctrl_instance/inst/clk_out4_div_clk_wiz_1
    BUFGCTRL_X0Y0        BUFG (Prop_bufg_I_O)         0.029    -1.706 r  clkgen_ddr3ctrl_instance/inst/clkout5_buf/O
                         net (fo=1800, routed)        0.869    -0.837    w_clk_div
    RAMB36_X1Y6          RAMB36E1                                     r  rn_ram_reg_1/CLKBWRCLK
                         clock pessimism              0.254    -0.584    
    RAMB36_X1Y6          RAMB36E1 (Hold_ramb36e1_CLKBWRCLK_DIADI[2])
                                                      0.155    -0.429    rn_ram_reg_1
  -------------------------------------------------------------------
                         required time                          0.429    
                         arrival time                          -0.305    
  -------------------------------------------------------------------
                         slack                                  0.124    

Slack (MET) :             0.124ns  (arrival time - required time)
  Source:                 phy_instance/rn_rddata_reg[103]/C
                            (rising edge-triggered cell FDRE clocked by clk_out4_div_clk_wiz_1  {rise@0.000ns fall@2.500ns period=5.000ns})
  Destination:            rn_ram_reg_1/DIADI[31]
                            (rising edge-triggered cell RAMB36E1 clocked by clk_out4_div_clk_wiz_1  {rise@0.000ns fall@2.500ns period=5.000ns})
  Path Group:             clk_out4_div_clk_wiz_1
  Path Type:              Hold (Min at Fast Process Corner)
  Requirement:            0.000ns  (clk_out4_div_clk_wiz_1 rise@0.000ns - clk_out4_div_clk_wiz_1 rise@0.000ns)
  Data Path Delay:        0.353ns  (logic 0.141ns (39.957%)  route 0.212ns (60.043%))
  Logic Levels:           0  
  Clock Path Skew:        0.073ns (DCD - SCD - CPR)
    Destination Clock Delay (DCD):    -0.837ns
    Source Clock Delay      (SCD):    -0.637ns
    Clock Pessimism Removal (CPR):    -0.274ns

    Location             Delay type                Incr(ns)  Path(ns)    Netlist Resource(s)
  -------------------------------------------------------------------    -------------------
                         (clock clk_out4_div_clk_wiz_1 rise edge)
                                                      0.000     0.000 r  
    N15                                               0.000     0.000 r  DDR3_CLK100 (IN)
                         net (fo=0)                   0.000     0.000    clkgen_ddr3ctrl_instance/inst/clk_in1
    N15                  IBUF (Prop_ibuf_I_O)         0.209     0.209 r  clkgen_ddr3ctrl_instance/inst/clkin1_ibufg/O
                         net (fo=1, routed)           0.440     0.649    clkgen_ddr3ctrl_instance/inst/clk_in1_clk_wiz_1
    MMCME2_ADV_X0Y0      MMCME2_ADV (Prop_mmcme2_adv_CLKIN1_CLKOUT4)
                                                     -2.362    -1.714 r  clkgen_ddr3ctrl_instance/inst/mmcm_adv_inst/CLKOUT4
                         net (fo=1, routed)           0.489    -1.225    clkgen_ddr3ctrl_instance/inst/clk_out4_div_clk_wiz_1
    BUFGCTRL_X0Y0        BUFG (Prop_bufg_I_O)         0.026    -1.199 r  clkgen_ddr3ctrl_instance/inst/clkout5_buf/O
                         net (fo=1800, routed)        0.562    -0.637    phy_instance/clk_out4_div
    SLICE_X51Y34         FDRE                                         r  phy_instance/rn_rddata_reg[103]/C
  -------------------------------------------------------------------    -------------------
    SLICE_X51Y34         FDRE (Prop_fdre_C_Q)         0.141    -0.496 r  phy_instance/rn_rddata_reg[103]/Q
                         net (fo=3, routed)           0.212    -0.284    w128_phy_rddata[103]
    RAMB36_X1Y6          RAMB36E1                                     r  rn_ram_reg_1/DIADI[31]
  -------------------------------------------------------------------    -------------------

                         (clock clk_out4_div_clk_wiz_1 rise edge)
                                                      0.000     0.000 r  
    N15                                               0.000     0.000 r  DDR3_CLK100 (IN)
                         net (fo=0)                   0.000     0.000    clkgen_ddr3ctrl_instance/inst/clk_in1
    N15                  IBUF (Prop_ibuf_I_O)         0.396     0.396 r  clkgen_ddr3ctrl_instance/inst/clkin1_ibufg/O
                         net (fo=1, routed)           0.480     0.876    clkgen_ddr3ctrl_instance/inst/clk_in1_clk_wiz_1
    MMCME2_ADV_X0Y0      MMCME2_ADV (Prop_mmcme2_adv_CLKIN1_CLKOUT4)
                                                     -3.145    -2.269 r  clkgen_ddr3ctrl_instance/inst/mmcm_adv_inst/CLKOUT4
                         net (fo=1, routed)           0.534    -1.735    clkgen_ddr3ctrl_instance/inst/clk_out4_div_clk_wiz_1
    BUFGCTRL_X0Y0        BUFG (Prop_bufg_I_O)         0.029    -1.706 r  clkgen_ddr3ctrl_instance/inst/clkout5_buf/O
                         net (fo=1800, routed)        0.869    -0.837    w_clk_div
    RAMB36_X1Y6          RAMB36E1                                     r  rn_ram_reg_1/CLKBWRCLK
                         clock pessimism              0.274    -0.564    
    RAMB36_X1Y6          RAMB36E1 (Hold_ramb36e1_CLKBWRCLK_DIADI[31])
                                                      0.155    -0.409    rn_ram_reg_1
  -------------------------------------------------------------------
                         required time                          0.409    
                         arrival time                          -0.284    
  -------------------------------------------------------------------
                         slack                                  0.124    

Slack (MET) :             0.130ns  (arrival time - required time)
  Source:                 phy_instance/rn_rddata_reg[29]/C
                            (rising edge-triggered cell FDRE clocked by clk_out4_div_clk_wiz_1  {rise@0.000ns fall@2.500ns period=5.000ns})
  Destination:            rn_ram_reg_0/DIADI[29]
                            (rising edge-triggered cell RAMB36E1 clocked by clk_out4_div_clk_wiz_1  {rise@0.000ns fall@2.500ns period=5.000ns})
  Path Group:             clk_out4_div_clk_wiz_1
  Path Type:              Hold (Min at Fast Process Corner)
  Requirement:            0.000ns  (clk_out4_div_clk_wiz_1 rise@0.000ns - clk_out4_div_clk_wiz_1 rise@0.000ns)
  Data Path Delay:        0.357ns  (logic 0.164ns (45.938%)  route 0.193ns (54.062%))
  Logic Levels:           0  
  Clock Path Skew:        0.072ns (DCD - SCD - CPR)
    Destination Clock Delay (DCD):    -0.843ns
    Source Clock Delay      (SCD):    -0.642ns
    Clock Pessimism Removal (CPR):    -0.274ns

    Location             Delay type                Incr(ns)  Path(ns)    Netlist Resource(s)
  -------------------------------------------------------------------    -------------------
                         (clock clk_out4_div_clk_wiz_1 rise edge)
                                                      0.000     0.000 r  
    N15                                               0.000     0.000 r  DDR3_CLK100 (IN)
                         net (fo=0)                   0.000     0.000    clkgen_ddr3ctrl_instance/inst/clk_in1
    N15                  IBUF (Prop_ibuf_I_O)         0.209     0.209 r  clkgen_ddr3ctrl_instance/inst/clkin1_ibufg/O
                         net (fo=1, routed)           0.440     0.649    clkgen_ddr3ctrl_instance/inst/clk_in1_clk_wiz_1
    MMCME2_ADV_X0Y0      MMCME2_ADV (Prop_mmcme2_adv_CLKIN1_CLKOUT4)
                                                     -2.362    -1.714 r  clkgen_ddr3ctrl_instance/inst/mmcm_adv_inst/CLKOUT4
                         net (fo=1, routed)           0.489    -1.225    clkgen_ddr3ctrl_instance/inst/clk_out4_div_clk_wiz_1
    BUFGCTRL_X0Y0        BUFG (Prop_bufg_I_O)         0.026    -1.199 r  clkgen_ddr3ctrl_instance/inst/clkout5_buf/O
                         net (fo=1800, routed)        0.557    -0.642    phy_instance/clk_out4_div
    SLICE_X52Y29         FDRE                                         r  phy_instance/rn_rddata_reg[29]/C
  -------------------------------------------------------------------    -------------------
    SLICE_X52Y29         FDRE (Prop_fdre_C_Q)         0.164    -0.478 r  phy_instance/rn_rddata_reg[29]/Q
                         net (fo=4, routed)           0.193    -0.285    w128_phy_rddata[29]
    RAMB36_X1Y5          RAMB36E1                                     r  rn_ram_reg_0/DIADI[29]
  -------------------------------------------------------------------    -------------------

                         (clock clk_out4_div_clk_wiz_1 rise edge)
                                                      0.000     0.000 r  
    N15                                               0.000     0.000 r  DDR3_CLK100 (IN)
                         net (fo=0)                   0.000     0.000    clkgen_ddr3ctrl_instance/inst/clk_in1
    N15                  IBUF (Prop_ibuf_I_O)         0.396     0.396 r  clkgen_ddr3ctrl_instance/inst/clkin1_ibufg/O
                         net (fo=1, routed)           0.480     0.876    clkgen_ddr3ctrl_instance/inst/clk_in1_clk_wiz_1
    MMCME2_ADV_X0Y0      MMCME2_ADV (Prop_mmcme2_adv_CLKIN1_CLKOUT4)
                                                     -3.145    -2.269 r  clkgen_ddr3ctrl_instance/inst/mmcm_adv_inst/CLKOUT4
                         net (fo=1, routed)           0.534    -1.735    clkgen_ddr3ctrl_instance/inst/clk_out4_div_clk_wiz_1
    BUFGCTRL_X0Y0        BUFG (Prop_bufg_I_O)         0.029    -1.706 r  clkgen_ddr3ctrl_instance/inst/clkout5_buf/O
                         net (fo=1800, routed)        0.863    -0.843    w_clk_div
    RAMB36_X1Y5          RAMB36E1                                     r  rn_ram_reg_0/CLKBWRCLK
                         clock pessimism              0.274    -0.570    
    RAMB36_X1Y5          RAMB36E1 (Hold_ramb36e1_CLKBWRCLK_DIADI[29])
                                                      0.155    -0.415    rn_ram_reg_0
  -------------------------------------------------------------------
                         required time                          0.415    
                         arrival time                          -0.285    
  -------------------------------------------------------------------
                         slack                                  0.130    

Slack (MET) :             0.138ns  (arrival time - required time)
  Source:                 phy_instance/rn_rddata_reg[110]/C
                            (rising edge-triggered cell FDRE clocked by clk_out4_div_clk_wiz_1  {rise@0.000ns fall@2.500ns period=5.000ns})
  Destination:            rn_ram_reg_1/DIBDI[6]
                            (rising edge-triggered cell RAMB36E1 clocked by clk_out4_div_clk_wiz_1  {rise@0.000ns fall@2.500ns period=5.000ns})
  Path Group:             clk_out4_div_clk_wiz_1
  Path Type:              Hold (Min at Fast Process Corner)
  Requirement:            0.000ns  (clk_out4_div_clk_wiz_1 rise@0.000ns - clk_out4_div_clk_wiz_1 rise@0.000ns)
  Data Path Delay:        0.367ns  (logic 0.141ns (38.430%)  route 0.226ns (61.570%))
  Logic Levels:           0  
  Clock Path Skew:        0.073ns (DCD - SCD - CPR)
    Destination Clock Delay (DCD):    -0.837ns
    Source Clock Delay      (SCD):    -0.637ns
    Clock Pessimism Removal (CPR):    -0.274ns

    Location             Delay type                Incr(ns)  Path(ns)    Netlist Resource(s)
  -------------------------------------------------------------------    -------------------
                         (clock clk_out4_div_clk_wiz_1 rise edge)
                                                      0.000     0.000 r  
    N15                                               0.000     0.000 r  DDR3_CLK100 (IN)
                         net (fo=0)                   0.000     0.000    clkgen_ddr3ctrl_instance/inst/clk_in1
    N15                  IBUF (Prop_ibuf_I_O)         0.209     0.209 r  clkgen_ddr3ctrl_instance/inst/clkin1_ibufg/O
                         net (fo=1, routed)           0.440     0.649    clkgen_ddr3ctrl_instance/inst/clk_in1_clk_wiz_1
    MMCME2_ADV_X0Y0      MMCME2_ADV (Prop_mmcme2_adv_CLKIN1_CLKOUT4)
                                                     -2.362    -1.714 r  clkgen_ddr3ctrl_instance/inst/mmcm_adv_inst/CLKOUT4
                         net (fo=1, routed)           0.489    -1.225    clkgen_ddr3ctrl_instance/inst/clk_out4_div_clk_wiz_1
    BUFGCTRL_X0Y0        BUFG (Prop_bufg_I_O)         0.026    -1.199 r  clkgen_ddr3ctrl_instance/inst/clkout5_buf/O
                         net (fo=1800, routed)        0.562    -0.637    phy_instance/clk_out4_div
    SLICE_X51Y36         FDRE                                         r  phy_instance/rn_rddata_reg[110]/C
  -------------------------------------------------------------------    -------------------
    SLICE_X51Y36         FDRE (Prop_fdre_C_Q)         0.141    -0.496 r  phy_instance/rn_rddata_reg[110]/Q
                         net (fo=3, routed)           0.226    -0.270    w128_phy_rddata[110]
    RAMB36_X1Y6          RAMB36E1                                     r  rn_ram_reg_1/DIBDI[6]
  -------------------------------------------------------------------    -------------------

                         (clock clk_out4_div_clk_wiz_1 rise edge)
                                                      0.000     0.000 r  
    N15                                               0.000     0.000 r  DDR3_CLK100 (IN)
                         net (fo=0)                   0.000     0.000    clkgen_ddr3ctrl_instance/inst/clk_in1
    N15                  IBUF (Prop_ibuf_I_O)         0.396     0.396 r  clkgen_ddr3ctrl_instance/inst/clkin1_ibufg/O
                         net (fo=1, routed)           0.480     0.876    clkgen_ddr3ctrl_instance/inst/clk_in1_clk_wiz_1
    MMCME2_ADV_X0Y0      MMCME2_ADV (Prop_mmcme2_adv_CLKIN1_CLKOUT4)
                                                     -3.145    -2.269 r  clkgen_ddr3ctrl_instance/inst/mmcm_adv_inst/CLKOUT4
                         net (fo=1, routed)           0.534    -1.735    clkgen_ddr3ctrl_instance/inst/clk_out4_div_clk_wiz_1
    BUFGCTRL_X0Y0        BUFG (Prop_bufg_I_O)         0.029    -1.706 r  clkgen_ddr3ctrl_instance/inst/clkout5_buf/O
                         net (fo=1800, routed)        0.869    -0.837    w_clk_div
    RAMB36_X1Y6          RAMB36E1                                     r  rn_ram_reg_1/CLKBWRCLK
                         clock pessimism              0.274    -0.564    
    RAMB36_X1Y6          RAMB36E1 (Hold_ramb36e1_CLKBWRCLK_DIBDI[6])
                                                      0.155    -0.409    rn_ram_reg_1
  -------------------------------------------------------------------
                         required time                          0.409    
                         arrival time                          -0.270    
  -------------------------------------------------------------------
                         slack                                  0.138    

Slack (MET) :             0.140ns  (arrival time - required time)
  Source:                 phy_instance/rn_wrdata_buf_reg[125]/C
                            (rising edge-triggered cell FDRE clocked by clk_out4_div_clk_wiz_1  {rise@0.000ns fall@2.500ns period=5.000ns})
  Destination:            phy_instance/rn_oserdes_dq_par_reg[2]/D
                            (rising edge-triggered cell FDRE clocked by clk_out4_div_clk_wiz_1  {rise@0.000ns fall@2.500ns period=5.000ns})
  Path Group:             clk_out4_div_clk_wiz_1
  Path Type:              Hold (Min at Fast Process Corner)
  Requirement:            0.000ns  (clk_out4_div_clk_wiz_1 rise@0.000ns - clk_out4_div_clk_wiz_1 rise@0.000ns)
  Data Path Delay:        0.273ns  (logic 0.186ns (68.106%)  route 0.087ns (31.894%))
  Logic Levels:           1  (LUT3=1)
  Clock Path Skew:        0.013ns (DCD - SCD - CPR)
    Destination Clock Delay (DCD):    -0.845ns
    Source Clock Delay      (SCD):    -0.607ns
    Clock Pessimism Removal (CPR):    -0.251ns

    Location             Delay type                Incr(ns)  Path(ns)    Netlist Resource(s)
  -------------------------------------------------------------------    -------------------
                         (clock clk_out4_div_clk_wiz_1 rise edge)
                                                      0.000     0.000 r  
    N15                                               0.000     0.000 r  DDR3_CLK100 (IN)
                         net (fo=0)                   0.000     0.000    clkgen_ddr3ctrl_instance/inst/clk_in1
    N15                  IBUF (Prop_ibuf_I_O)         0.209     0.209 r  clkgen_ddr3ctrl_instance/inst/clkin1_ibufg/O
                         net (fo=1, routed)           0.440     0.649    clkgen_ddr3ctrl_instance/inst/clk_in1_clk_wiz_1
    MMCME2_ADV_X0Y0      MMCME2_ADV (Prop_mmcme2_adv_CLKIN1_CLKOUT4)
                                                     -2.362    -1.714 r  clkgen_ddr3ctrl_instance/inst/mmcm_adv_inst/CLKOUT4
                         net (fo=1, routed)           0.489    -1.225    clkgen_ddr3ctrl_instance/inst/clk_out4_div_clk_wiz_1
    BUFGCTRL_X0Y0        BUFG (Prop_bufg_I_O)         0.026    -1.199 r  clkgen_ddr3ctrl_instance/inst/clkout5_buf/O
                         net (fo=1800, routed)        0.592    -0.607    phy_instance/clk_out4_div
    SLICE_X61Y38         FDRE                                         r  phy_instance/rn_wrdata_buf_reg[125]/C
  -------------------------------------------------------------------    -------------------
    SLICE_X61Y38         FDRE (Prop_fdre_C_Q)         0.141    -0.466 r  phy_instance/rn_wrdata_buf_reg[125]/Q
                         net (fo=1, routed)           0.087    -0.379    phy_instance/rn_wrdata_buf[125]
    SLICE_X60Y38         LUT3 (Prop_lut3_I0_O)        0.045    -0.334 r  phy_instance/rn_oserdes_dq_par[2]_i_1/O
                         net (fo=1, routed)           0.000    -0.334    phy_instance/rn_oserdes_dq_par[2]_i_1_n_0
    SLICE_X60Y38         FDRE                                         r  phy_instance/rn_oserdes_dq_par_reg[2]/D
  -------------------------------------------------------------------    -------------------

                         (clock clk_out4_div_clk_wiz_1 rise edge)
                                                      0.000     0.000 r  
    N15                                               0.000     0.000 r  DDR3_CLK100 (IN)
                         net (fo=0)                   0.000     0.000    clkgen_ddr3ctrl_instance/inst/clk_in1
    N15                  IBUF (Prop_ibuf_I_O)         0.396     0.396 r  clkgen_ddr3ctrl_instance/inst/clkin1_ibufg/O
                         net (fo=1, routed)           0.480     0.876    clkgen_ddr3ctrl_instance/inst/clk_in1_clk_wiz_1
    MMCME2_ADV_X0Y0      MMCME2_ADV (Prop_mmcme2_adv_CLKIN1_CLKOUT4)
                                                     -3.145    -2.269 r  clkgen_ddr3ctrl_instance/inst/mmcm_adv_inst/CLKOUT4
                         net (fo=1, routed)           0.534    -1.735    clkgen_ddr3ctrl_instance/inst/clk_out4_div_clk_wiz_1
    BUFGCTRL_X0Y0        BUFG (Prop_bufg_I_O)         0.029    -1.706 r  clkgen_ddr3ctrl_instance/inst/clkout5_buf/O
                         net (fo=1800, routed)        0.862    -0.845    phy_instance/clk_out4_div
    SLICE_X60Y38         FDRE                                         r  phy_instance/rn_oserdes_dq_par_reg[2]/C
                         clock pessimism              0.251    -0.594    
    SLICE_X60Y38         FDRE (Hold_fdre_C_D)         0.120    -0.474    phy_instance/rn_oserdes_dq_par_reg[2]
  -------------------------------------------------------------------
                         required time                          0.474    
                         arrival time                          -0.334    
  -------------------------------------------------------------------
                         slack                                  0.140    

Slack (MET) :             0.154ns  (arrival time - required time)
  Source:                 r8_16_rx_buff_reg[8][5]/C
                            (rising edge-triggered cell FDRE clocked by clk_out4_div_clk_wiz_1  {rise@0.000ns fall@2.500ns period=5.000ns})
  Destination:            r128_dram_wrbuf_reg[69]/D
                            (rising edge-triggered cell FDRE clocked by clk_out4_div_clk_wiz_1  {rise@0.000ns fall@2.500ns period=5.000ns})
  Path Group:             clk_out4_div_clk_wiz_1
  Path Type:              Hold (Min at Fast Process Corner)
  Requirement:            0.000ns  (clk_out4_div_clk_wiz_1 rise@0.000ns - clk_out4_div_clk_wiz_1 rise@0.000ns)
  Data Path Delay:        0.256ns  (logic 0.141ns (55.041%)  route 0.115ns (44.959%))
  Logic Levels:           0  
  Clock Path Skew:        0.036ns (DCD - SCD - CPR)
    Destination Clock Delay (DCD):    -0.886ns
    Source Clock Delay      (SCD):    -0.648ns
    Clock Pessimism Removal (CPR):    -0.274ns

    Location             Delay type                Incr(ns)  Path(ns)    Netlist Resource(s)
  -------------------------------------------------------------------    -------------------
                         (clock clk_out4_div_clk_wiz_1 rise edge)
                                                      0.000     0.000 r  
    N15                                               0.000     0.000 r  DDR3_CLK100 (IN)
                         net (fo=0)                   0.000     0.000    clkgen_ddr3ctrl_instance/inst/clk_in1
    N15                  IBUF (Prop_ibuf_I_O)         0.209     0.209 r  clkgen_ddr3ctrl_instance/inst/clkin1_ibufg/O
                         net (fo=1, routed)           0.440     0.649    clkgen_ddr3ctrl_instance/inst/clk_in1_clk_wiz_1
    MMCME2_ADV_X0Y0      MMCME2_ADV (Prop_mmcme2_adv_CLKIN1_CLKOUT4)
                                                     -2.362    -1.714 r  clkgen_ddr3ctrl_instance/inst/mmcm_adv_inst/CLKOUT4
                         net (fo=1, routed)           0.489    -1.225    clkgen_ddr3ctrl_instance/inst/clk_out4_div_clk_wiz_1
    BUFGCTRL_X0Y0        BUFG (Prop_bufg_I_O)         0.026    -1.199 r  clkgen_ddr3ctrl_instance/inst/clkout5_buf/O
                         net (fo=1800, routed)        0.551    -0.648    w_clk_div
    SLICE_X43Y26         FDRE                                         r  r8_16_rx_buff_reg[8][5]/C
  -------------------------------------------------------------------    -------------------
    SLICE_X43Y26         FDRE (Prop_fdre_C_Q)         0.141    -0.507 r  r8_16_rx_buff_reg[8][5]/Q
                         net (fo=1, routed)           0.115    -0.392    r8_16_rx_buff_reg[8][5]
    SLICE_X45Y27         FDRE                                         r  r128_dram_wrbuf_reg[69]/D
  -------------------------------------------------------------------    -------------------

                         (clock clk_out4_div_clk_wiz_1 rise edge)
                                                      0.000     0.000 r  
    N15                                               0.000     0.000 r  DDR3_CLK100 (IN)
                         net (fo=0)                   0.000     0.000    clkgen_ddr3ctrl_instance/inst/clk_in1
    N15                  IBUF (Prop_ibuf_I_O)         0.396     0.396 r  clkgen_ddr3ctrl_instance/inst/clkin1_ibufg/O
                         net (fo=1, routed)           0.480     0.876    clkgen_ddr3ctrl_instance/inst/clk_in1_clk_wiz_1
    MMCME2_ADV_X0Y0      MMCME2_ADV (Prop_mmcme2_adv_CLKIN1_CLKOUT4)
                                                     -3.145    -2.269 r  clkgen_ddr3ctrl_instance/inst/mmcm_adv_inst/CLKOUT4
                         net (fo=1, routed)           0.534    -1.735    clkgen_ddr3ctrl_instance/inst/clk_out4_div_clk_wiz_1
    BUFGCTRL_X0Y0        BUFG (Prop_bufg_I_O)         0.029    -1.706 r  clkgen_ddr3ctrl_instance/inst/clkout5_buf/O
                         net (fo=1800, routed)        0.821    -0.886    w_clk_div
    SLICE_X45Y27         FDRE                                         r  r128_dram_wrbuf_reg[69]/C
                         clock pessimism              0.274    -0.612    
    SLICE_X45Y27         FDRE (Hold_fdre_C_D)         0.066    -0.546    r128_dram_wrbuf_reg[69]
  -------------------------------------------------------------------
                         required time                          0.546    
                         arrival time                          -0.392    
  -------------------------------------------------------------------
                         slack                                  0.154    





Pulse Width Checks
--------------------------------------------------------------------------------------
Clock Name:         clk_out4_div_clk_wiz_1
Waveform(ns):       { 0.000 2.500 }
Period(ns):         5.000
Sources:            { clkgen_ddr3ctrl_instance/inst/mmcm_adv_inst/CLKOUT4 }

Check Type        Corner  Lib Pin             Reference Pin  Required(ns)  Actual(ns)  Slack(ns)  Location         Pin
Min Period        n/a     RAMB36E1/CLKARDCLK  n/a            2.944         5.000       2.056      RAMB36_X1Y5      rn_ram_reg_0/CLKARDCLK
Min Period        n/a     RAMB36E1/CLKBWRCLK  n/a            2.944         5.000       2.056      RAMB36_X1Y5      rn_ram_reg_0/CLKBWRCLK
Min Period        n/a     RAMB36E1/CLKARDCLK  n/a            2.944         5.000       2.056      RAMB36_X1Y6      rn_ram_reg_1/CLKARDCLK
Min Period        n/a     RAMB36E1/CLKBWRCLK  n/a            2.944         5.000       2.056      RAMB36_X1Y6      rn_ram_reg_1/CLKBWRCLK
Min Period        n/a     RAMB18E1/CLKARDCLK  n/a            2.944         5.000       2.056      RAMB18_X2Y10     phy_instance/cmdfifo_inst/U0/inst_fifo_gen/gconvfifo.rf/grf.rf/gntv_or_sync_fifo.mem/gbm.gbmg.gbmga.ngecc.bmg/inst_blk_mem_gen/gnbram.gnativebmg.native_blk_mem_gen/valid.cstr/ramloop[0].ram.r/prim_noinit.ram/DEVICE_7SERIES.NO_BMM_INFO.SDP.WIDE_PRIM18.ram/CLKARDCLK
Min Period        n/a     RAMB18E1/CLKBWRCLK  n/a            2.944         5.000       2.056      RAMB18_X2Y10     phy_instance/cmdfifo_inst/U0/inst_fifo_gen/gconvfifo.rf/grf.rf/gntv_or_sync_fifo.mem/gbm.gbmg.gbmga.ngecc.bmg/inst_blk_mem_gen/gnbram.gnativebmg.native_blk_mem_gen/valid.cstr/ramloop[0].ram.r/prim_noinit.ram/DEVICE_7SERIES.NO_BMM_INFO.SDP.WIDE_PRIM18.ram/CLKBWRCLK
Min Period        n/a     RAMB36E1/CLKARDCLK  n/a            2.944         5.000       2.056      RAMB36_X2Y6      phy_instance/cmdfifo_inst/U0/inst_fifo_gen/gconvfifo.rf/grf.rf/gntv_or_sync_fifo.mem/gbm.gbmg.gbmga.ngecc.bmg/inst_blk_mem_gen/gnbram.gnativebmg.native_blk_mem_gen/valid.cstr/ramloop[1].ram.r/prim_noinit.ram/DEVICE_7SERIES.NO_BMM_INFO.SDP.WIDE_PRIM36_NO_ECC.ram/CLKARDCLK
Min Period        n/a     RAMB36E1/CLKBWRCLK  n/a            2.944         5.000       2.056      RAMB36_X2Y6      phy_instance/cmdfifo_inst/U0/inst_fifo_gen/gconvfifo.rf/grf.rf/gntv_or_sync_fifo.mem/gbm.gbmg.gbmga.ngecc.bmg/inst_blk_mem_gen/gnbram.gnativebmg.native_blk_mem_gen/valid.cstr/ramloop[1].ram.r/prim_noinit.ram/DEVICE_7SERIES.NO_BMM_INFO.SDP.WIDE_PRIM36_NO_ECC.ram/CLKBWRCLK
Min Period        n/a     RAMB36E1/CLKARDCLK  n/a            2.944         5.000       2.056      RAMB36_X2Y4      phy_instance/cmdfifo_inst/U0/inst_fifo_gen/gconvfifo.rf/grf.rf/gntv_or_sync_fifo.mem/gbm.gbmg.gbmga.ngecc.bmg/inst_blk_mem_gen/gnbram.gnativebmg.native_blk_mem_gen/valid.cstr/ramloop[2].ram.r/prim_noinit.ram/DEVICE_7SERIES.NO_BMM_INFO.SDP.WIDE_PRIM36_NO_ECC.ram/CLKARDCLK
Min Period        n/a     RAMB36E1/CLKBWRCLK  n/a            2.944         5.000       2.056      RAMB36_X2Y4      phy_instance/cmdfifo_inst/U0/inst_fifo_gen/gconvfifo.rf/grf.rf/gntv_or_sync_fifo.mem/gbm.gbmg.gbmga.ngecc.bmg/inst_blk_mem_gen/gnbram.gnativebmg.native_blk_mem_gen/valid.cstr/ramloop[2].ram.r/prim_noinit.ram/DEVICE_7SERIES.NO_BMM_INFO.SDP.WIDE_PRIM36_NO_ECC.ram/CLKBWRCLK
Max Period        n/a     MMCME2_ADV/CLKOUT4  n/a            213.360       5.000       208.360    MMCME2_ADV_X0Y0  clkgen_ddr3ctrl_instance/inst/mmcm_adv_inst/CLKOUT4
Low Pulse Width   Slow    SRL16E/CLK          n/a            0.980         2.500       1.520      SLICE_X60Y27     phy_instance/r8_wrm_pipe_reg[0][0]_srl3/CLK
Low Pulse Width   Fast    SRL16E/CLK          n/a            0.980         2.500       1.520      SLICE_X60Y27     phy_instance/r8_wrm_pipe_reg[0][0]_srl3/CLK
Low Pulse Width   Slow    SRL16E/CLK          n/a            0.980         2.500       1.520      SLICE_X60Y27     phy_instance/r8_wrm_pipe_reg[0][1]_srl3/CLK
Low Pulse Width   Fast    SRL16E/CLK          n/a            0.980         2.500       1.520      SLICE_X60Y27     phy_instance/r8_wrm_pipe_reg[0][1]_srl3/CLK
Low Pulse Width   Slow    SRL16E/CLK          n/a            0.980         2.500       1.520      SLICE_X60Y27     phy_instance/r8_wrm_pipe_reg[0][2]_srl3/CLK
Low Pulse Width   Fast    SRL16E/CLK          n/a            0.980         2.500       1.520      SLICE_X60Y27     phy_instance/r8_wrm_pipe_reg[0][2]_srl3/CLK
Low Pulse Width   Slow    SRL16E/CLK          n/a            0.980         2.500       1.520      SLICE_X60Y27     phy_instance/r8_wrm_pipe_reg[0][3]_srl3/CLK
Low Pulse Width   Fast    SRL16E/CLK          n/a            0.980         2.500       1.520      SLICE_X60Y27     phy_instance/r8_wrm_pipe_reg[0][3]_srl3/CLK
Low Pulse Width   Slow    SRL16E/CLK          n/a            0.980         2.500       1.520      SLICE_X60Y27     phy_instance/r8_wrm_pipe_reg[0][4]_srl3/CLK
Low Pulse Width   Fast    SRL16E/CLK          n/a            0.980         2.500       1.520      SLICE_X60Y27     phy_instance/r8_wrm_pipe_reg[0][4]_srl3/CLK
High Pulse Width  Slow    SRL16E/CLK          n/a            0.980         2.500       1.520      SLICE_X60Y27     phy_instance/r8_wrm_pipe_reg[0][0]_srl3/CLK
High Pulse Width  Fast    SRL16E/CLK          n/a            0.980         2.500       1.520      SLICE_X60Y27     phy_instance/r8_wrm_pipe_reg[0][0]_srl3/CLK
High Pulse Width  Slow    SRL16E/CLK          n/a            0.980         2.500       1.520      SLICE_X60Y27     phy_instance/r8_wrm_pipe_reg[0][1]_srl3/CLK
High Pulse Width  Fast    SRL16E/CLK          n/a            0.980         2.500       1.520      SLICE_X60Y27     phy_instance/r8_wrm_pipe_reg[0][1]_srl3/CLK
High Pulse Width  Slow    SRL16E/CLK          n/a            0.980         2.500       1.520      SLICE_X60Y27     phy_instance/r8_wrm_pipe_reg[0][2]_srl3/CLK
High Pulse Width  Fast    SRL16E/CLK          n/a            0.980         2.500       1.520      SLICE_X60Y27     phy_instance/r8_wrm_pipe_reg[0][2]_srl3/CLK
High Pulse Width  Slow    SRL16E/CLK          n/a            0.980         2.500       1.520      SLICE_X60Y27     phy_instance/r8_wrm_pipe_reg[0][3]_srl3/CLK
High Pulse Width  Fast    SRL16E/CLK          n/a            0.980         2.500       1.520      SLICE_X60Y27     phy_instance/r8_wrm_pipe_reg[0][3]_srl3/CLK
High Pulse Width  Slow    SRL16E/CLK          n/a            0.980         2.500       1.520      SLICE_X60Y27     phy_instance/r8_wrm_pipe_reg[0][4]_srl3/CLK
High Pulse Width  Fast    SRL16E/CLK          n/a            0.980         2.500       1.520      SLICE_X60Y27     phy_instance/r8_wrm_pipe_reg[0][4]_srl3/CLK



---------------------------------------------------------------------------------------------------
From Clock:  clkfbout_clk_wiz_1
  To Clock:  clkfbout_clk_wiz_1

Setup :           NA  Failing Endpoints,  Worst Slack           NA  ,  Total Violation           NA
Hold  :           NA  Failing Endpoints,  Worst Slack           NA  ,  Total Violation           NA
PW    :            0  Failing Endpoints,  Worst Slack        7.845ns,  Total Violation        0.000ns
---------------------------------------------------------------------------------------------------


Pulse Width Checks
--------------------------------------------------------------------------------------
Clock Name:         clkfbout_clk_wiz_1
Waveform(ns):       { 0.000 5.000 }
Period(ns):         10.000
Sources:            { clkgen_ddr3ctrl_instance/inst/mmcm_adv_inst/CLKFBOUT }

Check Type  Corner  Lib Pin              Reference Pin  Required(ns)  Actual(ns)  Slack(ns)  Location         Pin
Min Period  n/a     BUFG/I               n/a            2.155         10.000      7.845      BUFGCTRL_X0Y4    clkgen_ddr3ctrl_instance/inst/clkf_buf/I
Min Period  n/a     MMCME2_ADV/CLKFBOUT  n/a            1.249         10.000      8.751      MMCME2_ADV_X0Y0  clkgen_ddr3ctrl_instance/inst/mmcm_adv_inst/CLKFBOUT
Min Period  n/a     MMCME2_ADV/CLKFBIN   n/a            1.249         10.000      8.751      MMCME2_ADV_X0Y0  clkgen_ddr3ctrl_instance/inst/mmcm_adv_inst/CLKFBIN
Max Period  n/a     MMCME2_ADV/CLKFBIN   n/a            100.000       10.000      90.000     MMCME2_ADV_X0Y0  clkgen_ddr3ctrl_instance/inst/mmcm_adv_inst/CLKFBIN
Max Period  n/a     MMCME2_ADV/CLKFBOUT  n/a            213.360       10.000      203.360    MMCME2_ADV_X0Y0  clkgen_ddr3ctrl_instance/inst/mmcm_adv_inst/CLKFBOUT



--------------------------------------------------------------------------------------
Path Group:  (none)
From Clock:  
  To Clock:  

Max Delay            18 Endpoints
Min Delay            18 Endpoints
--------------------------------------------------------------------------------------


Max Delay Paths
--------------------------------------------------------------------------------------
Slack:                    inf
  Source:                 RGBLED0_2[0]/G
                            (positive level-sensitive latch)
  Destination:            RGBLED0[2]
                            (output port)
  Path Group:             (none)
  Path Type:              Max at Slow Process Corner
  Data Path Delay:        9.201ns  (logic 4.305ns (46.793%)  route 4.896ns (53.207%))
  Logic Levels:           2  (LDCE=1 OBUF=1)

    Location             Delay type                Incr(ns)  Path(ns)    Netlist Resource(s)
  -------------------------------------------------------------------    -------------------
    SLICE_X36Y37         LDCE                         0.000     0.000 r  RGBLED0_2[0]/G
    SLICE_X36Y37         LDCE (EnToQ_ldce_G_Q)        0.763     0.763 r  RGBLED0_2[0]/Q
                         net (fo=2, routed)           4.896     5.659    RGBLED0_OBUF[2]
    A10                  OBUF (Prop_obuf_I_O)         3.542     9.201 r  RGBLED0_OBUF[2]_inst/O
                         net (fo=0)                   0.000     9.201    RGBLED0[2]
    A10                                                               r  RGBLED0[2] (OUT)
  -------------------------------------------------------------------    -------------------

Slack:                    inf
  Source:                 ddr3_dq[15]
                            (input port)
  Destination:            phy_instance/genblk11[15].iserdes_dq_inst/DDLY
  Path Group:             (none)
  Path Type:              Max at Slow Process Corner
  Data Path Delay:        1.688ns  (logic 1.688ns (100.000%)  route 0.000ns (0.000%))
  Logic Levels:           2  (IBUF=1 IDELAYE2=1)

    Location             Delay type                Incr(ns)  Path(ns)    Netlist Resource(s)
  -------------------------------------------------------------------    -------------------
    M2                                                0.000     0.000 r  ddr3_dq[15] (INOUT)
                         net (fo=1, unset)            0.000     0.000    phy_instance/genblk9[15].iobuf_dq_inst/IO
    M2                   IBUF (Prop_ibuf_I_O)         0.873     0.873 r  phy_instance/genblk9[15].iobuf_dq_inst/IBUF/O
                         net (fo=1, routed)           0.000     0.873    phy_instance/wn_dq_rd_15
    IDELAY_X1Y35         IDELAYE2 (Prop_idelaye2_IDATAIN_DATAOUT)
                                                      0.815     1.688 r  phy_instance/genblk10[15].idelay_dq_inst/DATAOUT
                         net (fo=1, routed)           0.000     1.688    phy_instance/wn_dq_rd_delayed_15
    ILOGIC_X1Y35         ISERDESE2                                    r  phy_instance/genblk11[15].iserdes_dq_inst/DDLY
  -------------------------------------------------------------------    -------------------

Slack:                    inf
  Source:                 ddr3_dq[10]
                            (input port)
  Destination:            phy_instance/genblk11[10].iserdes_dq_inst/DDLY
  Path Group:             (none)
  Path Type:              Max at Slow Process Corner
  Data Path Delay:        1.685ns  (logic 1.685ns (100.000%)  route 0.000ns (0.000%))
  Logic Levels:           2  (IBUF=1 IDELAYE2=1)

    Location             Delay type                Incr(ns)  Path(ns)    Netlist Resource(s)
  -------------------------------------------------------------------    -------------------
    P1                                                0.000     0.000 r  ddr3_dq[10] (INOUT)
                         net (fo=1, unset)            0.000     0.000    phy_instance/genblk9[10].iobuf_dq_inst/IO
    P1                   IBUF (Prop_ibuf_I_O)         0.870     0.870 r  phy_instance/genblk9[10].iobuf_dq_inst/IBUF/O
                         net (fo=1, routed)           0.000     0.870    phy_instance/wn_dq_rd_10
    IDELAY_X1Y27         IDELAYE2 (Prop_idelaye2_IDATAIN_DATAOUT)
                                                      0.815     1.685 r  phy_instance/genblk10[10].idelay_dq_inst/DATAOUT
                         net (fo=1, routed)           0.000     1.685    phy_instance/wn_dq_rd_delayed_10
    ILOGIC_X1Y27         ISERDESE2                                    r  phy_instance/genblk11[10].iserdes_dq_inst/DDLY
  -------------------------------------------------------------------    -------------------

Slack:                    inf
  Source:                 ddr3_dq[2]
                            (input port)
  Destination:            phy_instance/genblk11[2].iserdes_dq_inst/DDLY
  Path Group:             (none)
  Path Type:              Max at Slow Process Corner
  Data Path Delay:        1.682ns  (logic 1.682ns (100.000%)  route 0.000ns (0.000%))
  Logic Levels:           2  (IBUF=1 IDELAYE2=1)

    Location             Delay type                Incr(ns)  Path(ns)    Netlist Resource(s)
  -------------------------------------------------------------------    -------------------
    K3                                                0.000     0.000 r  ddr3_dq[2] (INOUT)
                         net (fo=1, unset)            0.000     0.000    phy_instance/genblk9[2].iobuf_dq_inst/IO
    K3                   IBUF (Prop_ibuf_I_O)         0.867     0.867 r  phy_instance/genblk9[2].iobuf_dq_inst/IBUF/O
                         net (fo=1, routed)           0.000     0.867    phy_instance/wn_dq_rd_2
    IDELAY_X1Y46         IDELAYE2 (Prop_idelaye2_IDATAIN_DATAOUT)
                                                      0.815     1.682 r  phy_instance/genblk10[2].idelay_dq_inst/DATAOUT
                         net (fo=1, routed)           0.000     1.682    phy_instance/wn_dq_rd_delayed_2
    ILOGIC_X1Y46         ISERDESE2                                    r  phy_instance/genblk11[2].iserdes_dq_inst/DDLY
  -------------------------------------------------------------------    -------------------

Slack:                    inf
  Source:                 ddr3_dq[7]
                            (input port)
  Destination:            phy_instance/genblk11[7].iserdes_dq_inst/DDLY
  Path Group:             (none)
  Path Type:              Max at Slow Process Corner
  Data Path Delay:        1.680ns  (logic 1.680ns (100.000%)  route 0.000ns (0.000%))
  Logic Levels:           2  (IBUF=1 IDELAYE2=1)

    Location             Delay type                Incr(ns)  Path(ns)    Netlist Resource(s)
  -------------------------------------------------------------------    -------------------
    K6                                                0.000     0.000 r  ddr3_dq[7] (INOUT)
                         net (fo=1, unset)            0.000     0.000    phy_instance/genblk9[7].iobuf_dq_inst/IO
    K6                   IBUF (Prop_ibuf_I_O)         0.865     0.865 r  phy_instance/genblk9[7].iobuf_dq_inst/IBUF/O
                         net (fo=1, routed)           0.000     0.865    phy_instance/wn_dq_rd_7
    IDELAY_X1Y42         IDELAYE2 (Prop_idelaye2_IDATAIN_DATAOUT)
                                                      0.815     1.680 r  phy_instance/genblk10[7].idelay_dq_inst/DATAOUT
                         net (fo=1, routed)           0.000     1.680    phy_instance/wn_dq_rd_delayed_7
    ILOGIC_X1Y42         ISERDESE2                                    r  phy_instance/genblk11[7].iserdes_dq_inst/DDLY
  -------------------------------------------------------------------    -------------------

Slack:                    inf
  Source:                 ddr3_dq[0]
                            (input port)
  Destination:            phy_instance/genblk11[0].iserdes_dq_inst/DDLY
  Path Group:             (none)
  Path Type:              Max at Slow Process Corner
  Data Path Delay:        1.679ns  (logic 1.679ns (100.000%)  route 0.000ns (0.000%))
  Logic Levels:           2  (IBUF=1 IDELAYE2=1)

    Location             Delay type                Incr(ns)  Path(ns)    Netlist Resource(s)
  -------------------------------------------------------------------    -------------------
    K2                                                0.000     0.000 r  ddr3_dq[0] (INOUT)
                         net (fo=1, unset)            0.000     0.000    phy_instance/genblk9[0].iobuf_dq_inst/IO
    K2                   IBUF (Prop_ibuf_I_O)         0.864     0.864 r  phy_instance/genblk9[0].iobuf_dq_inst/IBUF/O
                         net (fo=1, routed)           0.000     0.864    phy_instance/wn_dq_rd_0
    IDELAY_X1Y45         IDELAYE2 (Prop_idelaye2_IDATAIN_DATAOUT)
                                                      0.815     1.679 r  phy_instance/genblk10[0].idelay_dq_inst/DATAOUT
                         net (fo=1, routed)           0.000     1.679    phy_instance/wn_dq_rd_delayed_0
    ILOGIC_X1Y45         ISERDESE2                                    r  phy_instance/genblk11[0].iserdes_dq_inst/DDLY
  -------------------------------------------------------------------    -------------------

Slack:                    inf
  Source:                 ddr3_dq[14]
                            (input port)
  Destination:            phy_instance/genblk11[14].iserdes_dq_inst/DDLY
  Path Group:             (none)
  Path Type:              Max at Slow Process Corner
  Data Path Delay:        1.679ns  (logic 1.679ns (100.000%)  route 0.000ns (0.000%))
  Logic Levels:           2  (IBUF=1 IDELAYE2=1)

    Location             Delay type                Incr(ns)  Path(ns)    Netlist Resource(s)
  -------------------------------------------------------------------    -------------------
    P2                                                0.000     0.000 r  ddr3_dq[14] (INOUT)
                         net (fo=1, unset)            0.000     0.000    phy_instance/genblk9[14].iobuf_dq_inst/IO
    P2                   IBUF (Prop_ibuf_I_O)         0.864     0.864 r  phy_instance/genblk9[14].iobuf_dq_inst/IBUF/O
                         net (fo=1, routed)           0.000     0.864    phy_instance/wn_dq_rd_14
    IDELAY_X1Y28         IDELAYE2 (Prop_idelaye2_IDATAIN_DATAOUT)
                                                      0.815     1.679 r  phy_instance/genblk10[14].idelay_dq_inst/DATAOUT
                         net (fo=1, routed)           0.000     1.679    phy_instance/wn_dq_rd_delayed_14
    ILOGIC_X1Y28         ISERDESE2                                    r  phy_instance/genblk11[14].iserdes_dq_inst/DDLY
  -------------------------------------------------------------------    -------------------

Slack:                    inf
  Source:                 ddr3_dq[4]
                            (input port)
  Destination:            phy_instance/genblk11[4].iserdes_dq_inst/DDLY
  Path Group:             (none)
  Path Type:              Max at Slow Process Corner
  Data Path Delay:        1.678ns  (logic 1.678ns (100.000%)  route 0.000ns (0.000%))
  Logic Levels:           2  (IBUF=1 IDELAYE2=1)

    Location             Delay type                Incr(ns)  Path(ns)    Netlist Resource(s)
  -------------------------------------------------------------------    -------------------
    L6                                                0.000     0.000 r  ddr3_dq[4] (INOUT)
                         net (fo=1, unset)            0.000     0.000    phy_instance/genblk9[4].iobuf_dq_inst/IO
    L6                   IBUF (Prop_ibuf_I_O)         0.863     0.863 r  phy_instance/genblk9[4].iobuf_dq_inst/IBUF/O
                         net (fo=1, routed)           0.000     0.863    phy_instance/wn_dq_rd_4
    IDELAY_X1Y41         IDELAYE2 (Prop_idelaye2_IDATAIN_DATAOUT)
                                                      0.815     1.678 r  phy_instance/genblk10[4].idelay_dq_inst/DATAOUT
                         net (fo=1, routed)           0.000     1.678    phy_instance/wn_dq_rd_delayed_4
    ILOGIC_X1Y41         ISERDESE2                                    r  phy_instance/genblk11[4].iserdes_dq_inst/DDLY
  -------------------------------------------------------------------    -------------------

Slack:                    inf
  Source:                 ddr3_dq[11]
                            (input port)
  Destination:            phy_instance/genblk11[11].iserdes_dq_inst/DDLY
  Path Group:             (none)
  Path Type:              Max at Slow Process Corner
  Data Path Delay:        1.674ns  (logic 1.674ns (100.000%)  route 0.000ns (0.000%))
  Logic Levels:           2  (IBUF=1 IDELAYE2=1)

    Location             Delay type                Incr(ns)  Path(ns)    Netlist Resource(s)
  -------------------------------------------------------------------    -------------------
    N1                                                0.000     0.000 r  ddr3_dq[11] (INOUT)
                         net (fo=1, unset)            0.000     0.000    phy_instance/genblk9[11].iobuf_dq_inst/IO
    N1                   IBUF (Prop_ibuf_I_O)         0.859     0.859 r  phy_instance/genblk9[11].iobuf_dq_inst/IBUF/O
                         net (fo=1, routed)           0.000     0.859    phy_instance/wn_dq_rd_11
    IDELAY_X1Y33         IDELAYE2 (Prop_idelaye2_IDATAIN_DATAOUT)
                                                      0.815     1.674 r  phy_instance/genblk10[11].idelay_dq_inst/DATAOUT
                         net (fo=1, routed)           0.000     1.674    phy_instance/wn_dq_rd_delayed_11
    ILOGIC_X1Y33         ISERDESE2                                    r  phy_instance/genblk11[11].iserdes_dq_inst/DDLY
  -------------------------------------------------------------------    -------------------

Slack:                    inf
  Source:                 ddr3_dq[9]
                            (input port)
  Destination:            phy_instance/genblk11[9].iserdes_dq_inst/DDLY
  Path Group:             (none)
  Path Type:              Max at Slow Process Corner
  Data Path Delay:        1.672ns  (logic 1.672ns (100.000%)  route 0.000ns (0.000%))
  Logic Levels:           2  (IBUF=1 IDELAYE2=1)

    Location             Delay type                Incr(ns)  Path(ns)    Netlist Resource(s)
  -------------------------------------------------------------------    -------------------
    M1                                                0.000     0.000 r  ddr3_dq[9] (INOUT)
                         net (fo=1, unset)            0.000     0.000    phy_instance/genblk9[9].iobuf_dq_inst/IO
    M1                   IBUF (Prop_ibuf_I_O)         0.857     0.857 r  phy_instance/genblk9[9].iobuf_dq_inst/IBUF/O
                         net (fo=1, routed)           0.000     0.857    phy_instance/wn_dq_rd_9
    IDELAY_X1Y34         IDELAYE2 (Prop_idelaye2_IDATAIN_DATAOUT)
                                                      0.815     1.672 r  phy_instance/genblk10[9].idelay_dq_inst/DATAOUT
                         net (fo=1, routed)           0.000     1.672    phy_instance/wn_dq_rd_delayed_9
    ILOGIC_X1Y34         ISERDESE2                                    r  phy_instance/genblk11[9].iserdes_dq_inst/DDLY
  -------------------------------------------------------------------    -------------------





Min Delay Paths
--------------------------------------------------------------------------------------
Slack:                    inf
  Source:                 RGBLED0_2[0]/G
                            (positive level-sensitive latch)
  Destination:            RGBLED0_2[0]/D
  Path Group:             (none)
  Path Type:              Min at Fast Process Corner
  Data Path Delay:        0.456ns  (logic 0.269ns (58.996%)  route 0.187ns (41.004%))
  Logic Levels:           2  (LDCE=1 LUT1=1)

    Location             Delay type                Incr(ns)  Path(ns)    Netlist Resource(s)
  -------------------------------------------------------------------    -------------------
    SLICE_X36Y37         LDCE                         0.000     0.000 r  RGBLED0_2[0]/G
    SLICE_X36Y37         LDCE (EnToQ_ldce_G_Q)        0.224     0.224 f  RGBLED0_2[0]/Q
                         net (fo=2, routed)           0.187     0.411    RGBLED0_OBUF[2]
    SLICE_X36Y37         LUT1 (Prop_lut1_I0_O)        0.045     0.456 r  RGBLED0_2[0]_i_1/O
                         net (fo=1, routed)           0.000     0.456    RGBLED0_2[0]_i_1_n_0
    SLICE_X36Y37         LDCE                                         r  RGBLED0_2[0]/D
  -------------------------------------------------------------------    -------------------

Slack:                    inf
  Source:                 ddr3_dq[3]
                            (input port)
  Destination:            phy_instance/genblk11[3].iserdes_dq_inst/DDLY
  Path Group:             (none)
  Path Type:              Min at Fast Process Corner
  Data Path Delay:        0.544ns  (logic 0.544ns (100.000%)  route 0.000ns (0.000%))
  Logic Levels:           2  (IBUF=1 IDELAYE2=1)

    Location             Delay type                Incr(ns)  Path(ns)    Netlist Resource(s)
  -------------------------------------------------------------------    -------------------
    L5                                                0.000     0.000 r  ddr3_dq[3] (INOUT)
                         net (fo=1, unset)            0.000     0.000    phy_instance/genblk9[3].iobuf_dq_inst/IO
    L5                   IBUF (Prop_ibuf_I_O)         0.301     0.301 r  phy_instance/genblk9[3].iobuf_dq_inst/IBUF/O
                         net (fo=1, routed)           0.000     0.301    phy_instance/wn_dq_rd_3
    IDELAY_X1Y40         IDELAYE2 (Prop_idelaye2_IDATAIN_DATAOUT)
                                                      0.243     0.544 r  phy_instance/genblk10[3].idelay_dq_inst/DATAOUT
                         net (fo=1, routed)           0.000     0.544    phy_instance/wn_dq_rd_delayed_3
    ILOGIC_X1Y40         ISERDESE2                                    r  phy_instance/genblk11[3].iserdes_dq_inst/DDLY
  -------------------------------------------------------------------    -------------------

Slack:                    inf
  Source:                 ddr3_dq[1]
                            (input port)
  Destination:            phy_instance/genblk11[1].iserdes_dq_inst/DDLY
  Path Group:             (none)
  Path Type:              Min at Fast Process Corner
  Data Path Delay:        0.544ns  (logic 0.544ns (100.000%)  route 0.000ns (0.000%))
  Logic Levels:           2  (IBUF=1 IDELAYE2=1)

    Location             Delay type                Incr(ns)  Path(ns)    Netlist Resource(s)
  -------------------------------------------------------------------    -------------------
    M4                                                0.000     0.000 r  ddr3_dq[1] (INOUT)
                         net (fo=1, unset)            0.000     0.000    phy_instance/genblk9[1].iobuf_dq_inst/IO
    M4                   IBUF (Prop_ibuf_I_O)         0.301     0.301 r  phy_instance/genblk9[1].iobuf_dq_inst/IBUF/O
                         net (fo=1, routed)           0.000     0.301    phy_instance/wn_dq_rd_1
    IDELAY_X1Y39         IDELAYE2 (Prop_idelaye2_IDATAIN_DATAOUT)
                                                      0.243     0.544 r  phy_instance/genblk10[1].idelay_dq_inst/DATAOUT
                         net (fo=1, routed)           0.000     0.544    phy_instance/wn_dq_rd_delayed_1
    ILOGIC_X1Y39         ISERDESE2                                    r  phy_instance/genblk11[1].iserdes_dq_inst/DDLY
  -------------------------------------------------------------------    -------------------

Slack:                    inf
  Source:                 ddr3_dq[13]
                            (input port)
  Destination:            phy_instance/genblk11[13].iserdes_dq_inst/DDLY
  Path Group:             (none)
  Path Type:              Min at Fast Process Corner
  Data Path Delay:        0.561ns  (logic 0.561ns (100.000%)  route 0.000ns (0.000%))
  Logic Levels:           2  (IBUF=1 IDELAYE2=1)

    Location             Delay type                Incr(ns)  Path(ns)    Netlist Resource(s)
  -------------------------------------------------------------------    -------------------
    N4                                                0.000     0.000 r  ddr3_dq[13] (INOUT)
                         net (fo=1, unset)            0.000     0.000    phy_instance/genblk9[13].iobuf_dq_inst/IO
    N4                   IBUF (Prop_ibuf_I_O)         0.318     0.318 r  phy_instance/genblk9[13].iobuf_dq_inst/IBUF/O
                         net (fo=1, routed)           0.000     0.318    phy_instance/wn_dq_rd_13
    IDELAY_X1Y29         IDELAYE2 (Prop_idelaye2_IDATAIN_DATAOUT)
                                                      0.243     0.561 r  phy_instance/genblk10[13].idelay_dq_inst/DATAOUT
                         net (fo=1, routed)           0.000     0.561    phy_instance/wn_dq_rd_delayed_13
    ILOGIC_X1Y29         ISERDESE2                                    r  phy_instance/genblk11[13].iserdes_dq_inst/DDLY
  -------------------------------------------------------------------    -------------------

Slack:                    inf
  Source:                 ddr3_dq[5]
                            (input port)
  Destination:            phy_instance/genblk11[5].iserdes_dq_inst/DDLY
  Path Group:             (none)
  Path Type:              Min at Fast Process Corner
  Data Path Delay:        0.561ns  (logic 0.561ns (100.000%)  route 0.000ns (0.000%))
  Logic Levels:           2  (IBUF=1 IDELAYE2=1)

    Location             Delay type                Incr(ns)  Path(ns)    Netlist Resource(s)
  -------------------------------------------------------------------    -------------------
    M6                                                0.000     0.000 r  ddr3_dq[5] (INOUT)
                         net (fo=1, unset)            0.000     0.000    phy_instance/genblk9[5].iobuf_dq_inst/IO
    M6                   IBUF (Prop_ibuf_I_O)         0.318     0.318 r  phy_instance/genblk9[5].iobuf_dq_inst/IBUF/O
                         net (fo=1, routed)           0.000     0.318    phy_instance/wn_dq_rd_5
    IDELAY_X1Y38         IDELAYE2 (Prop_idelaye2_IDATAIN_DATAOUT)
                                                      0.243     0.561 r  phy_instance/genblk10[5].idelay_dq_inst/DATAOUT
                         net (fo=1, routed)           0.000     0.561    phy_instance/wn_dq_rd_delayed_5
    ILOGIC_X1Y38         ISERDESE2                                    r  phy_instance/genblk11[5].iserdes_dq_inst/DDLY
  -------------------------------------------------------------------    -------------------

Slack:                    inf
  Source:                 ddr3_dq[12]
                            (input port)
  Destination:            phy_instance/genblk11[12].iserdes_dq_inst/DDLY
  Path Group:             (none)
  Path Type:              Min at Fast Process Corner
  Data Path Delay:        0.563ns  (logic 0.563ns (100.000%)  route 0.000ns (0.000%))
  Logic Levels:           2  (IBUF=1 IDELAYE2=1)

    Location             Delay type                Incr(ns)  Path(ns)    Netlist Resource(s)
  -------------------------------------------------------------------    -------------------
    R2                                                0.000     0.000 r  ddr3_dq[12] (INOUT)
                         net (fo=1, unset)            0.000     0.000    phy_instance/genblk9[12].iobuf_dq_inst/IO
    R2                   IBUF (Prop_ibuf_I_O)         0.320     0.320 r  phy_instance/genblk9[12].iobuf_dq_inst/IBUF/O
                         net (fo=1, routed)           0.000     0.320    phy_instance/wn_dq_rd_12
    IDELAY_X1Y26         IDELAYE2 (Prop_idelaye2_IDATAIN_DATAOUT)
                                                      0.243     0.563 r  phy_instance/genblk10[12].idelay_dq_inst/DATAOUT
                         net (fo=1, routed)           0.000     0.563    phy_instance/wn_dq_rd_delayed_12
    ILOGIC_X1Y26         ISERDESE2                                    r  phy_instance/genblk11[12].iserdes_dq_inst/DDLY
  -------------------------------------------------------------------    -------------------

Slack:                    inf
  Source:                 ddr3_dq[6]
                            (input port)
  Destination:            phy_instance/genblk11[6].iserdes_dq_inst/DDLY
  Path Group:             (none)
  Path Type:              Min at Fast Process Corner
  Data Path Delay:        0.563ns  (logic 0.563ns (100.000%)  route 0.000ns (0.000%))
  Logic Levels:           2  (IBUF=1 IDELAYE2=1)

    Location             Delay type                Incr(ns)  Path(ns)    Netlist Resource(s)
  -------------------------------------------------------------------    -------------------
    L4                                                0.000     0.000 r  ddr3_dq[6] (INOUT)
                         net (fo=1, unset)            0.000     0.000    phy_instance/genblk9[6].iobuf_dq_inst/IO
    L4                   IBUF (Prop_ibuf_I_O)         0.320     0.320 r  phy_instance/genblk9[6].iobuf_dq_inst/IBUF/O
                         net (fo=1, routed)           0.000     0.320    phy_instance/wn_dq_rd_6
    IDELAY_X1Y47         IDELAYE2 (Prop_idelaye2_IDATAIN_DATAOUT)
                                                      0.243     0.563 r  phy_instance/genblk10[6].idelay_dq_inst/DATAOUT
                         net (fo=1, routed)           0.000     0.563    phy_instance/wn_dq_rd_delayed_6
    ILOGIC_X1Y47         ISERDESE2                                    r  phy_instance/genblk11[6].iserdes_dq_inst/DDLY
  -------------------------------------------------------------------    -------------------

Slack:                    inf
  Source:                 ddr3_dq[8]
                            (input port)
  Destination:            phy_instance/genblk11[8].iserdes_dq_inst/DDLY
  Path Group:             (none)
  Path Type:              Min at Fast Process Corner
  Data Path Delay:        0.563ns  (logic 0.563ns (100.000%)  route 0.000ns (0.000%))
  Logic Levels:           2  (IBUF=1 IDELAYE2=1)

    Location             Delay type                Incr(ns)  Path(ns)    Netlist Resource(s)
  -------------------------------------------------------------------    -------------------
    N5                                                0.000     0.000 r  ddr3_dq[8] (INOUT)
                         net (fo=1, unset)            0.000     0.000    phy_instance/genblk9[8].iobuf_dq_inst/IO
    N5                   IBUF (Prop_ibuf_I_O)         0.320     0.320 r  phy_instance/genblk9[8].iobuf_dq_inst/IBUF/O
                         net (fo=1, routed)           0.000     0.320    phy_instance/wn_dq_rd_8
    IDELAY_X1Y30         IDELAYE2 (Prop_idelaye2_IDATAIN_DATAOUT)
                                                      0.243     0.563 r  phy_instance/genblk10[8].idelay_dq_inst/DATAOUT
                         net (fo=1, routed)           0.000     0.563    phy_instance/wn_dq_rd_delayed_8
    ILOGIC_X1Y30         ISERDESE2                                    r  phy_instance/genblk11[8].iserdes_dq_inst/DDLY
  -------------------------------------------------------------------    -------------------

Slack:                    inf
  Source:                 ddr3_dq[9]
                            (input port)
  Destination:            phy_instance/genblk11[9].iserdes_dq_inst/DDLY
  Path Group:             (none)
  Path Type:              Min at Fast Process Corner
  Data Path Delay:        0.565ns  (logic 0.565ns (100.000%)  route 0.000ns (0.000%))
  Logic Levels:           2  (IBUF=1 IDELAYE2=1)

    Location             Delay type                Incr(ns)  Path(ns)    Netlist Resource(s)
  -------------------------------------------------------------------    -------------------
    M1                                                0.000     0.000 r  ddr3_dq[9] (INOUT)
                         net (fo=1, unset)            0.000     0.000    phy_instance/genblk9[9].iobuf_dq_inst/IO
    M1                   IBUF (Prop_ibuf_I_O)         0.322     0.322 r  phy_instance/genblk9[9].iobuf_dq_inst/IBUF/O
                         net (fo=1, routed)           0.000     0.322    phy_instance/wn_dq_rd_9
    IDELAY_X1Y34         IDELAYE2 (Prop_idelaye2_IDATAIN_DATAOUT)
                                                      0.243     0.565 r  phy_instance/genblk10[9].idelay_dq_inst/DATAOUT
                         net (fo=1, routed)           0.000     0.565    phy_instance/wn_dq_rd_delayed_9
    ILOGIC_X1Y34         ISERDESE2                                    r  phy_instance/genblk11[9].iserdes_dq_inst/DDLY
  -------------------------------------------------------------------    -------------------

Slack:                    inf
  Source:                 ddr3_dq[11]
                            (input port)
  Destination:            phy_instance/genblk11[11].iserdes_dq_inst/DDLY
  Path Group:             (none)
  Path Type:              Min at Fast Process Corner
  Data Path Delay:        0.567ns  (logic 0.567ns (100.000%)  route 0.000ns (0.000%))
  Logic Levels:           2  (IBUF=1 IDELAYE2=1)

    Location             Delay type                Incr(ns)  Path(ns)    Netlist Resource(s)
  -------------------------------------------------------------------    -------------------
    N1                                                0.000     0.000 r  ddr3_dq[11] (INOUT)
                         net (fo=1, unset)            0.000     0.000    phy_instance/genblk9[11].iobuf_dq_inst/IO
    N1                   IBUF (Prop_ibuf_I_O)         0.324     0.324 r  phy_instance/genblk9[11].iobuf_dq_inst/IBUF/O
                         net (fo=1, routed)           0.000     0.324    phy_instance/wn_dq_rd_11
    IDELAY_X1Y33         IDELAYE2 (Prop_idelaye2_IDATAIN_DATAOUT)
                                                      0.243     0.567 r  phy_instance/genblk10[11].idelay_dq_inst/DATAOUT
                         net (fo=1, routed)           0.000     0.567    phy_instance/wn_dq_rd_delayed_11
    ILOGIC_X1Y33         ISERDESE2                                    r  phy_instance/genblk11[11].iserdes_dq_inst/DDLY
  -------------------------------------------------------------------    -------------------





--------------------------------------------------------------------------------------
Path Group:  (none)
From Clock:  clk_out1_ddr_clk_wiz_1
  To Clock:  

Max Delay            26 Endpoints
Min Delay            26 Endpoints
--------------------------------------------------------------------------------------


Max Delay Paths
--------------------------------------------------------------------------------------
Slack:                    inf
  Source:                 phy_instance/genblk8[0].oserdes_dqs_inst/CLK
                            (rising edge-triggered cell OSERDESE2 clocked by clk_out1_ddr_clk_wiz_1  {rise@0.000ns fall@1.250ns period=2.500ns})
  Destination:            ddr3_dqs_p[0]
                            (output port)
  Path Group:             (none)
  Path Type:              Max at Slow Process Corner
  Data Path Delay:        2.916ns  (logic 2.915ns (99.966%)  route 0.001ns (0.034%))
  Logic Levels:           1  (OBUFTDS=1)
  Clock Uncertainty:      0.175ns  ((TSJ^2 + DJ^2)^1/2) / 2 + PE
    Total System Jitter     (TSJ):    0.050ns
    Discrete Jitter          (DJ):    0.111ns
    Phase Error              (PE):    0.114ns

    Location             Delay type                Incr(ns)  Path(ns)    Netlist Resource(s)
  -------------------------------------------------------------------    -------------------
                         (clock clk_out1_ddr_clk_wiz_1 rise edge)
                                                      0.000     0.000 r  
    N15                                               0.000     0.000 r  DDR3_CLK100 (IN)
                         net (fo=0)                   0.000     0.000    clkgen_ddr3ctrl_instance/inst/clk_in1
    N15                  IBUF (Prop_ibuf_I_O)         1.440     1.440 r  clkgen_ddr3ctrl_instance/inst/clkin1_ibufg/O
                         net (fo=1, routed)           1.233     2.673    clkgen_ddr3ctrl_instance/inst/clk_in1_clk_wiz_1
    MMCME2_ADV_X0Y0      MMCME2_ADV (Prop_mmcme2_adv_CLKIN1_CLKOUT0)
                                                     -6.965    -4.291 r  clkgen_ddr3ctrl_instance/inst/mmcm_adv_inst/CLKOUT0
                         net (fo=1, routed)           1.666    -2.625    clkgen_ddr3ctrl_instance/inst/clk_out1_ddr_clk_wiz_1
    BUFGCTRL_X0Y2        BUFG (Prop_bufg_I_O)         0.096    -2.529 r  clkgen_ddr3ctrl_instance/inst/clkout1_buf/O
                         net (fo=23, routed)          1.679    -0.850    phy_instance/clk_out1_ddr
    OLOGIC_X1Y44         OSERDESE2                                    r  phy_instance/genblk8[0].oserdes_dqs_inst/CLK
  -------------------------------------------------------------------    -------------------
    OLOGIC_X1Y44         OSERDESE2 (Prop_oserdese2_CLK_TQ)
                                                      0.552    -0.298 r  phy_instance/genblk8[0].oserdes_dqs_inst/TQ
                         net (fo=2, routed)           0.001    -0.297    phy_instance/genblk6[0].iobufds_dqs_inst/OBUFTDS/T
    K1                   OBUFTDS (TriStatD_obuftds_T_O)
                                                      2.363     2.066 r  phy_instance/genblk6[0].iobufds_dqs_inst/OBUFTDS/P/O
                         net (fo=1, unset)            0.000     2.066    ddr3_dqs_p[0]
    K1                                                                r  ddr3_dqs_p[0] (INOUT)
  -------------------------------------------------------------------    -------------------

Slack:                    inf
  Source:                 phy_instance/genblk8[0].oserdes_dqs_inst/CLK
                            (rising edge-triggered cell OSERDESE2 clocked by clk_out1_ddr_clk_wiz_1  {rise@0.000ns fall@1.250ns period=2.500ns})
  Destination:            ddr3_dqs_n[0]
                            (output port)
  Path Group:             (none)
  Path Type:              Max at Slow Process Corner
  Data Path Delay:        2.915ns  (logic 2.914ns (99.966%)  route 0.001ns (0.034%))
  Logic Levels:           1  (OBUFTDS=1)
  Clock Uncertainty:      0.175ns  ((TSJ^2 + DJ^2)^1/2) / 2 + PE
    Total System Jitter     (TSJ):    0.050ns
    Discrete Jitter          (DJ):    0.111ns
    Phase Error              (PE):    0.114ns

    Location             Delay type                Incr(ns)  Path(ns)    Netlist Resource(s)
  -------------------------------------------------------------------    -------------------
                         (clock clk_out1_ddr_clk_wiz_1 rise edge)
                                                      0.000     0.000 r  
    N15                                               0.000     0.000 r  DDR3_CLK100 (IN)
                         net (fo=0)                   0.000     0.000    clkgen_ddr3ctrl_instance/inst/clk_in1
    N15                  IBUF (Prop_ibuf_I_O)         1.440     1.440 r  clkgen_ddr3ctrl_instance/inst/clkin1_ibufg/O
                         net (fo=1, routed)           1.233     2.673    clkgen_ddr3ctrl_instance/inst/clk_in1_clk_wiz_1
    MMCME2_ADV_X0Y0      MMCME2_ADV (Prop_mmcme2_adv_CLKIN1_CLKOUT0)
                                                     -6.965    -4.291 r  clkgen_ddr3ctrl_instance/inst/mmcm_adv_inst/CLKOUT0
                         net (fo=1, routed)           1.666    -2.625    clkgen_ddr3ctrl_instance/inst/clk_out1_ddr_clk_wiz_1
    BUFGCTRL_X0Y2        BUFG (Prop_bufg_I_O)         0.096    -2.529 r  clkgen_ddr3ctrl_instance/inst/clkout1_buf/O
                         net (fo=23, routed)          1.679    -0.850    phy_instance/clk_out1_ddr
    OLOGIC_X1Y44         OSERDESE2                                    r  phy_instance/genblk8[0].oserdes_dqs_inst/CLK
  -------------------------------------------------------------------    -------------------
    OLOGIC_X1Y44         OSERDESE2 (Prop_oserdese2_CLK_TQ)
                                                      0.552    -0.298 r  phy_instance/genblk8[0].oserdes_dqs_inst/TQ
                         net (fo=2, routed)           0.001    -0.297    phy_instance/genblk6[0].iobufds_dqs_inst/OBUFTDS/T
    L1                   OBUFTDS (TriStatD_obuftds_T_O)
                                                      2.362     2.065 r  phy_instance/genblk6[0].iobufds_dqs_inst/OBUFTDS/N/O
                         net (fo=1, unset)            0.000     2.065    ddr3_dqs_n[0]
    L1                                                                r  ddr3_dqs_n[0] (INOUT)
  -------------------------------------------------------------------    -------------------

Slack:                    inf
  Source:                 phy_instance/genblk8[1].oserdes_dqs_inst/CLK
                            (rising edge-triggered cell OSERDESE2 clocked by clk_out1_ddr_clk_wiz_1  {rise@0.000ns fall@1.250ns period=2.500ns})
  Destination:            ddr3_dqs_p[1]
                            (output port)
  Path Group:             (none)
  Path Type:              Max at Slow Process Corner
  Data Path Delay:        2.916ns  (logic 2.915ns (99.966%)  route 0.001ns (0.034%))
  Logic Levels:           1  (OBUFTDS=1)
  Clock Uncertainty:      0.175ns  ((TSJ^2 + DJ^2)^1/2) / 2 + PE
    Total System Jitter     (TSJ):    0.050ns
    Discrete Jitter          (DJ):    0.111ns
    Phase Error              (PE):    0.114ns

    Location             Delay type                Incr(ns)  Path(ns)    Netlist Resource(s)
  -------------------------------------------------------------------    -------------------
                         (clock clk_out1_ddr_clk_wiz_1 rise edge)
                                                      0.000     0.000 r  
    N15                                               0.000     0.000 r  DDR3_CLK100 (IN)
                         net (fo=0)                   0.000     0.000    clkgen_ddr3ctrl_instance/inst/clk_in1
    N15                  IBUF (Prop_ibuf_I_O)         1.440     1.440 r  clkgen_ddr3ctrl_instance/inst/clkin1_ibufg/O
                         net (fo=1, routed)           1.233     2.673    clkgen_ddr3ctrl_instance/inst/clk_in1_clk_wiz_1
    MMCME2_ADV_X0Y0      MMCME2_ADV (Prop_mmcme2_adv_CLKIN1_CLKOUT0)
                                                     -6.965    -4.291 r  clkgen_ddr3ctrl_instance/inst/mmcm_adv_inst/CLKOUT0
                         net (fo=1, routed)           1.666    -2.625    clkgen_ddr3ctrl_instance/inst/clk_out1_ddr_clk_wiz_1
    BUFGCTRL_X0Y2        BUFG (Prop_bufg_I_O)         0.096    -2.529 r  clkgen_ddr3ctrl_instance/inst/clkout1_buf/O
                         net (fo=23, routed)          1.672    -0.857    phy_instance/clk_out1_ddr
    OLOGIC_X1Y32         OSERDESE2                                    r  phy_instance/genblk8[1].oserdes_dqs_inst/CLK
  -------------------------------------------------------------------    -------------------
    OLOGIC_X1Y32         OSERDESE2 (Prop_oserdese2_CLK_TQ)
                                                      0.552    -0.305 r  phy_instance/genblk8[1].oserdes_dqs_inst/TQ
                         net (fo=2, routed)           0.001    -0.304    phy_instance/genblk6[1].iobufds_dqs_inst/OBUFTDS/T
    N3                   OBUFTDS (TriStatD_obuftds_T_O)
                                                      2.363     2.059 r  phy_instance/genblk6[1].iobufds_dqs_inst/OBUFTDS/P/O
                         net (fo=1, unset)            0.000     2.059    ddr3_dqs_p[1]
    N3                                                                r  ddr3_dqs_p[1] (INOUT)
  -------------------------------------------------------------------    -------------------

Slack:                    inf
  Source:                 phy_instance/genblk8[1].oserdes_dqs_inst/CLK
                            (rising edge-triggered cell OSERDESE2 clocked by clk_out1_ddr_clk_wiz_1  {rise@0.000ns fall@1.250ns period=2.500ns})
  Destination:            ddr3_dqs_n[1]
                            (output port)
  Path Group:             (none)
  Path Type:              Max at Slow Process Corner
  Data Path Delay:        2.915ns  (logic 2.914ns (99.966%)  route 0.001ns (0.034%))
  Logic Levels:           1  (OBUFTDS=1)
  Clock Uncertainty:      0.175ns  ((TSJ^2 + DJ^2)^1/2) / 2 + PE
    Total System Jitter     (TSJ):    0.050ns
    Discrete Jitter          (DJ):    0.111ns
    Phase Error              (PE):    0.114ns

    Location             Delay type                Incr(ns)  Path(ns)    Netlist Resource(s)
  -------------------------------------------------------------------    -------------------
                         (clock clk_out1_ddr_clk_wiz_1 rise edge)
                                                      0.000     0.000 r  
    N15                                               0.000     0.000 r  DDR3_CLK100 (IN)
                         net (fo=0)                   0.000     0.000    clkgen_ddr3ctrl_instance/inst/clk_in1
    N15                  IBUF (Prop_ibuf_I_O)         1.440     1.440 r  clkgen_ddr3ctrl_instance/inst/clkin1_ibufg/O
                         net (fo=1, routed)           1.233     2.673    clkgen_ddr3ctrl_instance/inst/clk_in1_clk_wiz_1
    MMCME2_ADV_X0Y0      MMCME2_ADV (Prop_mmcme2_adv_CLKIN1_CLKOUT0)
                                                     -6.965    -4.291 r  clkgen_ddr3ctrl_instance/inst/mmcm_adv_inst/CLKOUT0
                         net (fo=1, routed)           1.666    -2.625    clkgen_ddr3ctrl_instance/inst/clk_out1_ddr_clk_wiz_1
    BUFGCTRL_X0Y2        BUFG (Prop_bufg_I_O)         0.096    -2.529 r  clkgen_ddr3ctrl_instance/inst/clkout1_buf/O
                         net (fo=23, routed)          1.672    -0.857    phy_instance/clk_out1_ddr
    OLOGIC_X1Y32         OSERDESE2                                    r  phy_instance/genblk8[1].oserdes_dqs_inst/CLK
  -------------------------------------------------------------------    -------------------
    OLOGIC_X1Y32         OSERDESE2 (Prop_oserdese2_CLK_TQ)
                                                      0.552    -0.305 r  phy_instance/genblk8[1].oserdes_dqs_inst/TQ
                         net (fo=2, routed)           0.001    -0.304    phy_instance/genblk6[1].iobufds_dqs_inst/OBUFTDS/T
    N2                   OBUFTDS (TriStatD_obuftds_T_O)
                                                      2.362     2.058 r  phy_instance/genblk6[1].iobufds_dqs_inst/OBUFTDS/N/O
                         net (fo=1, unset)            0.000     2.058    ddr3_dqs_n[1]
    N2                                                                r  ddr3_dqs_n[1] (INOUT)
  -------------------------------------------------------------------    -------------------

Slack:                    inf
  Source:                 phy_instance/oserdes_clk_inst/CLK
                            (rising edge-triggered cell OSERDESE2 clocked by clk_out1_ddr_clk_wiz_1  {rise@0.000ns fall@1.250ns period=2.500ns})
  Destination:            ddr3_ck_p[0]
                            (output port)
  Path Group:             (none)
  Path Type:              Max at Slow Process Corner
  Data Path Delay:        2.075ns  (logic 2.074ns (99.952%)  route 0.001ns (0.048%))
  Logic Levels:           1  (OBUFDS=1)
  Clock Uncertainty:      0.175ns  ((TSJ^2 + DJ^2)^1/2) / 2 + PE
    Total System Jitter     (TSJ):    0.050ns
    Discrete Jitter          (DJ):    0.111ns
    Phase Error              (PE):    0.114ns

    Location             Delay type                Incr(ns)  Path(ns)    Netlist Resource(s)
  -------------------------------------------------------------------    -------------------
                         (clock clk_out1_ddr_clk_wiz_1 rise edge)
                                                      0.000     0.000 r  
    N15                                               0.000     0.000 r  DDR3_CLK100 (IN)
                         net (fo=0)                   0.000     0.000    clkgen_ddr3ctrl_instance/inst/clk_in1
    N15                  IBUF (Prop_ibuf_I_O)         1.440     1.440 r  clkgen_ddr3ctrl_instance/inst/clkin1_ibufg/O
                         net (fo=1, routed)           1.233     2.673    clkgen_ddr3ctrl_instance/inst/clk_in1_clk_wiz_1
    MMCME2_ADV_X0Y0      MMCME2_ADV (Prop_mmcme2_adv_CLKIN1_CLKOUT0)
                                                     -6.965    -4.291 r  clkgen_ddr3ctrl_instance/inst/mmcm_adv_inst/CLKOUT0
                         net (fo=1, routed)           1.666    -2.625    clkgen_ddr3ctrl_instance/inst/clk_out1_ddr_clk_wiz_1
    BUFGCTRL_X0Y2        BUFG (Prop_bufg_I_O)         0.096    -2.529 r  clkgen_ddr3ctrl_instance/inst/clkout1_buf/O
                         net (fo=23, routed)          1.679    -0.850    phy_instance/clk_out1_ddr
    OLOGIC_X1Y8          OSERDESE2                                    r  phy_instance/oserdes_clk_inst/CLK
  -------------------------------------------------------------------    -------------------
    OLOGIC_X1Y8          OSERDESE2 (Prop_oserdese2_CLK_OQ)
                                                      0.472    -0.378 r  phy_instance/oserdes_clk_inst/OQ
                         net (fo=2, routed)           0.001    -0.377    phy_instance/obufds_ck_inst/I
    R5                   OBUFDS (Prop_obufds_I_O)     1.602     1.225 r  phy_instance/obufds_ck_inst/P/O
                         net (fo=0)                   0.000     1.225    ddr3_ck_p[0]
    R5                                                                r  ddr3_ck_p[0] (OUT)
  -------------------------------------------------------------------    -------------------

Slack:                    inf
  Source:                 phy_instance/oserdes_clk_inst/CLK
                            (rising edge-triggered cell OSERDESE2 clocked by clk_out1_ddr_clk_wiz_1  {rise@0.000ns fall@1.250ns period=2.500ns})
  Destination:            ddr3_ck_n[0]
                            (output port)
  Path Group:             (none)
  Path Type:              Max at Slow Process Corner
  Data Path Delay:        2.070ns  (logic 2.068ns (99.903%)  route 0.002ns (0.097%))
  Logic Levels:           2  (INV=1 OBUFDS=1)
  Clock Uncertainty:      0.175ns  ((TSJ^2 + DJ^2)^1/2) / 2 + PE
    Total System Jitter     (TSJ):    0.050ns
    Discrete Jitter          (DJ):    0.111ns
    Phase Error              (PE):    0.114ns

    Location             Delay type                Incr(ns)  Path(ns)    Netlist Resource(s)
  -------------------------------------------------------------------    -------------------
                         (clock clk_out1_ddr_clk_wiz_1 rise edge)
                                                      0.000     0.000 r  
    N15                                               0.000     0.000 r  DDR3_CLK100 (IN)
                         net (fo=0)                   0.000     0.000    clkgen_ddr3ctrl_instance/inst/clk_in1
    N15                  IBUF (Prop_ibuf_I_O)         1.440     1.440 r  clkgen_ddr3ctrl_instance/inst/clkin1_ibufg/O
                         net (fo=1, routed)           1.233     2.673    clkgen_ddr3ctrl_instance/inst/clk_in1_clk_wiz_1
    MMCME2_ADV_X0Y0      MMCME2_ADV (Prop_mmcme2_adv_CLKIN1_CLKOUT0)
                                                     -6.965    -4.291 r  clkgen_ddr3ctrl_instance/inst/mmcm_adv_inst/CLKOUT0
                         net (fo=1, routed)           1.666    -2.625    clkgen_ddr3ctrl_instance/inst/clk_out1_ddr_clk_wiz_1
    BUFGCTRL_X0Y2        BUFG (Prop_bufg_I_O)         0.096    -2.529 r  clkgen_ddr3ctrl_instance/inst/clkout1_buf/O
                         net (fo=23, routed)          1.679    -0.850    phy_instance/clk_out1_ddr
    OLOGIC_X1Y8          OSERDESE2                                    r  phy_instance/oserdes_clk_inst/CLK
  -------------------------------------------------------------------    -------------------
    OLOGIC_X1Y8          OSERDESE2 (Prop_oserdese2_CLK_OQ)
                                                      0.472    -0.378 f  phy_instance/oserdes_clk_inst/OQ
                         net (fo=2, routed)           0.002    -0.376    phy_instance/obufds_ck_inst/I
    T4                   INV (Prop_inv_I_O)           0.001    -0.375 r  phy_instance/obufds_ck_inst/INV/O
                         net (fo=1, routed)           0.000    -0.375    phy_instance/obufds_ck_inst/I_B
    T4                   OBUFDS (Prop_obufds_I_O)     1.595     1.220 r  phy_instance/obufds_ck_inst/N/O
                         net (fo=0)                   0.000     1.220    ddr3_ck_n[0]
    T4                                                                r  ddr3_ck_n[0] (OUT)
  -------------------------------------------------------------------    -------------------

Slack:                    inf
  Source:                 phy_instance/genblk4[13].oserdes_addr_inst/CLK
                            (rising edge-triggered cell OSERDESE2 clocked by clk_out1_ddr_clk_wiz_1  {rise@0.000ns fall@1.250ns period=2.500ns})
  Destination:            ddr3_addr[13]
                            (output port)
  Path Group:             (none)
  Path Type:              Max at Slow Process Corner
  Data Path Delay:        2.026ns  (logic 2.025ns (99.951%)  route 0.001ns (0.049%))
  Logic Levels:           1  (OBUF=1)
  Clock Uncertainty:      0.175ns  ((TSJ^2 + DJ^2)^1/2) / 2 + PE
    Total System Jitter     (TSJ):    0.050ns
    Discrete Jitter          (DJ):    0.111ns
    Phase Error              (PE):    0.114ns

    Location             Delay type                Incr(ns)  Path(ns)    Netlist Resource(s)
  -------------------------------------------------------------------    -------------------
                         (clock clk_out1_ddr_clk_wiz_1 rise edge)
                                                      0.000     0.000 r  
    N15                                               0.000     0.000 r  DDR3_CLK100 (IN)
                         net (fo=0)                   0.000     0.000    clkgen_ddr3ctrl_instance/inst/clk_in1
    N15                  IBUF (Prop_ibuf_I_O)         1.440     1.440 r  clkgen_ddr3ctrl_instance/inst/clkin1_ibufg/O
                         net (fo=1, routed)           1.233     2.673    clkgen_ddr3ctrl_instance/inst/clk_in1_clk_wiz_1
    MMCME2_ADV_X0Y0      MMCME2_ADV (Prop_mmcme2_adv_CLKIN1_CLKOUT0)
                                                     -6.965    -4.291 r  clkgen_ddr3ctrl_instance/inst/mmcm_adv_inst/CLKOUT0
                         net (fo=1, routed)           1.666    -2.625    clkgen_ddr3ctrl_instance/inst/clk_out1_ddr_clk_wiz_1
    BUFGCTRL_X0Y2        BUFG (Prop_bufg_I_O)         0.096    -2.529 r  clkgen_ddr3ctrl_instance/inst/clkout1_buf/O
                         net (fo=23, routed)          1.678    -0.851    phy_instance/clk_out1_ddr
    OLOGIC_X1Y10         OSERDESE2                                    r  phy_instance/genblk4[13].oserdes_addr_inst/CLK
  -------------------------------------------------------------------    -------------------
    OLOGIC_X1Y10         OSERDESE2 (Prop_oserdese2_CLK_OQ)
                                                      0.472    -0.379 r  phy_instance/genblk4[13].oserdes_addr_inst/OQ
                         net (fo=1, routed)           0.001    -0.378    ddr3_addr_OBUF[13]
    V7                   OBUF (Prop_obuf_I_O)         1.553     1.175 r  ddr3_addr_OBUF[13]_inst/O
                         net (fo=0)                   0.000     1.175    ddr3_addr[13]
    V7                                                                r  ddr3_addr[13] (OUT)
  -------------------------------------------------------------------    -------------------

Slack:                    inf
  Source:                 phy_instance/genblk4[6].oserdes_addr_inst/CLK
                            (rising edge-triggered cell OSERDESE2 clocked by clk_out1_ddr_clk_wiz_1  {rise@0.000ns fall@1.250ns period=2.500ns})
  Destination:            ddr3_addr[6]
                            (output port)
  Path Group:             (none)
  Path Type:              Max at Slow Process Corner
  Data Path Delay:        2.027ns  (logic 2.026ns (99.951%)  route 0.001ns (0.049%))
  Logic Levels:           1  (OBUF=1)
  Clock Uncertainty:      0.175ns  ((TSJ^2 + DJ^2)^1/2) / 2 + PE
    Total System Jitter     (TSJ):    0.050ns
    Discrete Jitter          (DJ):    0.111ns
    Phase Error              (PE):    0.114ns

    Location             Delay type                Incr(ns)  Path(ns)    Netlist Resource(s)
  -------------------------------------------------------------------    -------------------
                         (clock clk_out1_ddr_clk_wiz_1 rise edge)
                                                      0.000     0.000 r  
    N15                                               0.000     0.000 r  DDR3_CLK100 (IN)
                         net (fo=0)                   0.000     0.000    clkgen_ddr3ctrl_instance/inst/clk_in1
    N15                  IBUF (Prop_ibuf_I_O)         1.440     1.440 r  clkgen_ddr3ctrl_instance/inst/clkin1_ibufg/O
                         net (fo=1, routed)           1.233     2.673    clkgen_ddr3ctrl_instance/inst/clk_in1_clk_wiz_1
    MMCME2_ADV_X0Y0      MMCME2_ADV (Prop_mmcme2_adv_CLKIN1_CLKOUT0)
                                                     -6.965    -4.291 r  clkgen_ddr3ctrl_instance/inst/mmcm_adv_inst/CLKOUT0
                         net (fo=1, routed)           1.666    -2.625    clkgen_ddr3ctrl_instance/inst/clk_out1_ddr_clk_wiz_1
    BUFGCTRL_X0Y2        BUFG (Prop_bufg_I_O)         0.096    -2.529 r  clkgen_ddr3ctrl_instance/inst/clkout1_buf/O
                         net (fo=23, routed)          1.674    -0.855    phy_instance/clk_out1_ddr
    OLOGIC_X1Y16         OSERDESE2                                    r  phy_instance/genblk4[6].oserdes_addr_inst/CLK
  -------------------------------------------------------------------    -------------------
    OLOGIC_X1Y16         OSERDESE2 (Prop_oserdese2_CLK_OQ)
                                                      0.472    -0.383 r  phy_instance/genblk4[6].oserdes_addr_inst/OQ
                         net (fo=1, routed)           0.001    -0.382    ddr3_addr_OBUF[6]
    V5                   OBUF (Prop_obuf_I_O)         1.554     1.171 r  ddr3_addr_OBUF[6]_inst/O
                         net (fo=0)                   0.000     1.171    ddr3_addr[6]
    V5                                                                r  ddr3_addr[6] (OUT)
  -------------------------------------------------------------------    -------------------

Slack:                    inf
  Source:                 phy_instance/genblk4[12].oserdes_addr_inst/CLK
                            (rising edge-triggered cell OSERDESE2 clocked by clk_out1_ddr_clk_wiz_1  {rise@0.000ns fall@1.250ns period=2.500ns})
  Destination:            ddr3_addr[12]
                            (output port)
  Path Group:             (none)
  Path Type:              Max at Slow Process Corner
  Data Path Delay:        2.021ns  (logic 2.020ns (99.951%)  route 0.001ns (0.049%))
  Logic Levels:           1  (OBUF=1)
  Clock Uncertainty:      0.175ns  ((TSJ^2 + DJ^2)^1/2) / 2 + PE
    Total System Jitter     (TSJ):    0.050ns
    Discrete Jitter          (DJ):    0.111ns
    Phase Error              (PE):    0.114ns

    Location             Delay type                Incr(ns)  Path(ns)    Netlist Resource(s)
  -------------------------------------------------------------------    -------------------
                         (clock clk_out1_ddr_clk_wiz_1 rise edge)
                                                      0.000     0.000 r  
    N15                                               0.000     0.000 r  DDR3_CLK100 (IN)
                         net (fo=0)                   0.000     0.000    clkgen_ddr3ctrl_instance/inst/clk_in1
    N15                  IBUF (Prop_ibuf_I_O)         1.440     1.440 r  clkgen_ddr3ctrl_instance/inst/clkin1_ibufg/O
                         net (fo=1, routed)           1.233     2.673    clkgen_ddr3ctrl_instance/inst/clk_in1_clk_wiz_1
    MMCME2_ADV_X0Y0      MMCME2_ADV (Prop_mmcme2_adv_CLKIN1_CLKOUT0)
                                                     -6.965    -4.291 r  clkgen_ddr3ctrl_instance/inst/mmcm_adv_inst/CLKOUT0
                         net (fo=1, routed)           1.666    -2.625    clkgen_ddr3ctrl_instance/inst/clk_out1_ddr_clk_wiz_1
    BUFGCTRL_X0Y2        BUFG (Prop_bufg_I_O)         0.096    -2.529 r  clkgen_ddr3ctrl_instance/inst/clkout1_buf/O
                         net (fo=23, routed)          1.678    -0.851    phy_instance/clk_out1_ddr
    OLOGIC_X1Y9          OSERDESE2                                    r  phy_instance/genblk4[12].oserdes_addr_inst/CLK
  -------------------------------------------------------------------    -------------------
    OLOGIC_X1Y9          OSERDESE2 (Prop_oserdese2_CLK_OQ)
                                                      0.472    -0.379 r  phy_instance/genblk4[12].oserdes_addr_inst/OQ
                         net (fo=1, routed)           0.001    -0.378    ddr3_addr_OBUF[12]
    V6                   OBUF (Prop_obuf_I_O)         1.548     1.170 r  ddr3_addr_OBUF[12]_inst/O
                         net (fo=0)                   0.000     1.170    ddr3_addr[12]
    V6                                                                r  ddr3_addr[12] (OUT)
  -------------------------------------------------------------------    -------------------

Slack:                    inf
  Source:                 phy_instance/genblk5[1].oserdes_ba_inst/CLK
                            (rising edge-triggered cell OSERDESE2 clocked by clk_out1_ddr_clk_wiz_1  {rise@0.000ns fall@1.250ns period=2.500ns})
  Destination:            ddr3_ba[1]
                            (output port)
  Path Group:             (none)
  Path Type:              Max at Slow Process Corner
  Data Path Delay:        2.023ns  (logic 2.022ns (99.951%)  route 0.001ns (0.049%))
  Logic Levels:           1  (OBUF=1)
  Clock Uncertainty:      0.175ns  ((TSJ^2 + DJ^2)^1/2) / 2 + PE
    Total System Jitter     (TSJ):    0.050ns
    Discrete Jitter          (DJ):    0.111ns
    Phase Error              (PE):    0.114ns

    Location             Delay type                Incr(ns)  Path(ns)    Netlist Resource(s)
  -------------------------------------------------------------------    -------------------
                         (clock clk_out1_ddr_clk_wiz_1 rise edge)
                                                      0.000     0.000 r  
    N15                                               0.000     0.000 r  DDR3_CLK100 (IN)
                         net (fo=0)                   0.000     0.000    clkgen_ddr3ctrl_instance/inst/clk_in1
    N15                  IBUF (Prop_ibuf_I_O)         1.440     1.440 r  clkgen_ddr3ctrl_instance/inst/clkin1_ibufg/O
                         net (fo=1, routed)           1.233     2.673    clkgen_ddr3ctrl_instance/inst/clk_in1_clk_wiz_1
    MMCME2_ADV_X0Y0      MMCME2_ADV (Prop_mmcme2_adv_CLKIN1_CLKOUT0)
                                                     -6.965    -4.291 r  clkgen_ddr3ctrl_instance/inst/mmcm_adv_inst/CLKOUT0
                         net (fo=1, routed)           1.666    -2.625    clkgen_ddr3ctrl_instance/inst/clk_out1_ddr_clk_wiz_1
    BUFGCTRL_X0Y2        BUFG (Prop_bufg_I_O)         0.096    -2.529 r  clkgen_ddr3ctrl_instance/inst/clkout1_buf/O
                         net (fo=23, routed)          1.674    -0.855    phy_instance/clk_out1_ddr
    OLOGIC_X1Y15         OSERDESE2                                    r  phy_instance/genblk5[1].oserdes_ba_inst/CLK
  -------------------------------------------------------------------    -------------------
    OLOGIC_X1Y15         OSERDESE2 (Prop_oserdese2_CLK_OQ)
                                                      0.472    -0.383 r  phy_instance/genblk5[1].oserdes_ba_inst/OQ
                         net (fo=1, routed)           0.001    -0.382    ddr3_ba_OBUF[1]
    V4                   OBUF (Prop_obuf_I_O)         1.550     1.168 r  ddr3_ba_OBUF[1]_inst/O
                         net (fo=0)                   0.000     1.168    ddr3_ba[1]
    V4                                                                r  ddr3_ba[1] (OUT)
  -------------------------------------------------------------------    -------------------





Min Delay Paths
--------------------------------------------------------------------------------------
Slack:                    inf
  Source:                 phy_instance/genblk8[0].oserdes_dqs_inst/CLK
                            (rising edge-triggered cell OSERDESE2 clocked by clk_out1_ddr_clk_wiz_1  {rise@0.000ns fall@1.250ns period=2.500ns})
  Destination:            ddr3_dqs_n[0]
                            (output port)
  Path Group:             (none)
  Path Type:              Min at Fast Process Corner
  Data Path Delay:        0.368ns  (logic 0.367ns (99.729%)  route 0.001ns (0.271%))
  Logic Levels:           1  (OBUFTDS=1)
  Clock Uncertainty:      0.175ns  ((TSJ^2 + DJ^2)^1/2) / 2 + PE
    Total System Jitter     (TSJ):    0.050ns
    Discrete Jitter          (DJ):    0.111ns
    Phase Error              (PE):    0.114ns

    Location             Delay type                Incr(ns)  Path(ns)    Netlist Resource(s)
  -------------------------------------------------------------------    -------------------
                         (clock clk_out1_ddr_clk_wiz_1 rise edge)
                                                      0.000     0.000 r  
    N15                                               0.000     0.000 r  DDR3_CLK100 (IN)
                         net (fo=0)                   0.000     0.000    clkgen_ddr3ctrl_instance/inst/clk_in1
    N15                  IBUF (Prop_ibuf_I_O)         0.209     0.209 r  clkgen_ddr3ctrl_instance/inst/clkin1_ibufg/O
                         net (fo=1, routed)           0.440     0.649    clkgen_ddr3ctrl_instance/inst/clk_in1_clk_wiz_1
    MMCME2_ADV_X0Y0      MMCME2_ADV (Prop_mmcme2_adv_CLKIN1_CLKOUT0)
                                                     -2.362    -1.714 r  clkgen_ddr3ctrl_instance/inst/mmcm_adv_inst/CLKOUT0
                         net (fo=1, routed)           0.489    -1.225    clkgen_ddr3ctrl_instance/inst/clk_out1_ddr_clk_wiz_1
    BUFGCTRL_X0Y2        BUFG (Prop_bufg_I_O)         0.026    -1.199 r  clkgen_ddr3ctrl_instance/inst/clkout1_buf/O
                         net (fo=23, routed)          0.587    -0.612    phy_instance/clk_out1_ddr
    OLOGIC_X1Y44         OSERDESE2                                    r  phy_instance/genblk8[0].oserdes_dqs_inst/CLK
  -------------------------------------------------------------------    -------------------
    OLOGIC_X1Y44         OSERDESE2 (Prop_oserdese2_CLK_TQ)
                                                      0.192    -0.420 f  phy_instance/genblk8[0].oserdes_dqs_inst/TQ
                         net (fo=2, routed)           0.001    -0.419    phy_instance/genblk6[0].iobufds_dqs_inst/OBUFTDS/T
    L1                   OBUFTDS (TriStatE_obuftds_T_O)
                                                      0.175    -0.244 r  phy_instance/genblk6[0].iobufds_dqs_inst/OBUFTDS/N/O
                         net (fo=1, unset)            0.000    -0.244    ddr3_dqs_n[0]
    L1                                                                r  ddr3_dqs_n[0] (INOUT)
  -------------------------------------------------------------------    -------------------

Slack:                    inf
  Source:                 phy_instance/genblk8[0].oserdes_dqs_inst/CLK
                            (rising edge-triggered cell OSERDESE2 clocked by clk_out1_ddr_clk_wiz_1  {rise@0.000ns fall@1.250ns period=2.500ns})
  Destination:            ddr3_dqs_p[0]
                            (output port)
  Path Group:             (none)
  Path Type:              Min at Fast Process Corner
  Data Path Delay:        0.371ns  (logic 0.370ns (99.730%)  route 0.001ns (0.270%))
  Logic Levels:           1  (OBUFTDS=1)
  Clock Uncertainty:      0.175ns  ((TSJ^2 + DJ^2)^1/2) / 2 + PE
    Total System Jitter     (TSJ):    0.050ns
    Discrete Jitter          (DJ):    0.111ns
    Phase Error              (PE):    0.114ns

    Location             Delay type                Incr(ns)  Path(ns)    Netlist Resource(s)
  -------------------------------------------------------------------    -------------------
                         (clock clk_out1_ddr_clk_wiz_1 rise edge)
                                                      0.000     0.000 r  
    N15                                               0.000     0.000 r  DDR3_CLK100 (IN)
                         net (fo=0)                   0.000     0.000    clkgen_ddr3ctrl_instance/inst/clk_in1
    N15                  IBUF (Prop_ibuf_I_O)         0.209     0.209 r  clkgen_ddr3ctrl_instance/inst/clkin1_ibufg/O
                         net (fo=1, routed)           0.440     0.649    clkgen_ddr3ctrl_instance/inst/clk_in1_clk_wiz_1
    MMCME2_ADV_X0Y0      MMCME2_ADV (Prop_mmcme2_adv_CLKIN1_CLKOUT0)
                                                     -2.362    -1.714 r  clkgen_ddr3ctrl_instance/inst/mmcm_adv_inst/CLKOUT0
                         net (fo=1, routed)           0.489    -1.225    clkgen_ddr3ctrl_instance/inst/clk_out1_ddr_clk_wiz_1
    BUFGCTRL_X0Y2        BUFG (Prop_bufg_I_O)         0.026    -1.199 r  clkgen_ddr3ctrl_instance/inst/clkout1_buf/O
                         net (fo=23, routed)          0.587    -0.612    phy_instance/clk_out1_ddr
    OLOGIC_X1Y44         OSERDESE2                                    r  phy_instance/genblk8[0].oserdes_dqs_inst/CLK
  -------------------------------------------------------------------    -------------------
    OLOGIC_X1Y44         OSERDESE2 (Prop_oserdese2_CLK_TQ)
                                                      0.192    -0.420 f  phy_instance/genblk8[0].oserdes_dqs_inst/TQ
                         net (fo=2, routed)           0.001    -0.419    phy_instance/genblk6[0].iobufds_dqs_inst/OBUFTDS/T
    K1                   OBUFTDS (TriStatE_obuftds_T_O)
                                                      0.178    -0.242 r  phy_instance/genblk6[0].iobufds_dqs_inst/OBUFTDS/P/O
                         net (fo=1, unset)            0.000    -0.242    ddr3_dqs_p[0]
    K1                                                                r  ddr3_dqs_p[0] (INOUT)
  -------------------------------------------------------------------    -------------------

Slack:                    inf
  Source:                 phy_instance/genblk8[1].oserdes_dqs_inst/CLK
                            (rising edge-triggered cell OSERDESE2 clocked by clk_out1_ddr_clk_wiz_1  {rise@0.000ns fall@1.250ns period=2.500ns})
  Destination:            ddr3_dqs_n[1]
                            (output port)
  Path Group:             (none)
  Path Type:              Min at Fast Process Corner
  Data Path Delay:        0.375ns  (logic 0.374ns (99.734%)  route 0.001ns (0.266%))
  Logic Levels:           1  (OBUFTDS=1)
  Clock Uncertainty:      0.175ns  ((TSJ^2 + DJ^2)^1/2) / 2 + PE
    Total System Jitter     (TSJ):    0.050ns
    Discrete Jitter          (DJ):    0.111ns
    Phase Error              (PE):    0.114ns

    Location             Delay type                Incr(ns)  Path(ns)    Netlist Resource(s)
  -------------------------------------------------------------------    -------------------
                         (clock clk_out1_ddr_clk_wiz_1 rise edge)
                                                      0.000     0.000 r  
    N15                                               0.000     0.000 r  DDR3_CLK100 (IN)
                         net (fo=0)                   0.000     0.000    clkgen_ddr3ctrl_instance/inst/clk_in1
    N15                  IBUF (Prop_ibuf_I_O)         0.209     0.209 r  clkgen_ddr3ctrl_instance/inst/clkin1_ibufg/O
                         net (fo=1, routed)           0.440     0.649    clkgen_ddr3ctrl_instance/inst/clk_in1_clk_wiz_1
    MMCME2_ADV_X0Y0      MMCME2_ADV (Prop_mmcme2_adv_CLKIN1_CLKOUT0)
                                                     -2.362    -1.714 r  clkgen_ddr3ctrl_instance/inst/mmcm_adv_inst/CLKOUT0
                         net (fo=1, routed)           0.489    -1.225    clkgen_ddr3ctrl_instance/inst/clk_out1_ddr_clk_wiz_1
    BUFGCTRL_X0Y2        BUFG (Prop_bufg_I_O)         0.026    -1.199 r  clkgen_ddr3ctrl_instance/inst/clkout1_buf/O
                         net (fo=23, routed)          0.584    -0.615    phy_instance/clk_out1_ddr
    OLOGIC_X1Y32         OSERDESE2                                    r  phy_instance/genblk8[1].oserdes_dqs_inst/CLK
  -------------------------------------------------------------------    -------------------
    OLOGIC_X1Y32         OSERDESE2 (Prop_oserdese2_CLK_TQ)
                                                      0.192    -0.423 f  phy_instance/genblk8[1].oserdes_dqs_inst/TQ
                         net (fo=2, routed)           0.001    -0.422    phy_instance/genblk6[1].iobufds_dqs_inst/OBUFTDS/T
    N2                   OBUFTDS (TriStatE_obuftds_T_O)
                                                      0.182    -0.240 r  phy_instance/genblk6[1].iobufds_dqs_inst/OBUFTDS/N/O
                         net (fo=1, unset)            0.000    -0.240    ddr3_dqs_n[1]
    N2                                                                r  ddr3_dqs_n[1] (INOUT)
  -------------------------------------------------------------------    -------------------

Slack:                    inf
  Source:                 phy_instance/genblk8[1].oserdes_dqs_inst/CLK
                            (rising edge-triggered cell OSERDESE2 clocked by clk_out1_ddr_clk_wiz_1  {rise@0.000ns fall@1.250ns period=2.500ns})
  Destination:            ddr3_dqs_p[1]
                            (output port)
  Path Group:             (none)
  Path Type:              Min at Fast Process Corner
  Data Path Delay:        0.378ns  (logic 0.377ns (99.735%)  route 0.001ns (0.265%))
  Logic Levels:           1  (OBUFTDS=1)
  Clock Uncertainty:      0.175ns  ((TSJ^2 + DJ^2)^1/2) / 2 + PE
    Total System Jitter     (TSJ):    0.050ns
    Discrete Jitter          (DJ):    0.111ns
    Phase Error              (PE):    0.114ns

    Location             Delay type                Incr(ns)  Path(ns)    Netlist Resource(s)
  -------------------------------------------------------------------    -------------------
                         (clock clk_out1_ddr_clk_wiz_1 rise edge)
                                                      0.000     0.000 r  
    N15                                               0.000     0.000 r  DDR3_CLK100 (IN)
                         net (fo=0)                   0.000     0.000    clkgen_ddr3ctrl_instance/inst/clk_in1
    N15                  IBUF (Prop_ibuf_I_O)         0.209     0.209 r  clkgen_ddr3ctrl_instance/inst/clkin1_ibufg/O
                         net (fo=1, routed)           0.440     0.649    clkgen_ddr3ctrl_instance/inst/clk_in1_clk_wiz_1
    MMCME2_ADV_X0Y0      MMCME2_ADV (Prop_mmcme2_adv_CLKIN1_CLKOUT0)
                                                     -2.362    -1.714 r  clkgen_ddr3ctrl_instance/inst/mmcm_adv_inst/CLKOUT0
                         net (fo=1, routed)           0.489    -1.225    clkgen_ddr3ctrl_instance/inst/clk_out1_ddr_clk_wiz_1
    BUFGCTRL_X0Y2        BUFG (Prop_bufg_I_O)         0.026    -1.199 r  clkgen_ddr3ctrl_instance/inst/clkout1_buf/O
                         net (fo=23, routed)          0.584    -0.615    phy_instance/clk_out1_ddr
    OLOGIC_X1Y32         OSERDESE2                                    r  phy_instance/genblk8[1].oserdes_dqs_inst/CLK
  -------------------------------------------------------------------    -------------------
    OLOGIC_X1Y32         OSERDESE2 (Prop_oserdese2_CLK_TQ)
                                                      0.192    -0.423 f  phy_instance/genblk8[1].oserdes_dqs_inst/TQ
                         net (fo=2, routed)           0.001    -0.422    phy_instance/genblk6[1].iobufds_dqs_inst/OBUFTDS/T
    N3                   OBUFTDS (TriStatE_obuftds_T_O)
                                                      0.185    -0.237 r  phy_instance/genblk6[1].iobufds_dqs_inst/OBUFTDS/P/O
                         net (fo=1, unset)            0.000    -0.237    ddr3_dqs_p[1]
    N3                                                                r  ddr3_dqs_p[1] (INOUT)
  -------------------------------------------------------------------    -------------------

Slack:                    inf
  Source:                 phy_instance/genblk4[4].oserdes_addr_inst/CLK
                            (rising edge-triggered cell OSERDESE2 clocked by clk_out1_ddr_clk_wiz_1  {rise@0.000ns fall@1.250ns period=2.500ns})
  Destination:            ddr3_addr[4]
                            (output port)
  Path Group:             (none)
  Path Type:              Min at Fast Process Corner
  Data Path Delay:        0.666ns  (logic 0.665ns (99.850%)  route 0.001ns (0.150%))
  Logic Levels:           1  (OBUF=1)
  Clock Uncertainty:      0.175ns  ((TSJ^2 + DJ^2)^1/2) / 2 + PE
    Total System Jitter     (TSJ):    0.050ns
    Discrete Jitter          (DJ):    0.111ns
    Phase Error              (PE):    0.114ns

    Location             Delay type                Incr(ns)  Path(ns)    Netlist Resource(s)
  -------------------------------------------------------------------    -------------------
                         (clock clk_out1_ddr_clk_wiz_1 rise edge)
                                                      0.000     0.000 r  
    N15                                               0.000     0.000 r  DDR3_CLK100 (IN)
                         net (fo=0)                   0.000     0.000    clkgen_ddr3ctrl_instance/inst/clk_in1
    N15                  IBUF (Prop_ibuf_I_O)         0.209     0.209 r  clkgen_ddr3ctrl_instance/inst/clkin1_ibufg/O
                         net (fo=1, routed)           0.440     0.649    clkgen_ddr3ctrl_instance/inst/clk_in1_clk_wiz_1
    MMCME2_ADV_X0Y0      MMCME2_ADV (Prop_mmcme2_adv_CLKIN1_CLKOUT0)
                                                     -2.362    -1.714 r  clkgen_ddr3ctrl_instance/inst/mmcm_adv_inst/CLKOUT0
                         net (fo=1, routed)           0.489    -1.225    clkgen_ddr3ctrl_instance/inst/clk_out1_ddr_clk_wiz_1
    BUFGCTRL_X0Y2        BUFG (Prop_bufg_I_O)         0.026    -1.199 r  clkgen_ddr3ctrl_instance/inst/clkout1_buf/O
                         net (fo=23, routed)          0.587    -0.612    phy_instance/clk_out1_ddr
    OLOGIC_X1Y6          OSERDESE2                                    r  phy_instance/genblk4[4].oserdes_addr_inst/CLK
  -------------------------------------------------------------------    -------------------
    OLOGIC_X1Y6          OSERDESE2 (Prop_oserdese2_CLK_OQ)
                                                      0.177    -0.435 r  phy_instance/genblk4[4].oserdes_addr_inst/OQ
                         net (fo=1, routed)           0.001    -0.434    ddr3_addr_OBUF[4]
    T6                   OBUF (Prop_obuf_I_O)         0.488     0.054 r  ddr3_addr_OBUF[4]_inst/O
                         net (fo=0)                   0.000     0.054    ddr3_addr[4]
    T6                                                                r  ddr3_addr[4] (OUT)
  -------------------------------------------------------------------    -------------------

Slack:                    inf
  Source:                 phy_instance/oserdes_clk_inst/CLK
                            (rising edge-triggered cell OSERDESE2 clocked by clk_out1_ddr_clk_wiz_1  {rise@0.000ns fall@1.250ns period=2.500ns})
  Destination:            ddr3_ck_n[0]
                            (output port)
  Path Group:             (none)
  Path Type:              Min at Fast Process Corner
  Data Path Delay:        0.668ns  (logic 0.666ns (99.701%)  route 0.002ns (0.299%))
  Logic Levels:           2  (INV=1 OBUFDS=1)
  Clock Uncertainty:      0.175ns  ((TSJ^2 + DJ^2)^1/2) / 2 + PE
    Total System Jitter     (TSJ):    0.050ns
    Discrete Jitter          (DJ):    0.111ns
    Phase Error              (PE):    0.114ns

    Location             Delay type                Incr(ns)  Path(ns)    Netlist Resource(s)
  -------------------------------------------------------------------    -------------------
                         (clock clk_out1_ddr_clk_wiz_1 rise edge)
                                                      0.000     0.000 r  
    N15                                               0.000     0.000 r  DDR3_CLK100 (IN)
                         net (fo=0)                   0.000     0.000    clkgen_ddr3ctrl_instance/inst/clk_in1
    N15                  IBUF (Prop_ibuf_I_O)         0.209     0.209 r  clkgen_ddr3ctrl_instance/inst/clkin1_ibufg/O
                         net (fo=1, routed)           0.440     0.649    clkgen_ddr3ctrl_instance/inst/clk_in1_clk_wiz_1
    MMCME2_ADV_X0Y0      MMCME2_ADV (Prop_mmcme2_adv_CLKIN1_CLKOUT0)
                                                     -2.362    -1.714 r  clkgen_ddr3ctrl_instance/inst/mmcm_adv_inst/CLKOUT0
                         net (fo=1, routed)           0.489    -1.225    clkgen_ddr3ctrl_instance/inst/clk_out1_ddr_clk_wiz_1
    BUFGCTRL_X0Y2        BUFG (Prop_bufg_I_O)         0.026    -1.199 r  clkgen_ddr3ctrl_instance/inst/clkout1_buf/O
                         net (fo=23, routed)          0.587    -0.612    phy_instance/clk_out1_ddr
    OLOGIC_X1Y8          OSERDESE2                                    r  phy_instance/oserdes_clk_inst/CLK
  -------------------------------------------------------------------    -------------------
    OLOGIC_X1Y8          OSERDESE2 (Prop_oserdese2_CLK_OQ)
                                                      0.177    -0.435 f  phy_instance/oserdes_clk_inst/OQ
                         net (fo=2, routed)           0.002    -0.433    phy_instance/obufds_ck_inst/I
    T4                   INV (Prop_inv_I_O)           0.001    -0.432 r  phy_instance/obufds_ck_inst/INV/O
                         net (fo=1, routed)           0.000    -0.432    phy_instance/obufds_ck_inst/I_B
    T4                   OBUFDS (Prop_obufds_I_O)     0.488     0.056 r  phy_instance/obufds_ck_inst/N/O
                         net (fo=0)                   0.000     0.056    ddr3_ck_n[0]
    T4                                                                r  ddr3_ck_n[0] (OUT)
  -------------------------------------------------------------------    -------------------

Slack:                    inf
  Source:                 phy_instance/genblk4[11].oserdes_addr_inst/CLK
                            (rising edge-triggered cell OSERDESE2 clocked by clk_out1_ddr_clk_wiz_1  {rise@0.000ns fall@1.250ns period=2.500ns})
  Destination:            ddr3_addr[11]
                            (output port)
  Path Group:             (none)
  Path Type:              Min at Fast Process Corner
  Data Path Delay:        0.672ns  (logic 0.671ns (99.851%)  route 0.001ns (0.149%))
  Logic Levels:           1  (OBUF=1)
  Clock Uncertainty:      0.175ns  ((TSJ^2 + DJ^2)^1/2) / 2 + PE
    Total System Jitter     (TSJ):    0.050ns
    Discrete Jitter          (DJ):    0.111ns
    Phase Error              (PE):    0.114ns

    Location             Delay type                Incr(ns)  Path(ns)    Netlist Resource(s)
  -------------------------------------------------------------------    -------------------
                         (clock clk_out1_ddr_clk_wiz_1 rise edge)
                                                      0.000     0.000 r  
    N15                                               0.000     0.000 r  DDR3_CLK100 (IN)
                         net (fo=0)                   0.000     0.000    clkgen_ddr3ctrl_instance/inst/clk_in1
    N15                  IBUF (Prop_ibuf_I_O)         0.209     0.209 r  clkgen_ddr3ctrl_instance/inst/clkin1_ibufg/O
                         net (fo=1, routed)           0.440     0.649    clkgen_ddr3ctrl_instance/inst/clk_in1_clk_wiz_1
    MMCME2_ADV_X0Y0      MMCME2_ADV (Prop_mmcme2_adv_CLKIN1_CLKOUT0)
                                                     -2.362    -1.714 r  clkgen_ddr3ctrl_instance/inst/mmcm_adv_inst/CLKOUT0
                         net (fo=1, routed)           0.489    -1.225    clkgen_ddr3ctrl_instance/inst/clk_out1_ddr_clk_wiz_1
    BUFGCTRL_X0Y2        BUFG (Prop_bufg_I_O)         0.026    -1.199 r  clkgen_ddr3ctrl_instance/inst/clkout1_buf/O
                         net (fo=23, routed)          0.587    -0.612    phy_instance/clk_out1_ddr
    OLOGIC_X1Y11         OSERDESE2                                    r  phy_instance/genblk4[11].oserdes_addr_inst/CLK
  -------------------------------------------------------------------    -------------------
    OLOGIC_X1Y11         OSERDESE2 (Prop_oserdese2_CLK_OQ)
                                                      0.177    -0.435 r  phy_instance/genblk4[11].oserdes_addr_inst/OQ
                         net (fo=1, routed)           0.001    -0.434    ddr3_addr_OBUF[11]
    P5                   OBUF (Prop_obuf_I_O)         0.494     0.060 r  ddr3_addr_OBUF[11]_inst/O
                         net (fo=0)                   0.000     0.060    ddr3_addr[11]
    P5                                                                r  ddr3_addr[11] (OUT)
  -------------------------------------------------------------------    -------------------

Slack:                    inf
  Source:                 phy_instance/oserdes_clk_inst/CLK
                            (rising edge-triggered cell OSERDESE2 clocked by clk_out1_ddr_clk_wiz_1  {rise@0.000ns fall@1.250ns period=2.500ns})
  Destination:            ddr3_ck_p[0]
                            (output port)
  Path Group:             (none)
  Path Type:              Min at Fast Process Corner
  Data Path Delay:        0.674ns  (logic 0.673ns (99.852%)  route 0.001ns (0.148%))
  Logic Levels:           1  (OBUFDS=1)
  Clock Uncertainty:      0.175ns  ((TSJ^2 + DJ^2)^1/2) / 2 + PE
    Total System Jitter     (TSJ):    0.050ns
    Discrete Jitter          (DJ):    0.111ns
    Phase Error              (PE):    0.114ns

    Location             Delay type                Incr(ns)  Path(ns)    Netlist Resource(s)
  -------------------------------------------------------------------    -------------------
                         (clock clk_out1_ddr_clk_wiz_1 rise edge)
                                                      0.000     0.000 r  
    N15                                               0.000     0.000 r  DDR3_CLK100 (IN)
                         net (fo=0)                   0.000     0.000    clkgen_ddr3ctrl_instance/inst/clk_in1
    N15                  IBUF (Prop_ibuf_I_O)         0.209     0.209 r  clkgen_ddr3ctrl_instance/inst/clkin1_ibufg/O
                         net (fo=1, routed)           0.440     0.649    clkgen_ddr3ctrl_instance/inst/clk_in1_clk_wiz_1
    MMCME2_ADV_X0Y0      MMCME2_ADV (Prop_mmcme2_adv_CLKIN1_CLKOUT0)
                                                     -2.362    -1.714 r  clkgen_ddr3ctrl_instance/inst/mmcm_adv_inst/CLKOUT0
                         net (fo=1, routed)           0.489    -1.225    clkgen_ddr3ctrl_instance/inst/clk_out1_ddr_clk_wiz_1
    BUFGCTRL_X0Y2        BUFG (Prop_bufg_I_O)         0.026    -1.199 r  clkgen_ddr3ctrl_instance/inst/clkout1_buf/O
                         net (fo=23, routed)          0.587    -0.612    phy_instance/clk_out1_ddr
    OLOGIC_X1Y8          OSERDESE2                                    r  phy_instance/oserdes_clk_inst/CLK
  -------------------------------------------------------------------    -------------------
    OLOGIC_X1Y8          OSERDESE2 (Prop_oserdese2_CLK_OQ)
                                                      0.177    -0.435 r  phy_instance/oserdes_clk_inst/OQ
                         net (fo=2, routed)           0.001    -0.434    phy_instance/obufds_ck_inst/I
    R5                   OBUFDS (Prop_obufds_I_O)     0.496     0.061 r  phy_instance/obufds_ck_inst/P/O
                         net (fo=0)                   0.000     0.061    ddr3_ck_p[0]
    R5                                                                r  ddr3_ck_p[0] (OUT)
  -------------------------------------------------------------------    -------------------

Slack:                    inf
  Source:                 phy_instance/genblk3[0].oserdes_cmd_inst/CLK
                            (rising edge-triggered cell OSERDESE2 clocked by clk_out1_ddr_clk_wiz_1  {rise@0.000ns fall@1.250ns period=2.500ns})
  Destination:            ddr3_we_n
                            (output port)
  Path Group:             (none)
  Path Type:              Min at Fast Process Corner
  Data Path Delay:        0.681ns  (logic 0.680ns (99.853%)  route 0.001ns (0.147%))
  Logic Levels:           1  (OBUF=1)
  Clock Uncertainty:      0.175ns  ((TSJ^2 + DJ^2)^1/2) / 2 + PE
    Total System Jitter     (TSJ):    0.050ns
    Discrete Jitter          (DJ):    0.111ns
    Phase Error              (PE):    0.114ns

    Location             Delay type                Incr(ns)  Path(ns)    Netlist Resource(s)
  -------------------------------------------------------------------    -------------------
                         (clock clk_out1_ddr_clk_wiz_1 rise edge)
                                                      0.000     0.000 r  
    N15                                               0.000     0.000 r  DDR3_CLK100 (IN)
                         net (fo=0)                   0.000     0.000    clkgen_ddr3ctrl_instance/inst/clk_in1
    N15                  IBUF (Prop_ibuf_I_O)         0.209     0.209 r  clkgen_ddr3ctrl_instance/inst/clkin1_ibufg/O
                         net (fo=1, routed)           0.440     0.649    clkgen_ddr3ctrl_instance/inst/clk_in1_clk_wiz_1
    MMCME2_ADV_X0Y0      MMCME2_ADV (Prop_mmcme2_adv_CLKIN1_CLKOUT0)
                                                     -2.362    -1.714 r  clkgen_ddr3ctrl_instance/inst/mmcm_adv_inst/CLKOUT0
                         net (fo=1, routed)           0.489    -1.225    clkgen_ddr3ctrl_instance/inst/clk_out1_ddr_clk_wiz_1
    BUFGCTRL_X0Y2        BUFG (Prop_bufg_I_O)         0.026    -1.199 r  clkgen_ddr3ctrl_instance/inst/clkout1_buf/O
                         net (fo=23, routed)          0.580    -0.619    phy_instance/clk_out1_ddr
    OLOGIC_X1Y23         OSERDESE2                                    r  phy_instance/genblk3[0].oserdes_cmd_inst/CLK
  -------------------------------------------------------------------    -------------------
    OLOGIC_X1Y23         OSERDESE2 (Prop_oserdese2_CLK_OQ)
                                                      0.177    -0.442 r  phy_instance/genblk3[0].oserdes_cmd_inst/OQ
                         net (fo=1, routed)           0.001    -0.441    ddr3_we_n_OBUF
    T2                   OBUF (Prop_obuf_I_O)         0.503     0.062 r  ddr3_we_n_OBUF_inst/O
                         net (fo=0)                   0.000     0.062    ddr3_we_n
    T2                                                                r  ddr3_we_n (OUT)
  -------------------------------------------------------------------    -------------------

Slack:                    inf
  Source:                 phy_instance/genblk5[2].oserdes_ba_inst/CLK
                            (rising edge-triggered cell OSERDESE2 clocked by clk_out1_ddr_clk_wiz_1  {rise@0.000ns fall@1.250ns period=2.500ns})
  Destination:            ddr3_ba[2]
                            (output port)
  Path Group:             (none)
  Path Type:              Min at Fast Process Corner
  Data Path Delay:        0.682ns  (logic 0.681ns (99.853%)  route 0.001ns (0.147%))
  Logic Levels:           1  (OBUF=1)
  Clock Uncertainty:      0.175ns  ((TSJ^2 + DJ^2)^1/2) / 2 + PE
    Total System Jitter     (TSJ):    0.050ns
    Discrete Jitter          (DJ):    0.111ns
    Phase Error              (PE):    0.114ns

    Location             Delay type                Incr(ns)  Path(ns)    Netlist Resource(s)
  -------------------------------------------------------------------    -------------------
                         (clock clk_out1_ddr_clk_wiz_1 rise edge)
                                                      0.000     0.000 r  
    N15                                               0.000     0.000 r  DDR3_CLK100 (IN)
                         net (fo=0)                   0.000     0.000    clkgen_ddr3ctrl_instance/inst/clk_in1
    N15                  IBUF (Prop_ibuf_I_O)         0.209     0.209 r  clkgen_ddr3ctrl_instance/inst/clkin1_ibufg/O
                         net (fo=1, routed)           0.440     0.649    clkgen_ddr3ctrl_instance/inst/clk_in1_clk_wiz_1
    MMCME2_ADV_X0Y0      MMCME2_ADV (Prop_mmcme2_adv_CLKIN1_CLKOUT0)
                                                     -2.362    -1.714 r  clkgen_ddr3ctrl_instance/inst/mmcm_adv_inst/CLKOUT0
                         net (fo=1, routed)           0.489    -1.225    clkgen_ddr3ctrl_instance/inst/clk_out1_ddr_clk_wiz_1
    BUFGCTRL_X0Y2        BUFG (Prop_bufg_I_O)         0.026    -1.199 r  clkgen_ddr3ctrl_instance/inst/clkout1_buf/O
                         net (fo=23, routed)          0.580    -0.619    phy_instance/clk_out1_ddr
    OLOGIC_X1Y24         OSERDESE2                                    r  phy_instance/genblk5[2].oserdes_ba_inst/CLK
  -------------------------------------------------------------------    -------------------
    OLOGIC_X1Y24         OSERDESE2 (Prop_oserdese2_CLK_OQ)
                                                      0.177    -0.442 r  phy_instance/genblk5[2].oserdes_ba_inst/OQ
                         net (fo=1, routed)           0.001    -0.441    ddr3_ba_OBUF[2]
    R3                   OBUF (Prop_obuf_I_O)         0.504     0.062 r  ddr3_ba_OBUF[2]_inst/O
                         net (fo=0)                   0.000     0.062    ddr3_ba[2]
    R3                                                                r  ddr3_ba[2] (OUT)
  -------------------------------------------------------------------    -------------------





--------------------------------------------------------------------------------------
Path Group:  (none)
From Clock:  clk_out2_ddr_90_clk_wiz_1
  To Clock:  

Max Delay            18 Endpoints
Min Delay            18 Endpoints
--------------------------------------------------------------------------------------


Max Delay Paths
--------------------------------------------------------------------------------------
Slack:                    inf
  Source:                 phy_instance/genblk12[6].oserdes_dq_inst/CLK
                            (rising edge-triggered cell OSERDESE2 clocked by clk_out2_ddr_90_clk_wiz_1  {rise@0.625ns fall@1.875ns period=2.500ns})
  Destination:            ddr3_dq[6]
                            (output port)
  Path Group:             (none)
  Path Type:              Max at Slow Process Corner
  Data Path Delay:        2.916ns  (logic 2.915ns (99.966%)  route 0.001ns (0.034%))
  Logic Levels:           1  (OBUFT=1)
  Clock Uncertainty:      0.175ns  ((TSJ^2 + DJ^2)^1/2) / 2 + PE
    Total System Jitter     (TSJ):    0.050ns
    Discrete Jitter          (DJ):    0.111ns
    Phase Error              (PE):    0.114ns

    Location             Delay type                Incr(ns)  Path(ns)    Netlist Resource(s)
  -------------------------------------------------------------------    -------------------
                         (clock clk_out2_ddr_90_clk_wiz_1 rise edge)
                                                      0.625     0.625 r  
    N15                                               0.000     0.625 r  DDR3_CLK100 (IN)
                         net (fo=0)                   0.000     0.625    clkgen_ddr3ctrl_instance/inst/clk_in1
    N15                  IBUF (Prop_ibuf_I_O)         1.440     2.065 r  clkgen_ddr3ctrl_instance/inst/clkin1_ibufg/O
                         net (fo=1, routed)           1.233     3.298    clkgen_ddr3ctrl_instance/inst/clk_in1_clk_wiz_1
    MMCME2_ADV_X0Y0      MMCME2_ADV (Prop_mmcme2_adv_CLKIN1_CLKOUT2)
                                                     -6.965    -3.666 r  clkgen_ddr3ctrl_instance/inst/mmcm_adv_inst/CLKOUT2
                         net (fo=1, routed)           1.666    -2.000    clkgen_ddr3ctrl_instance/inst/clk_out2_ddr_90_clk_wiz_1
    BUFGCTRL_X0Y1        BUFG (Prop_bufg_I_O)         0.096    -1.904 r  clkgen_ddr3ctrl_instance/inst/clkout3_buf/O
                         net (fo=50, routed)          1.681    -0.223    phy_instance/clk_out2_ddr_90
    OLOGIC_X1Y47         OSERDESE2                                    r  phy_instance/genblk12[6].oserdes_dq_inst/CLK
  -------------------------------------------------------------------    -------------------
    OLOGIC_X1Y47         OSERDESE2 (Prop_oserdese2_CLK_TQ)
                                                      0.552     0.329 r  phy_instance/genblk12[6].oserdes_dq_inst/TQ
                         net (fo=1, routed)           0.001     0.330    phy_instance/genblk9[6].iobuf_dq_inst/T
    L4                   OBUFT (TriStatD_obuft_T_O)
                                                      2.363     2.693 r  phy_instance/genblk9[6].iobuf_dq_inst/OBUFT/O
                         net (fo=1, unset)            0.000     2.693    ddr3_dq[6]
    L4                                                                r  ddr3_dq[6] (INOUT)
  -------------------------------------------------------------------    -------------------

Slack:                    inf
  Source:                 phy_instance/genblk12[0].oserdes_dq_inst/CLK
                            (rising edge-triggered cell OSERDESE2 clocked by clk_out2_ddr_90_clk_wiz_1  {rise@0.625ns fall@1.875ns period=2.500ns})
  Destination:            ddr3_dq[0]
                            (output port)
  Path Group:             (none)
  Path Type:              Max at Slow Process Corner
  Data Path Delay:        2.916ns  (logic 2.915ns (99.966%)  route 0.001ns (0.034%))
  Logic Levels:           1  (OBUFT=1)
  Clock Uncertainty:      0.175ns  ((TSJ^2 + DJ^2)^1/2) / 2 + PE
    Total System Jitter     (TSJ):    0.050ns
    Discrete Jitter          (DJ):    0.111ns
    Phase Error              (PE):    0.114ns

    Location             Delay type                Incr(ns)  Path(ns)    Netlist Resource(s)
  -------------------------------------------------------------------    -------------------
                         (clock clk_out2_ddr_90_clk_wiz_1 rise edge)
                                                      0.625     0.625 r  
    N15                                               0.000     0.625 r  DDR3_CLK100 (IN)
                         net (fo=0)                   0.000     0.625    clkgen_ddr3ctrl_instance/inst/clk_in1
    N15                  IBUF (Prop_ibuf_I_O)         1.440     2.065 r  clkgen_ddr3ctrl_instance/inst/clkin1_ibufg/O
                         net (fo=1, routed)           1.233     3.298    clkgen_ddr3ctrl_instance/inst/clk_in1_clk_wiz_1
    MMCME2_ADV_X0Y0      MMCME2_ADV (Prop_mmcme2_adv_CLKIN1_CLKOUT2)
                                                     -6.965    -3.666 r  clkgen_ddr3ctrl_instance/inst/mmcm_adv_inst/CLKOUT2
                         net (fo=1, routed)           1.666    -2.000    clkgen_ddr3ctrl_instance/inst/clk_out2_ddr_90_clk_wiz_1
    BUFGCTRL_X0Y1        BUFG (Prop_bufg_I_O)         0.096    -1.904 r  clkgen_ddr3ctrl_instance/inst/clkout3_buf/O
                         net (fo=50, routed)          1.680    -0.224    phy_instance/clk_out2_ddr_90
    OLOGIC_X1Y45         OSERDESE2                                    r  phy_instance/genblk12[0].oserdes_dq_inst/CLK
  -------------------------------------------------------------------    -------------------
    OLOGIC_X1Y45         OSERDESE2 (Prop_oserdese2_CLK_TQ)
                                                      0.552     0.328 r  phy_instance/genblk12[0].oserdes_dq_inst/TQ
                         net (fo=1, routed)           0.001     0.329    phy_instance/genblk9[0].iobuf_dq_inst/T
    K2                   OBUFT (TriStatD_obuft_T_O)
                                                      2.363     2.692 r  phy_instance/genblk9[0].iobuf_dq_inst/OBUFT/O
                         net (fo=1, unset)            0.000     2.692    ddr3_dq[0]
    K2                                                                r  ddr3_dq[0] (INOUT)
  -------------------------------------------------------------------    -------------------

Slack:                    inf
  Source:                 phy_instance/genblk12[2].oserdes_dq_inst/CLK
                            (rising edge-triggered cell OSERDESE2 clocked by clk_out2_ddr_90_clk_wiz_1  {rise@0.625ns fall@1.875ns period=2.500ns})
  Destination:            ddr3_dq[2]
                            (output port)
  Path Group:             (none)
  Path Type:              Max at Slow Process Corner
  Data Path Delay:        2.916ns  (logic 2.915ns (99.966%)  route 0.001ns (0.034%))
  Logic Levels:           1  (OBUFT=1)
  Clock Uncertainty:      0.175ns  ((TSJ^2 + DJ^2)^1/2) / 2 + PE
    Total System Jitter     (TSJ):    0.050ns
    Discrete Jitter          (DJ):    0.111ns
    Phase Error              (PE):    0.114ns

    Location             Delay type                Incr(ns)  Path(ns)    Netlist Resource(s)
  -------------------------------------------------------------------    -------------------
                         (clock clk_out2_ddr_90_clk_wiz_1 rise edge)
                                                      0.625     0.625 r  
    N15                                               0.000     0.625 r  DDR3_CLK100 (IN)
                         net (fo=0)                   0.000     0.625    clkgen_ddr3ctrl_instance/inst/clk_in1
    N15                  IBUF (Prop_ibuf_I_O)         1.440     2.065 r  clkgen_ddr3ctrl_instance/inst/clkin1_ibufg/O
                         net (fo=1, routed)           1.233     3.298    clkgen_ddr3ctrl_instance/inst/clk_in1_clk_wiz_1
    MMCME2_ADV_X0Y0      MMCME2_ADV (Prop_mmcme2_adv_CLKIN1_CLKOUT2)
                                                     -6.965    -3.666 r  clkgen_ddr3ctrl_instance/inst/mmcm_adv_inst/CLKOUT2
                         net (fo=1, routed)           1.666    -2.000    clkgen_ddr3ctrl_instance/inst/clk_out2_ddr_90_clk_wiz_1
    BUFGCTRL_X0Y1        BUFG (Prop_bufg_I_O)         0.096    -1.904 r  clkgen_ddr3ctrl_instance/inst/clkout3_buf/O
                         net (fo=50, routed)          1.680    -0.224    phy_instance/clk_out2_ddr_90
    OLOGIC_X1Y46         OSERDESE2                                    r  phy_instance/genblk12[2].oserdes_dq_inst/CLK
  -------------------------------------------------------------------    -------------------
    OLOGIC_X1Y46         OSERDESE2 (Prop_oserdese2_CLK_TQ)
                                                      0.552     0.328 r  phy_instance/genblk12[2].oserdes_dq_inst/TQ
                         net (fo=1, routed)           0.001     0.329    phy_instance/genblk9[2].iobuf_dq_inst/T
    K3                   OBUFT (TriStatD_obuft_T_O)
                                                      2.363     2.692 r  phy_instance/genblk9[2].iobuf_dq_inst/OBUFT/O
                         net (fo=1, unset)            0.000     2.692    ddr3_dq[2]
    K3                                                                r  ddr3_dq[2] (INOUT)
  -------------------------------------------------------------------    -------------------

Slack:                    inf
  Source:                 phy_instance/genblk12[4].oserdes_dq_inst/CLK
                            (rising edge-triggered cell OSERDESE2 clocked by clk_out2_ddr_90_clk_wiz_1  {rise@0.625ns fall@1.875ns period=2.500ns})
  Destination:            ddr3_dq[4]
                            (output port)
  Path Group:             (none)
  Path Type:              Max at Slow Process Corner
  Data Path Delay:        2.916ns  (logic 2.915ns (99.966%)  route 0.001ns (0.034%))
  Logic Levels:           1  (OBUFT=1)
  Clock Uncertainty:      0.175ns  ((TSJ^2 + DJ^2)^1/2) / 2 + PE
    Total System Jitter     (TSJ):    0.050ns
    Discrete Jitter          (DJ):    0.111ns
    Phase Error              (PE):    0.114ns

    Location             Delay type                Incr(ns)  Path(ns)    Netlist Resource(s)
  -------------------------------------------------------------------    -------------------
                         (clock clk_out2_ddr_90_clk_wiz_1 rise edge)
                                                      0.625     0.625 r  
    N15                                               0.000     0.625 r  DDR3_CLK100 (IN)
                         net (fo=0)                   0.000     0.625    clkgen_ddr3ctrl_instance/inst/clk_in1
    N15                  IBUF (Prop_ibuf_I_O)         1.440     2.065 r  clkgen_ddr3ctrl_instance/inst/clkin1_ibufg/O
                         net (fo=1, routed)           1.233     3.298    clkgen_ddr3ctrl_instance/inst/clk_in1_clk_wiz_1
    MMCME2_ADV_X0Y0      MMCME2_ADV (Prop_mmcme2_adv_CLKIN1_CLKOUT2)
                                                     -6.965    -3.666 r  clkgen_ddr3ctrl_instance/inst/mmcm_adv_inst/CLKOUT2
                         net (fo=1, routed)           1.666    -2.000    clkgen_ddr3ctrl_instance/inst/clk_out2_ddr_90_clk_wiz_1
    BUFGCTRL_X0Y1        BUFG (Prop_bufg_I_O)         0.096    -1.904 r  clkgen_ddr3ctrl_instance/inst/clkout3_buf/O
                         net (fo=50, routed)          1.679    -0.225    phy_instance/clk_out2_ddr_90
    OLOGIC_X1Y41         OSERDESE2                                    r  phy_instance/genblk12[4].oserdes_dq_inst/CLK
  -------------------------------------------------------------------    -------------------
    OLOGIC_X1Y41         OSERDESE2 (Prop_oserdese2_CLK_TQ)
                                                      0.552     0.327 r  phy_instance/genblk12[4].oserdes_dq_inst/TQ
                         net (fo=1, routed)           0.001     0.328    phy_instance/genblk9[4].iobuf_dq_inst/T
    L6                   OBUFT (TriStatD_obuft_T_O)
                                                      2.363     2.691 r  phy_instance/genblk9[4].iobuf_dq_inst/OBUFT/O
                         net (fo=1, unset)            0.000     2.691    ddr3_dq[4]
    L6                                                                r  ddr3_dq[4] (INOUT)
  -------------------------------------------------------------------    -------------------

Slack:                    inf
  Source:                 phy_instance/genblk12[7].oserdes_dq_inst/CLK
                            (rising edge-triggered cell OSERDESE2 clocked by clk_out2_ddr_90_clk_wiz_1  {rise@0.625ns fall@1.875ns period=2.500ns})
  Destination:            ddr3_dq[7]
                            (output port)
  Path Group:             (none)
  Path Type:              Max at Slow Process Corner
  Data Path Delay:        2.916ns  (logic 2.915ns (99.966%)  route 0.001ns (0.034%))
  Logic Levels:           1  (OBUFT=1)
  Clock Uncertainty:      0.175ns  ((TSJ^2 + DJ^2)^1/2) / 2 + PE
    Total System Jitter     (TSJ):    0.050ns
    Discrete Jitter          (DJ):    0.111ns
    Phase Error              (PE):    0.114ns

    Location             Delay type                Incr(ns)  Path(ns)    Netlist Resource(s)
  -------------------------------------------------------------------    -------------------
                         (clock clk_out2_ddr_90_clk_wiz_1 rise edge)
                                                      0.625     0.625 r  
    N15                                               0.000     0.625 r  DDR3_CLK100 (IN)
                         net (fo=0)                   0.000     0.625    clkgen_ddr3ctrl_instance/inst/clk_in1
    N15                  IBUF (Prop_ibuf_I_O)         1.440     2.065 r  clkgen_ddr3ctrl_instance/inst/clkin1_ibufg/O
                         net (fo=1, routed)           1.233     3.298    clkgen_ddr3ctrl_instance/inst/clk_in1_clk_wiz_1
    MMCME2_ADV_X0Y0      MMCME2_ADV (Prop_mmcme2_adv_CLKIN1_CLKOUT2)
                                                     -6.965    -3.666 r  clkgen_ddr3ctrl_instance/inst/mmcm_adv_inst/CLKOUT2
                         net (fo=1, routed)           1.666    -2.000    clkgen_ddr3ctrl_instance/inst/clk_out2_ddr_90_clk_wiz_1
    BUFGCTRL_X0Y1        BUFG (Prop_bufg_I_O)         0.096    -1.904 r  clkgen_ddr3ctrl_instance/inst/clkout3_buf/O
                         net (fo=50, routed)          1.679    -0.225    phy_instance/clk_out2_ddr_90
    OLOGIC_X1Y42         OSERDESE2                                    r  phy_instance/genblk12[7].oserdes_dq_inst/CLK
  -------------------------------------------------------------------    -------------------
    OLOGIC_X1Y42         OSERDESE2 (Prop_oserdese2_CLK_TQ)
                                                      0.552     0.327 r  phy_instance/genblk12[7].oserdes_dq_inst/TQ
                         net (fo=1, routed)           0.001     0.328    phy_instance/genblk9[7].iobuf_dq_inst/T
    K6                   OBUFT (TriStatD_obuft_T_O)
                                                      2.363     2.691 r  phy_instance/genblk9[7].iobuf_dq_inst/OBUFT/O
                         net (fo=1, unset)            0.000     2.691    ddr3_dq[7]
    K6                                                                r  ddr3_dq[7] (INOUT)
  -------------------------------------------------------------------    -------------------

Slack:                    inf
  Source:                 phy_instance/genblk12[1].oserdes_dq_inst/CLK
                            (rising edge-triggered cell OSERDESE2 clocked by clk_out2_ddr_90_clk_wiz_1  {rise@0.625ns fall@1.875ns period=2.500ns})
  Destination:            ddr3_dq[1]
                            (output port)
  Path Group:             (none)
  Path Type:              Max at Slow Process Corner
  Data Path Delay:        2.916ns  (logic 2.915ns (99.966%)  route 0.001ns (0.034%))
  Logic Levels:           1  (OBUFT=1)
  Clock Uncertainty:      0.175ns  ((TSJ^2 + DJ^2)^1/2) / 2 + PE
    Total System Jitter     (TSJ):    0.050ns
    Discrete Jitter          (DJ):    0.111ns
    Phase Error              (PE):    0.114ns

    Location             Delay type                Incr(ns)  Path(ns)    Netlist Resource(s)
  -------------------------------------------------------------------    -------------------
                         (clock clk_out2_ddr_90_clk_wiz_1 rise edge)
                                                      0.625     0.625 r  
    N15                                               0.000     0.625 r  DDR3_CLK100 (IN)
                         net (fo=0)                   0.000     0.625    clkgen_ddr3ctrl_instance/inst/clk_in1
    N15                  IBUF (Prop_ibuf_I_O)         1.440     2.065 r  clkgen_ddr3ctrl_instance/inst/clkin1_ibufg/O
                         net (fo=1, routed)           1.233     3.298    clkgen_ddr3ctrl_instance/inst/clk_in1_clk_wiz_1
    MMCME2_ADV_X0Y0      MMCME2_ADV (Prop_mmcme2_adv_CLKIN1_CLKOUT2)
                                                     -6.965    -3.666 r  clkgen_ddr3ctrl_instance/inst/mmcm_adv_inst/CLKOUT2
                         net (fo=1, routed)           1.666    -2.000    clkgen_ddr3ctrl_instance/inst/clk_out2_ddr_90_clk_wiz_1
    BUFGCTRL_X0Y1        BUFG (Prop_bufg_I_O)         0.096    -1.904 r  clkgen_ddr3ctrl_instance/inst/clkout3_buf/O
                         net (fo=50, routed)          1.678    -0.226    phy_instance/clk_out2_ddr_90
    OLOGIC_X1Y39         OSERDESE2                                    r  phy_instance/genblk12[1].oserdes_dq_inst/CLK
  -------------------------------------------------------------------    -------------------
    OLOGIC_X1Y39         OSERDESE2 (Prop_oserdese2_CLK_TQ)
                                                      0.552     0.326 r  phy_instance/genblk12[1].oserdes_dq_inst/TQ
                         net (fo=1, routed)           0.001     0.327    phy_instance/genblk9[1].iobuf_dq_inst/T
    M4                   OBUFT (TriStatD_obuft_T_O)
                                                      2.363     2.690 r  phy_instance/genblk9[1].iobuf_dq_inst/OBUFT/O
                         net (fo=1, unset)            0.000     2.690    ddr3_dq[1]
    M4                                                                r  ddr3_dq[1] (INOUT)
  -------------------------------------------------------------------    -------------------

Slack:                    inf
  Source:                 phy_instance/genblk12[3].oserdes_dq_inst/CLK
                            (rising edge-triggered cell OSERDESE2 clocked by clk_out2_ddr_90_clk_wiz_1  {rise@0.625ns fall@1.875ns period=2.500ns})
  Destination:            ddr3_dq[3]
                            (output port)
  Path Group:             (none)
  Path Type:              Max at Slow Process Corner
  Data Path Delay:        2.916ns  (logic 2.915ns (99.966%)  route 0.001ns (0.034%))
  Logic Levels:           1  (OBUFT=1)
  Clock Uncertainty:      0.175ns  ((TSJ^2 + DJ^2)^1/2) / 2 + PE
    Total System Jitter     (TSJ):    0.050ns
    Discrete Jitter          (DJ):    0.111ns
    Phase Error              (PE):    0.114ns

    Location             Delay type                Incr(ns)  Path(ns)    Netlist Resource(s)
  -------------------------------------------------------------------    -------------------
                         (clock clk_out2_ddr_90_clk_wiz_1 rise edge)
                                                      0.625     0.625 r  
    N15                                               0.000     0.625 r  DDR3_CLK100 (IN)
                         net (fo=0)                   0.000     0.625    clkgen_ddr3ctrl_instance/inst/clk_in1
    N15                  IBUF (Prop_ibuf_I_O)         1.440     2.065 r  clkgen_ddr3ctrl_instance/inst/clkin1_ibufg/O
                         net (fo=1, routed)           1.233     3.298    clkgen_ddr3ctrl_instance/inst/clk_in1_clk_wiz_1
    MMCME2_ADV_X0Y0      MMCME2_ADV (Prop_mmcme2_adv_CLKIN1_CLKOUT2)
                                                     -6.965    -3.666 r  clkgen_ddr3ctrl_instance/inst/mmcm_adv_inst/CLKOUT2
                         net (fo=1, routed)           1.666    -2.000    clkgen_ddr3ctrl_instance/inst/clk_out2_ddr_90_clk_wiz_1
    BUFGCTRL_X0Y1        BUFG (Prop_bufg_I_O)         0.096    -1.904 r  clkgen_ddr3ctrl_instance/inst/clkout3_buf/O
                         net (fo=50, routed)          1.678    -0.226    phy_instance/clk_out2_ddr_90
    OLOGIC_X1Y40         OSERDESE2                                    r  phy_instance/genblk12[3].oserdes_dq_inst/CLK
  -------------------------------------------------------------------    -------------------
    OLOGIC_X1Y40         OSERDESE2 (Prop_oserdese2_CLK_TQ)
                                                      0.552     0.326 r  phy_instance/genblk12[3].oserdes_dq_inst/TQ
                         net (fo=1, routed)           0.001     0.327    phy_instance/genblk9[3].iobuf_dq_inst/T
    L5                   OBUFT (TriStatD_obuft_T_O)
                                                      2.363     2.690 r  phy_instance/genblk9[3].iobuf_dq_inst/OBUFT/O
                         net (fo=1, unset)            0.000     2.690    ddr3_dq[3]
    L5                                                                r  ddr3_dq[3] (INOUT)
  -------------------------------------------------------------------    -------------------

Slack:                    inf
  Source:                 phy_instance/genblk12[5].oserdes_dq_inst/CLK
                            (rising edge-triggered cell OSERDESE2 clocked by clk_out2_ddr_90_clk_wiz_1  {rise@0.625ns fall@1.875ns period=2.500ns})
  Destination:            ddr3_dq[5]
                            (output port)
  Path Group:             (none)
  Path Type:              Max at Slow Process Corner
  Data Path Delay:        2.916ns  (logic 2.915ns (99.966%)  route 0.001ns (0.034%))
  Logic Levels:           1  (OBUFT=1)
  Clock Uncertainty:      0.175ns  ((TSJ^2 + DJ^2)^1/2) / 2 + PE
    Total System Jitter     (TSJ):    0.050ns
    Discrete Jitter          (DJ):    0.111ns
    Phase Error              (PE):    0.114ns

    Location             Delay type                Incr(ns)  Path(ns)    Netlist Resource(s)
  -------------------------------------------------------------------    -------------------
                         (clock clk_out2_ddr_90_clk_wiz_1 rise edge)
                                                      0.625     0.625 r  
    N15                                               0.000     0.625 r  DDR3_CLK100 (IN)
                         net (fo=0)                   0.000     0.625    clkgen_ddr3ctrl_instance/inst/clk_in1
    N15                  IBUF (Prop_ibuf_I_O)         1.440     2.065 r  clkgen_ddr3ctrl_instance/inst/clkin1_ibufg/O
                         net (fo=1, routed)           1.233     3.298    clkgen_ddr3ctrl_instance/inst/clk_in1_clk_wiz_1
    MMCME2_ADV_X0Y0      MMCME2_ADV (Prop_mmcme2_adv_CLKIN1_CLKOUT2)
                                                     -6.965    -3.666 r  clkgen_ddr3ctrl_instance/inst/mmcm_adv_inst/CLKOUT2
                         net (fo=1, routed)           1.666    -2.000    clkgen_ddr3ctrl_instance/inst/clk_out2_ddr_90_clk_wiz_1
    BUFGCTRL_X0Y1        BUFG (Prop_bufg_I_O)         0.096    -1.904 r  clkgen_ddr3ctrl_instance/inst/clkout3_buf/O
                         net (fo=50, routed)          1.678    -0.226    phy_instance/clk_out2_ddr_90
    OLOGIC_X1Y38         OSERDESE2                                    r  phy_instance/genblk12[5].oserdes_dq_inst/CLK
  -------------------------------------------------------------------    -------------------
    OLOGIC_X1Y38         OSERDESE2 (Prop_oserdese2_CLK_TQ)
                                                      0.552     0.326 r  phy_instance/genblk12[5].oserdes_dq_inst/TQ
                         net (fo=1, routed)           0.001     0.327    phy_instance/genblk9[5].iobuf_dq_inst/T
    M6                   OBUFT (TriStatD_obuft_T_O)
                                                      2.363     2.690 r  phy_instance/genblk9[5].iobuf_dq_inst/OBUFT/O
                         net (fo=1, unset)            0.000     2.690    ddr3_dq[5]
    M6                                                                r  ddr3_dq[5] (INOUT)
  -------------------------------------------------------------------    -------------------

Slack:                    inf
  Source:                 phy_instance/genblk12[15].oserdes_dq_inst/CLK
                            (rising edge-triggered cell OSERDESE2 clocked by clk_out2_ddr_90_clk_wiz_1  {rise@0.625ns fall@1.875ns period=2.500ns})
  Destination:            ddr3_dq[15]
                            (output port)
  Path Group:             (none)
  Path Type:              Max at Slow Process Corner
  Data Path Delay:        2.916ns  (logic 2.915ns (99.966%)  route 0.001ns (0.034%))
  Logic Levels:           1  (OBUFT=1)
  Clock Uncertainty:      0.175ns  ((TSJ^2 + DJ^2)^1/2) / 2 + PE
    Total System Jitter     (TSJ):    0.050ns
    Discrete Jitter          (DJ):    0.111ns
    Phase Error              (PE):    0.114ns

    Location             Delay type                Incr(ns)  Path(ns)    Netlist Resource(s)
  -------------------------------------------------------------------    -------------------
                         (clock clk_out2_ddr_90_clk_wiz_1 rise edge)
                                                      0.625     0.625 r  
    N15                                               0.000     0.625 r  DDR3_CLK100 (IN)
                         net (fo=0)                   0.000     0.625    clkgen_ddr3ctrl_instance/inst/clk_in1
    N15                  IBUF (Prop_ibuf_I_O)         1.440     2.065 r  clkgen_ddr3ctrl_instance/inst/clkin1_ibufg/O
                         net (fo=1, routed)           1.233     3.298    clkgen_ddr3ctrl_instance/inst/clk_in1_clk_wiz_1
    MMCME2_ADV_X0Y0      MMCME2_ADV (Prop_mmcme2_adv_CLKIN1_CLKOUT2)
                                                     -6.965    -3.666 r  clkgen_ddr3ctrl_instance/inst/mmcm_adv_inst/CLKOUT2
                         net (fo=1, routed)           1.666    -2.000    clkgen_ddr3ctrl_instance/inst/clk_out2_ddr_90_clk_wiz_1
    BUFGCTRL_X0Y1        BUFG (Prop_bufg_I_O)         0.096    -1.904 r  clkgen_ddr3ctrl_instance/inst/clkout3_buf/O
                         net (fo=50, routed)          1.675    -0.229    phy_instance/clk_out2_ddr_90
    OLOGIC_X1Y35         OSERDESE2                                    r  phy_instance/genblk12[15].oserdes_dq_inst/CLK
  -------------------------------------------------------------------    -------------------
    OLOGIC_X1Y35         OSERDESE2 (Prop_oserdese2_CLK_TQ)
                                                      0.552     0.323 r  phy_instance/genblk12[15].oserdes_dq_inst/TQ
                         net (fo=1, routed)           0.001     0.324    phy_instance/genblk9[15].iobuf_dq_inst/T
    M2                   OBUFT (TriStatD_obuft_T_O)
                                                      2.363     2.687 r  phy_instance/genblk9[15].iobuf_dq_inst/OBUFT/O
                         net (fo=1, unset)            0.000     2.687    ddr3_dq[15]
    M2                                                                r  ddr3_dq[15] (INOUT)
  -------------------------------------------------------------------    -------------------

Slack:                    inf
  Source:                 phy_instance/genblk12[11].oserdes_dq_inst/CLK
                            (rising edge-triggered cell OSERDESE2 clocked by clk_out2_ddr_90_clk_wiz_1  {rise@0.625ns fall@1.875ns period=2.500ns})
  Destination:            ddr3_dq[11]
                            (output port)
  Path Group:             (none)
  Path Type:              Max at Slow Process Corner
  Data Path Delay:        2.916ns  (logic 2.915ns (99.966%)  route 0.001ns (0.034%))
  Logic Levels:           1  (OBUFT=1)
  Clock Uncertainty:      0.175ns  ((TSJ^2 + DJ^2)^1/2) / 2 + PE
    Total System Jitter     (TSJ):    0.050ns
    Discrete Jitter          (DJ):    0.111ns
    Phase Error              (PE):    0.114ns

    Location             Delay type                Incr(ns)  Path(ns)    Netlist Resource(s)
  -------------------------------------------------------------------    -------------------
                         (clock clk_out2_ddr_90_clk_wiz_1 rise edge)
                                                      0.625     0.625 r  
    N15                                               0.000     0.625 r  DDR3_CLK100 (IN)
                         net (fo=0)                   0.000     0.625    clkgen_ddr3ctrl_instance/inst/clk_in1
    N15                  IBUF (Prop_ibuf_I_O)         1.440     2.065 r  clkgen_ddr3ctrl_instance/inst/clkin1_ibufg/O
                         net (fo=1, routed)           1.233     3.298    clkgen_ddr3ctrl_instance/inst/clk_in1_clk_wiz_1
    MMCME2_ADV_X0Y0      MMCME2_ADV (Prop_mmcme2_adv_CLKIN1_CLKOUT2)
                                                     -6.965    -3.666 r  clkgen_ddr3ctrl_instance/inst/mmcm_adv_inst/CLKOUT2
                         net (fo=1, routed)           1.666    -2.000    clkgen_ddr3ctrl_instance/inst/clk_out2_ddr_90_clk_wiz_1
    BUFGCTRL_X0Y1        BUFG (Prop_bufg_I_O)         0.096    -1.904 r  clkgen_ddr3ctrl_instance/inst/clkout3_buf/O
                         net (fo=50, routed)          1.674    -0.230    phy_instance/clk_out2_ddr_90
    OLOGIC_X1Y33         OSERDESE2                                    r  phy_instance/genblk12[11].oserdes_dq_inst/CLK
  -------------------------------------------------------------------    -------------------
    OLOGIC_X1Y33         OSERDESE2 (Prop_oserdese2_CLK_TQ)
                                                      0.552     0.322 r  phy_instance/genblk12[11].oserdes_dq_inst/TQ
                         net (fo=1, routed)           0.001     0.323    phy_instance/genblk9[11].iobuf_dq_inst/T
    N1                   OBUFT (TriStatD_obuft_T_O)
                                                      2.363     2.686 r  phy_instance/genblk9[11].iobuf_dq_inst/OBUFT/O
                         net (fo=1, unset)            0.000     2.686    ddr3_dq[11]
    N1                                                                r  ddr3_dq[11] (INOUT)
  -------------------------------------------------------------------    -------------------





Min Delay Paths
--------------------------------------------------------------------------------------
Slack:                    inf
  Source:                 phy_instance/genblk12[3].oserdes_dq_inst/CLK
                            (rising edge-triggered cell OSERDESE2 clocked by clk_out2_ddr_90_clk_wiz_1  {rise@0.625ns fall@1.875ns period=2.500ns})
  Destination:            ddr3_dq[3]
                            (output port)
  Path Group:             (none)
  Path Type:              Min at Fast Process Corner
  Data Path Delay:        0.351ns  (logic 0.350ns (99.715%)  route 0.001ns (0.285%))
  Logic Levels:           1  (OBUFT=1)
  Clock Uncertainty:      0.175ns  ((TSJ^2 + DJ^2)^1/2) / 2 + PE
    Total System Jitter     (TSJ):    0.050ns
    Discrete Jitter          (DJ):    0.111ns
    Phase Error              (PE):    0.114ns

    Location             Delay type                Incr(ns)  Path(ns)    Netlist Resource(s)
  -------------------------------------------------------------------    -------------------
                         (clock clk_out2_ddr_90_clk_wiz_1 rise edge)
                                                      0.625     0.625 r  
    N15                                               0.000     0.625 r  DDR3_CLK100 (IN)
                         net (fo=0)                   0.000     0.625    clkgen_ddr3ctrl_instance/inst/clk_in1
    N15                  IBUF (Prop_ibuf_I_O)         0.209     0.834 r  clkgen_ddr3ctrl_instance/inst/clkin1_ibufg/O
                         net (fo=1, routed)           0.440     1.274    clkgen_ddr3ctrl_instance/inst/clk_in1_clk_wiz_1
    MMCME2_ADV_X0Y0      MMCME2_ADV (Prop_mmcme2_adv_CLKIN1_CLKOUT2)
                                                     -2.362    -1.089 r  clkgen_ddr3ctrl_instance/inst/mmcm_adv_inst/CLKOUT2
                         net (fo=1, routed)           0.489    -0.600    clkgen_ddr3ctrl_instance/inst/clk_out2_ddr_90_clk_wiz_1
    BUFGCTRL_X0Y1        BUFG (Prop_bufg_I_O)         0.026    -0.574 r  clkgen_ddr3ctrl_instance/inst/clkout3_buf/O
                         net (fo=50, routed)          0.587     0.013    phy_instance/clk_out2_ddr_90
    OLOGIC_X1Y40         OSERDESE2                                    r  phy_instance/genblk12[3].oserdes_dq_inst/CLK
  -------------------------------------------------------------------    -------------------
    OLOGIC_X1Y40         OSERDESE2 (Prop_oserdese2_CLK_TQ)
                                                      0.192     0.205 f  phy_instance/genblk12[3].oserdes_dq_inst/TQ
                         net (fo=1, routed)           0.001     0.206    phy_instance/genblk9[3].iobuf_dq_inst/T
    L5                   OBUFT (TriStatE_obuft_T_O)
                                                      0.158     0.363 r  phy_instance/genblk9[3].iobuf_dq_inst/OBUFT/O
                         net (fo=1, unset)            0.000     0.363    ddr3_dq[3]
    L5                                                                r  ddr3_dq[3] (INOUT)
  -------------------------------------------------------------------    -------------------

Slack:                    inf
  Source:                 phy_instance/genblk12[1].oserdes_dq_inst/CLK
                            (rising edge-triggered cell OSERDESE2 clocked by clk_out2_ddr_90_clk_wiz_1  {rise@0.625ns fall@1.875ns period=2.500ns})
  Destination:            ddr3_dq[1]
                            (output port)
  Path Group:             (none)
  Path Type:              Min at Fast Process Corner
  Data Path Delay:        0.351ns  (logic 0.350ns (99.715%)  route 0.001ns (0.285%))
  Logic Levels:           1  (OBUFT=1)
  Clock Uncertainty:      0.175ns  ((TSJ^2 + DJ^2)^1/2) / 2 + PE
    Total System Jitter     (TSJ):    0.050ns
    Discrete Jitter          (DJ):    0.111ns
    Phase Error              (PE):    0.114ns

    Location             Delay type                Incr(ns)  Path(ns)    Netlist Resource(s)
  -------------------------------------------------------------------    -------------------
                         (clock clk_out2_ddr_90_clk_wiz_1 rise edge)
                                                      0.625     0.625 r  
    N15                                               0.000     0.625 r  DDR3_CLK100 (IN)
                         net (fo=0)                   0.000     0.625    clkgen_ddr3ctrl_instance/inst/clk_in1
    N15                  IBUF (Prop_ibuf_I_O)         0.209     0.834 r  clkgen_ddr3ctrl_instance/inst/clkin1_ibufg/O
                         net (fo=1, routed)           0.440     1.274    clkgen_ddr3ctrl_instance/inst/clk_in1_clk_wiz_1
    MMCME2_ADV_X0Y0      MMCME2_ADV (Prop_mmcme2_adv_CLKIN1_CLKOUT2)
                                                     -2.362    -1.089 r  clkgen_ddr3ctrl_instance/inst/mmcm_adv_inst/CLKOUT2
                         net (fo=1, routed)           0.489    -0.600    clkgen_ddr3ctrl_instance/inst/clk_out2_ddr_90_clk_wiz_1
    BUFGCTRL_X0Y1        BUFG (Prop_bufg_I_O)         0.026    -0.574 r  clkgen_ddr3ctrl_instance/inst/clkout3_buf/O
                         net (fo=50, routed)          0.587     0.013    phy_instance/clk_out2_ddr_90
    OLOGIC_X1Y39         OSERDESE2                                    r  phy_instance/genblk12[1].oserdes_dq_inst/CLK
  -------------------------------------------------------------------    -------------------
    OLOGIC_X1Y39         OSERDESE2 (Prop_oserdese2_CLK_TQ)
                                                      0.192     0.205 f  phy_instance/genblk12[1].oserdes_dq_inst/TQ
                         net (fo=1, routed)           0.001     0.206    phy_instance/genblk9[1].iobuf_dq_inst/T
    M4                   OBUFT (TriStatE_obuft_T_O)
                                                      0.158     0.363 r  phy_instance/genblk9[1].iobuf_dq_inst/OBUFT/O
                         net (fo=1, unset)            0.000     0.363    ddr3_dq[1]
    M4                                                                r  ddr3_dq[1] (INOUT)
  -------------------------------------------------------------------    -------------------

Slack:                    inf
  Source:                 phy_instance/genblk12[12].oserdes_dq_inst/CLK
                            (rising edge-triggered cell OSERDESE2 clocked by clk_out2_ddr_90_clk_wiz_1  {rise@0.625ns fall@1.875ns period=2.500ns})
  Destination:            ddr3_dq[12]
                            (output port)
  Path Group:             (none)
  Path Type:              Min at Fast Process Corner
  Data Path Delay:        0.369ns  (logic 0.368ns (99.729%)  route 0.001ns (0.271%))
  Logic Levels:           1  (OBUFT=1)
  Clock Uncertainty:      0.175ns  ((TSJ^2 + DJ^2)^1/2) / 2 + PE
    Total System Jitter     (TSJ):    0.050ns
    Discrete Jitter          (DJ):    0.111ns
    Phase Error              (PE):    0.114ns

    Location             Delay type                Incr(ns)  Path(ns)    Netlist Resource(s)
  -------------------------------------------------------------------    -------------------
                         (clock clk_out2_ddr_90_clk_wiz_1 rise edge)
                                                      0.625     0.625 r  
    N15                                               0.000     0.625 r  DDR3_CLK100 (IN)
                         net (fo=0)                   0.000     0.625    clkgen_ddr3ctrl_instance/inst/clk_in1
    N15                  IBUF (Prop_ibuf_I_O)         0.209     0.834 r  clkgen_ddr3ctrl_instance/inst/clkin1_ibufg/O
                         net (fo=1, routed)           0.440     1.274    clkgen_ddr3ctrl_instance/inst/clk_in1_clk_wiz_1
    MMCME2_ADV_X0Y0      MMCME2_ADV (Prop_mmcme2_adv_CLKIN1_CLKOUT2)
                                                     -2.362    -1.089 r  clkgen_ddr3ctrl_instance/inst/mmcm_adv_inst/CLKOUT2
                         net (fo=1, routed)           0.489    -0.600    clkgen_ddr3ctrl_instance/inst/clk_out2_ddr_90_clk_wiz_1
    BUFGCTRL_X0Y1        BUFG (Prop_bufg_I_O)         0.026    -0.574 r  clkgen_ddr3ctrl_instance/inst/clkout3_buf/O
                         net (fo=50, routed)          0.580     0.006    phy_instance/clk_out2_ddr_90
    OLOGIC_X1Y26         OSERDESE2                                    r  phy_instance/genblk12[12].oserdes_dq_inst/CLK
  -------------------------------------------------------------------    -------------------
    OLOGIC_X1Y26         OSERDESE2 (Prop_oserdese2_CLK_TQ)
                                                      0.192     0.198 f  phy_instance/genblk12[12].oserdes_dq_inst/TQ
                         net (fo=1, routed)           0.001     0.199    phy_instance/genblk9[12].iobuf_dq_inst/T
    R2                   OBUFT (TriStatE_obuft_T_O)
                                                      0.176     0.375 r  phy_instance/genblk9[12].iobuf_dq_inst/OBUFT/O
                         net (fo=1, unset)            0.000     0.375    ddr3_dq[12]
    R2                                                                r  ddr3_dq[12] (INOUT)
  -------------------------------------------------------------------    -------------------

Slack:                    inf
  Source:                 phy_instance/genblk12[13].oserdes_dq_inst/CLK
                            (rising edge-triggered cell OSERDESE2 clocked by clk_out2_ddr_90_clk_wiz_1  {rise@0.625ns fall@1.875ns period=2.500ns})
  Destination:            ddr3_dq[13]
                            (output port)
  Path Group:             (none)
  Path Type:              Min at Fast Process Corner
  Data Path Delay:        0.367ns  (logic 0.366ns (99.728%)  route 0.001ns (0.272%))
  Logic Levels:           1  (OBUFT=1)
  Clock Uncertainty:      0.175ns  ((TSJ^2 + DJ^2)^1/2) / 2 + PE
    Total System Jitter     (TSJ):    0.050ns
    Discrete Jitter          (DJ):    0.111ns
    Phase Error              (PE):    0.114ns

    Location             Delay type                Incr(ns)  Path(ns)    Netlist Resource(s)
  -------------------------------------------------------------------    -------------------
                         (clock clk_out2_ddr_90_clk_wiz_1 rise edge)
                                                      0.625     0.625 r  
    N15                                               0.000     0.625 r  DDR3_CLK100 (IN)
                         net (fo=0)                   0.000     0.625    clkgen_ddr3ctrl_instance/inst/clk_in1
    N15                  IBUF (Prop_ibuf_I_O)         0.209     0.834 r  clkgen_ddr3ctrl_instance/inst/clkin1_ibufg/O
                         net (fo=1, routed)           0.440     1.274    clkgen_ddr3ctrl_instance/inst/clk_in1_clk_wiz_1
    MMCME2_ADV_X0Y0      MMCME2_ADV (Prop_mmcme2_adv_CLKIN1_CLKOUT2)
                                                     -2.362    -1.089 r  clkgen_ddr3ctrl_instance/inst/mmcm_adv_inst/CLKOUT2
                         net (fo=1, routed)           0.489    -0.600    clkgen_ddr3ctrl_instance/inst/clk_out2_ddr_90_clk_wiz_1
    BUFGCTRL_X0Y1        BUFG (Prop_bufg_I_O)         0.026    -0.574 r  clkgen_ddr3ctrl_instance/inst/clkout3_buf/O
                         net (fo=50, routed)          0.582     0.008    phy_instance/clk_out2_ddr_90
    OLOGIC_X1Y29         OSERDESE2                                    r  phy_instance/genblk12[13].oserdes_dq_inst/CLK
  -------------------------------------------------------------------    -------------------
    OLOGIC_X1Y29         OSERDESE2 (Prop_oserdese2_CLK_TQ)
                                                      0.192     0.200 f  phy_instance/genblk12[13].oserdes_dq_inst/TQ
                         net (fo=1, routed)           0.001     0.201    phy_instance/genblk9[13].iobuf_dq_inst/T
    N4                   OBUFT (TriStatE_obuft_T_O)
                                                      0.174     0.375 r  phy_instance/genblk9[13].iobuf_dq_inst/OBUFT/O
                         net (fo=1, unset)            0.000     0.375    ddr3_dq[13]
    N4                                                                r  ddr3_dq[13] (INOUT)
  -------------------------------------------------------------------    -------------------

Slack:                    inf
  Source:                 phy_instance/genblk12[8].oserdes_dq_inst/CLK
                            (rising edge-triggered cell OSERDESE2 clocked by clk_out2_ddr_90_clk_wiz_1  {rise@0.625ns fall@1.875ns period=2.500ns})
  Destination:            ddr3_dq[8]
                            (output port)
  Path Group:             (none)
  Path Type:              Min at Fast Process Corner
  Data Path Delay:        0.370ns  (logic 0.369ns (99.730%)  route 0.001ns (0.270%))
  Logic Levels:           1  (OBUFT=1)
  Clock Uncertainty:      0.175ns  ((TSJ^2 + DJ^2)^1/2) / 2 + PE
    Total System Jitter     (TSJ):    0.050ns
    Discrete Jitter          (DJ):    0.111ns
    Phase Error              (PE):    0.114ns

    Location             Delay type                Incr(ns)  Path(ns)    Netlist Resource(s)
  -------------------------------------------------------------------    -------------------
                         (clock clk_out2_ddr_90_clk_wiz_1 rise edge)
                                                      0.625     0.625 r  
    N15                                               0.000     0.625 r  DDR3_CLK100 (IN)
                         net (fo=0)                   0.000     0.625    clkgen_ddr3ctrl_instance/inst/clk_in1
    N15                  IBUF (Prop_ibuf_I_O)         0.209     0.834 r  clkgen_ddr3ctrl_instance/inst/clkin1_ibufg/O
                         net (fo=1, routed)           0.440     1.274    clkgen_ddr3ctrl_instance/inst/clk_in1_clk_wiz_1
    MMCME2_ADV_X0Y0      MMCME2_ADV (Prop_mmcme2_adv_CLKIN1_CLKOUT2)
                                                     -2.362    -1.089 r  clkgen_ddr3ctrl_instance/inst/mmcm_adv_inst/CLKOUT2
                         net (fo=1, routed)           0.489    -0.600    clkgen_ddr3ctrl_instance/inst/clk_out2_ddr_90_clk_wiz_1
    BUFGCTRL_X0Y1        BUFG (Prop_bufg_I_O)         0.026    -0.574 r  clkgen_ddr3ctrl_instance/inst/clkout3_buf/O
                         net (fo=50, routed)          0.582     0.008    phy_instance/clk_out2_ddr_90
    OLOGIC_X1Y30         OSERDESE2                                    r  phy_instance/genblk12[8].oserdes_dq_inst/CLK
  -------------------------------------------------------------------    -------------------
    OLOGIC_X1Y30         OSERDESE2 (Prop_oserdese2_CLK_TQ)
                                                      0.192     0.200 f  phy_instance/genblk12[8].oserdes_dq_inst/TQ
                         net (fo=1, routed)           0.001     0.201    phy_instance/genblk9[8].iobuf_dq_inst/T
    N5                   OBUFT (TriStatE_obuft_T_O)
                                                      0.177     0.378 r  phy_instance/genblk9[8].iobuf_dq_inst/OBUFT/O
                         net (fo=1, unset)            0.000     0.378    ddr3_dq[8]
    N5                                                                r  ddr3_dq[8] (INOUT)
  -------------------------------------------------------------------    -------------------

Slack:                    inf
  Source:                 phy_instance/genblk12[5].oserdes_dq_inst/CLK
                            (rising edge-triggered cell OSERDESE2 clocked by clk_out2_ddr_90_clk_wiz_1  {rise@0.625ns fall@1.875ns period=2.500ns})
  Destination:            ddr3_dq[5]
                            (output port)
  Path Group:             (none)
  Path Type:              Min at Fast Process Corner
  Data Path Delay:        0.367ns  (logic 0.366ns (99.728%)  route 0.001ns (0.272%))
  Logic Levels:           1  (OBUFT=1)
  Clock Uncertainty:      0.175ns  ((TSJ^2 + DJ^2)^1/2) / 2 + PE
    Total System Jitter     (TSJ):    0.050ns
    Discrete Jitter          (DJ):    0.111ns
    Phase Error              (PE):    0.114ns

    Location             Delay type                Incr(ns)  Path(ns)    Netlist Resource(s)
  -------------------------------------------------------------------    -------------------
                         (clock clk_out2_ddr_90_clk_wiz_1 rise edge)
                                                      0.625     0.625 r  
    N15                                               0.000     0.625 r  DDR3_CLK100 (IN)
                         net (fo=0)                   0.000     0.625    clkgen_ddr3ctrl_instance/inst/clk_in1
    N15                  IBUF (Prop_ibuf_I_O)         0.209     0.834 r  clkgen_ddr3ctrl_instance/inst/clkin1_ibufg/O
                         net (fo=1, routed)           0.440     1.274    clkgen_ddr3ctrl_instance/inst/clk_in1_clk_wiz_1
    MMCME2_ADV_X0Y0      MMCME2_ADV (Prop_mmcme2_adv_CLKIN1_CLKOUT2)
                                                     -2.362    -1.089 r  clkgen_ddr3ctrl_instance/inst/mmcm_adv_inst/CLKOUT2
                         net (fo=1, routed)           0.489    -0.600    clkgen_ddr3ctrl_instance/inst/clk_out2_ddr_90_clk_wiz_1
    BUFGCTRL_X0Y1        BUFG (Prop_bufg_I_O)         0.026    -0.574 r  clkgen_ddr3ctrl_instance/inst/clkout3_buf/O
                         net (fo=50, routed)          0.587     0.013    phy_instance/clk_out2_ddr_90
    OLOGIC_X1Y38         OSERDESE2                                    r  phy_instance/genblk12[5].oserdes_dq_inst/CLK
  -------------------------------------------------------------------    -------------------
    OLOGIC_X1Y38         OSERDESE2 (Prop_oserdese2_CLK_TQ)
                                                      0.192     0.205 f  phy_instance/genblk12[5].oserdes_dq_inst/TQ
                         net (fo=1, routed)           0.001     0.206    phy_instance/genblk9[5].iobuf_dq_inst/T
    M6                   OBUFT (TriStatE_obuft_T_O)
                                                      0.174     0.380 r  phy_instance/genblk9[5].iobuf_dq_inst/OBUFT/O
                         net (fo=1, unset)            0.000     0.380    ddr3_dq[5]
    M6                                                                r  ddr3_dq[5] (INOUT)
  -------------------------------------------------------------------    -------------------

Slack:                    inf
  Source:                 phy_instance/genblk12[9].oserdes_dq_inst/CLK
                            (rising edge-triggered cell OSERDESE2 clocked by clk_out2_ddr_90_clk_wiz_1  {rise@0.625ns fall@1.875ns period=2.500ns})
  Destination:            ddr3_dq[9]
                            (output port)
  Path Group:             (none)
  Path Type:              Min at Fast Process Corner
  Data Path Delay:        0.372ns  (logic 0.371ns (99.731%)  route 0.001ns (0.269%))
  Logic Levels:           1  (OBUFT=1)
  Clock Uncertainty:      0.175ns  ((TSJ^2 + DJ^2)^1/2) / 2 + PE
    Total System Jitter     (TSJ):    0.050ns
    Discrete Jitter          (DJ):    0.111ns
    Phase Error              (PE):    0.114ns

    Location             Delay type                Incr(ns)  Path(ns)    Netlist Resource(s)
  -------------------------------------------------------------------    -------------------
                         (clock clk_out2_ddr_90_clk_wiz_1 rise edge)
                                                      0.625     0.625 r  
    N15                                               0.000     0.625 r  DDR3_CLK100 (IN)
                         net (fo=0)                   0.000     0.625    clkgen_ddr3ctrl_instance/inst/clk_in1
    N15                  IBUF (Prop_ibuf_I_O)         0.209     0.834 r  clkgen_ddr3ctrl_instance/inst/clkin1_ibufg/O
                         net (fo=1, routed)           0.440     1.274    clkgen_ddr3ctrl_instance/inst/clk_in1_clk_wiz_1
    MMCME2_ADV_X0Y0      MMCME2_ADV (Prop_mmcme2_adv_CLKIN1_CLKOUT2)
                                                     -2.362    -1.089 r  clkgen_ddr3ctrl_instance/inst/mmcm_adv_inst/CLKOUT2
                         net (fo=1, routed)           0.489    -0.600    clkgen_ddr3ctrl_instance/inst/clk_out2_ddr_90_clk_wiz_1
    BUFGCTRL_X0Y1        BUFG (Prop_bufg_I_O)         0.026    -0.574 r  clkgen_ddr3ctrl_instance/inst/clkout3_buf/O
                         net (fo=50, routed)          0.585     0.011    phy_instance/clk_out2_ddr_90
    OLOGIC_X1Y34         OSERDESE2                                    r  phy_instance/genblk12[9].oserdes_dq_inst/CLK
  -------------------------------------------------------------------    -------------------
    OLOGIC_X1Y34         OSERDESE2 (Prop_oserdese2_CLK_TQ)
                                                      0.192     0.203 f  phy_instance/genblk12[9].oserdes_dq_inst/TQ
                         net (fo=1, routed)           0.001     0.204    phy_instance/genblk9[9].iobuf_dq_inst/T
    M1                   OBUFT (TriStatE_obuft_T_O)
                                                      0.179     0.383 r  phy_instance/genblk9[9].iobuf_dq_inst/OBUFT/O
                         net (fo=1, unset)            0.000     0.383    ddr3_dq[9]
    M1                                                                r  ddr3_dq[9] (INOUT)
  -------------------------------------------------------------------    -------------------

Slack:                    inf
  Source:                 phy_instance/genblk12[11].oserdes_dq_inst/CLK
                            (rising edge-triggered cell OSERDESE2 clocked by clk_out2_ddr_90_clk_wiz_1  {rise@0.625ns fall@1.875ns period=2.500ns})
  Destination:            ddr3_dq[11]
                            (output port)
  Path Group:             (none)
  Path Type:              Min at Fast Process Corner
  Data Path Delay:        0.373ns  (logic 0.372ns (99.732%)  route 0.001ns (0.268%))
  Logic Levels:           1  (OBUFT=1)
  Clock Uncertainty:      0.175ns  ((TSJ^2 + DJ^2)^1/2) / 2 + PE
    Total System Jitter     (TSJ):    0.050ns
    Discrete Jitter          (DJ):    0.111ns
    Phase Error              (PE):    0.114ns

    Location             Delay type                Incr(ns)  Path(ns)    Netlist Resource(s)
  -------------------------------------------------------------------    -------------------
                         (clock clk_out2_ddr_90_clk_wiz_1 rise edge)
                                                      0.625     0.625 r  
    N15                                               0.000     0.625 r  DDR3_CLK100 (IN)
                         net (fo=0)                   0.000     0.625    clkgen_ddr3ctrl_instance/inst/clk_in1
    N15                  IBUF (Prop_ibuf_I_O)         0.209     0.834 r  clkgen_ddr3ctrl_instance/inst/clkin1_ibufg/O
                         net (fo=1, routed)           0.440     1.274    clkgen_ddr3ctrl_instance/inst/clk_in1_clk_wiz_1
    MMCME2_ADV_X0Y0      MMCME2_ADV (Prop_mmcme2_adv_CLKIN1_CLKOUT2)
                                                     -2.362    -1.089 r  clkgen_ddr3ctrl_instance/inst/mmcm_adv_inst/CLKOUT2
                         net (fo=1, routed)           0.489    -0.600    clkgen_ddr3ctrl_instance/inst/clk_out2_ddr_90_clk_wiz_1
    BUFGCTRL_X0Y1        BUFG (Prop_bufg_I_O)         0.026    -0.574 r  clkgen_ddr3ctrl_instance/inst/clkout3_buf/O
                         net (fo=50, routed)          0.585     0.011    phy_instance/clk_out2_ddr_90
    OLOGIC_X1Y33         OSERDESE2                                    r  phy_instance/genblk12[11].oserdes_dq_inst/CLK
  -------------------------------------------------------------------    -------------------
    OLOGIC_X1Y33         OSERDESE2 (Prop_oserdese2_CLK_TQ)
                                                      0.192     0.203 f  phy_instance/genblk12[11].oserdes_dq_inst/TQ
                         net (fo=1, routed)           0.001     0.204    phy_instance/genblk9[11].iobuf_dq_inst/T
    N1                   OBUFT (TriStatE_obuft_T_O)
                                                      0.180     0.384 r  phy_instance/genblk9[11].iobuf_dq_inst/OBUFT/O
                         net (fo=1, unset)            0.000     0.384    ddr3_dq[11]
    N1                                                                r  ddr3_dq[11] (INOUT)
  -------------------------------------------------------------------    -------------------

Slack:                    inf
  Source:                 phy_instance/genblk12[6].oserdes_dq_inst/CLK
                            (rising edge-triggered cell OSERDESE2 clocked by clk_out2_ddr_90_clk_wiz_1  {rise@0.625ns fall@1.875ns period=2.500ns})
  Destination:            ddr3_dq[6]
                            (output port)
  Path Group:             (none)
  Path Type:              Min at Fast Process Corner
  Data Path Delay:        0.370ns  (logic 0.369ns (99.730%)  route 0.001ns (0.270%))
  Logic Levels:           1  (OBUFT=1)
  Clock Uncertainty:      0.175ns  ((TSJ^2 + DJ^2)^1/2) / 2 + PE
    Total System Jitter     (TSJ):    0.050ns
    Discrete Jitter          (DJ):    0.111ns
    Phase Error              (PE):    0.114ns

    Location             Delay type                Incr(ns)  Path(ns)    Netlist Resource(s)
  -------------------------------------------------------------------    -------------------
                         (clock clk_out2_ddr_90_clk_wiz_1 rise edge)
                                                      0.625     0.625 r  
    N15                                               0.000     0.625 r  DDR3_CLK100 (IN)
                         net (fo=0)                   0.000     0.625    clkgen_ddr3ctrl_instance/inst/clk_in1
    N15                  IBUF (Prop_ibuf_I_O)         0.209     0.834 r  clkgen_ddr3ctrl_instance/inst/clkin1_ibufg/O
                         net (fo=1, routed)           0.440     1.274    clkgen_ddr3ctrl_instance/inst/clk_in1_clk_wiz_1
    MMCME2_ADV_X0Y0      MMCME2_ADV (Prop_mmcme2_adv_CLKIN1_CLKOUT2)
                                                     -2.362    -1.089 r  clkgen_ddr3ctrl_instance/inst/mmcm_adv_inst/CLKOUT2
                         net (fo=1, routed)           0.489    -0.600    clkgen_ddr3ctrl_instance/inst/clk_out2_ddr_90_clk_wiz_1
    BUFGCTRL_X0Y1        BUFG (Prop_bufg_I_O)         0.026    -0.574 r  clkgen_ddr3ctrl_instance/inst/clkout3_buf/O
                         net (fo=50, routed)          0.589     0.015    phy_instance/clk_out2_ddr_90
    OLOGIC_X1Y47         OSERDESE2                                    r  phy_instance/genblk12[6].oserdes_dq_inst/CLK
  -------------------------------------------------------------------    -------------------
    OLOGIC_X1Y47         OSERDESE2 (Prop_oserdese2_CLK_TQ)
                                                      0.192     0.207 f  phy_instance/genblk12[6].oserdes_dq_inst/TQ
                         net (fo=1, routed)           0.001     0.208    phy_instance/genblk9[6].iobuf_dq_inst/T
    L4                   OBUFT (TriStatE_obuft_T_O)
                                                      0.177     0.385 r  phy_instance/genblk9[6].iobuf_dq_inst/OBUFT/O
                         net (fo=1, unset)            0.000     0.385    ddr3_dq[6]
    L4                                                                r  ddr3_dq[6] (INOUT)
  -------------------------------------------------------------------    -------------------

Slack:                    inf
  Source:                 phy_instance/genblk12[14].oserdes_dq_inst/CLK
                            (rising edge-triggered cell OSERDESE2 clocked by clk_out2_ddr_90_clk_wiz_1  {rise@0.625ns fall@1.875ns period=2.500ns})
  Destination:            ddr3_dq[14]
                            (output port)
  Path Group:             (none)
  Path Type:              Min at Fast Process Corner
  Data Path Delay:        0.378ns  (logic 0.377ns (99.736%)  route 0.001ns (0.264%))
  Logic Levels:           1  (OBUFT=1)
  Clock Uncertainty:      0.175ns  ((TSJ^2 + DJ^2)^1/2) / 2 + PE
    Total System Jitter     (TSJ):    0.050ns
    Discrete Jitter          (DJ):    0.111ns
    Phase Error              (PE):    0.114ns

    Location             Delay type                Incr(ns)  Path(ns)    Netlist Resource(s)
  -------------------------------------------------------------------    -------------------
                         (clock clk_out2_ddr_90_clk_wiz_1 rise edge)
                                                      0.625     0.625 r  
    N15                                               0.000     0.625 r  DDR3_CLK100 (IN)
                         net (fo=0)                   0.000     0.625    clkgen_ddr3ctrl_instance/inst/clk_in1
    N15                  IBUF (Prop_ibuf_I_O)         0.209     0.834 r  clkgen_ddr3ctrl_instance/inst/clkin1_ibufg/O
                         net (fo=1, routed)           0.440     1.274    clkgen_ddr3ctrl_instance/inst/clk_in1_clk_wiz_1
    MMCME2_ADV_X0Y0      MMCME2_ADV (Prop_mmcme2_adv_CLKIN1_CLKOUT2)
                                                     -2.362    -1.089 r  clkgen_ddr3ctrl_instance/inst/mmcm_adv_inst/CLKOUT2
                         net (fo=1, routed)           0.489    -0.600    clkgen_ddr3ctrl_instance/inst/clk_out2_ddr_90_clk_wiz_1
    BUFGCTRL_X0Y1        BUFG (Prop_bufg_I_O)         0.026    -0.574 r  clkgen_ddr3ctrl_instance/inst/clkout3_buf/O
                         net (fo=50, routed)          0.581     0.007    phy_instance/clk_out2_ddr_90
    OLOGIC_X1Y28         OSERDESE2                                    r  phy_instance/genblk12[14].oserdes_dq_inst/CLK
  -------------------------------------------------------------------    -------------------
    OLOGIC_X1Y28         OSERDESE2 (Prop_oserdese2_CLK_TQ)
                                                      0.192     0.199 f  phy_instance/genblk12[14].oserdes_dq_inst/TQ
                         net (fo=1, routed)           0.001     0.200    phy_instance/genblk9[14].iobuf_dq_inst/T
    P2                   OBUFT (TriStatE_obuft_T_O)
                                                      0.185     0.385 r  phy_instance/genblk9[14].iobuf_dq_inst/OBUFT/O
                         net (fo=1, unset)            0.000     0.385    ddr3_dq[14]
    P2                                                                r  ddr3_dq[14] (INOUT)
  -------------------------------------------------------------------    -------------------





--------------------------------------------------------------------------------------
Path Group:  (none)
From Clock:  clk_out3_ref_clk_wiz_1
  To Clock:  

Max Delay             1 Endpoint
Min Delay             1 Endpoint
--------------------------------------------------------------------------------------


Max Delay Paths
--------------------------------------------------------------------------------------
Slack:                    inf
  Source:                 clkgen_ddr3ctrl_instance/inst/mmcm_adv_inst/CLKOUT3
                            (clock source 'clk_out3_ref_clk_wiz_1'  {rise@0.000ns fall@2.500ns period=5.000ns})
  Destination:            phy_instance/IDELAYCTRL_inst/REFCLK
  Path Group:             (none)
  Path Type:              Max at Fast Process Corner
  Data Path Delay:        1.316ns  (logic 0.029ns (2.203%)  route 1.287ns (97.797%))
  Logic Levels:           1  (BUFG=1)
  Clock Uncertainty:      0.182ns  ((TSJ^2 + DJ^2)^1/2) / 2 + PE
    Total System Jitter     (TSJ):    0.050ns
    Discrete Jitter          (DJ):    0.126ns
    Phase Error              (PE):    0.114ns

    Location             Delay type                Incr(ns)  Path(ns)    Netlist Resource(s)
  -------------------------------------------------------------------    -------------------
                         (clock clk_out3_ref_clk_wiz_1 fall edge)
                                                      2.500     2.500 f  
    N15                                               0.000     2.500 f  DDR3_CLK100 (IN)
                         net (fo=0)                   0.000     2.500    clkgen_ddr3ctrl_instance/inst/clk_in1
    N15                  IBUF (Prop_ibuf_I_O)         0.396     2.896 f  clkgen_ddr3ctrl_instance/inst/clkin1_ibufg/O
                         net (fo=1, routed)           0.480     3.376    clkgen_ddr3ctrl_instance/inst/clk_in1_clk_wiz_1
  -------------------------------------------------------------------    -------------------
    MMCME2_ADV_X0Y0      MMCME2_ADV (Prop_mmcme2_adv_CLKIN1_CLKOUT3)
                                                     -3.145     0.231 f  clkgen_ddr3ctrl_instance/inst/mmcm_adv_inst/CLKOUT3
                         net (fo=1, routed)           0.534     0.765    clkgen_ddr3ctrl_instance/inst/clk_out3_ref_clk_wiz_1
    BUFGCTRL_X0Y3        BUFG (Prop_bufg_I_O)         0.029     0.794 f  clkgen_ddr3ctrl_instance/inst/clkout4_buf/O
                         net (fo=1, routed)           0.754     1.547    phy_instance/clk_out3_ref
    IDELAYCTRL_X1Y0      IDELAYCTRL                                   f  phy_instance/IDELAYCTRL_inst/REFCLK
  -------------------------------------------------------------------    -------------------





Min Delay Paths
--------------------------------------------------------------------------------------
Slack:                    inf
  Source:                 clkgen_ddr3ctrl_instance/inst/mmcm_adv_inst/CLKOUT3
                            (clock source 'clk_out3_ref_clk_wiz_1'  {rise@0.000ns fall@2.500ns period=5.000ns})
  Destination:            phy_instance/IDELAYCTRL_inst/REFCLK
  Path Group:             (none)
  Path Type:              Min at Slow Process Corner
  Data Path Delay:        2.922ns  (logic 0.091ns (3.114%)  route 2.831ns (96.886%))
  Logic Levels:           1  (BUFG=1)
  Clock Uncertainty:      0.182ns  ((TSJ^2 + DJ^2)^1/2) / 2 + PE
    Total System Jitter     (TSJ):    0.050ns
    Discrete Jitter          (DJ):    0.126ns
    Phase Error              (PE):    0.114ns

    Location             Delay type                Incr(ns)  Path(ns)    Netlist Resource(s)
  -------------------------------------------------------------------    -------------------
                         (clock clk_out3_ref_clk_wiz_1 rise edge)
                                                      0.000     0.000 r  
    N15                                               0.000     0.000 r  DDR3_CLK100 (IN)
                         net (fo=0)                   0.000     0.000    clkgen_ddr3ctrl_instance/inst/clk_in1
    N15                  IBUF (Prop_ibuf_I_O)         1.370     1.370 r  clkgen_ddr3ctrl_instance/inst/clkin1_ibufg/O
                         net (fo=1, routed)           1.162     2.532    clkgen_ddr3ctrl_instance/inst/clk_in1_clk_wiz_1
  -------------------------------------------------------------------    -------------------
    MMCME2_ADV_X0Y0      MMCME2_ADV (Prop_mmcme2_adv_CLKIN1_CLKOUT3)
                                                     -7.221    -4.689 r  clkgen_ddr3ctrl_instance/inst/mmcm_adv_inst/CLKOUT3
                         net (fo=1, routed)           1.587    -3.102    clkgen_ddr3ctrl_instance/inst/clk_out3_ref_clk_wiz_1
    BUFGCTRL_X0Y3        BUFG (Prop_bufg_I_O)         0.091    -3.011 r  clkgen_ddr3ctrl_instance/inst/clkout4_buf/O
                         net (fo=1, routed)           1.244    -1.767    phy_instance/clk_out3_ref
    IDELAYCTRL_X1Y0      IDELAYCTRL                                   r  phy_instance/IDELAYCTRL_inst/REFCLK
  -------------------------------------------------------------------    -------------------





--------------------------------------------------------------------------------------
Path Group:  (none)
From Clock:  clk_out4_div_clk_wiz_1
  To Clock:  

Max Delay             7 Endpoints
Min Delay             7 Endpoints
--------------------------------------------------------------------------------------


Max Delay Paths
--------------------------------------------------------------------------------------
Slack:                    inf
  Source:                 r4_rx_byte_index_reg[0]/C
                            (rising edge-triggered cell FDRE clocked by clk_out4_div_clk_wiz_1  {rise@0.000ns fall@2.500ns period=5.000ns})
  Destination:            RGBLED1[1]
                            (output port)
  Path Group:             (none)
  Path Type:              Max at Slow Process Corner
  Data Path Delay:        10.898ns  (logic 4.384ns (40.227%)  route 6.514ns (59.773%))
  Logic Levels:           2  (LUT1=1 OBUF=1)
  Clock Uncertainty:      0.182ns  ((TSJ^2 + DJ^2)^1/2) / 2 + PE
    Total System Jitter     (TSJ):    0.050ns
    Discrete Jitter          (DJ):    0.126ns
    Phase Error              (PE):    0.114ns

    Location             Delay type                Incr(ns)  Path(ns)    Netlist Resource(s)
  -------------------------------------------------------------------    -------------------
                         (clock clk_out4_div_clk_wiz_1 rise edge)
                                                      0.000     0.000 r  
    N15                                               0.000     0.000 r  DDR3_CLK100 (IN)
                         net (fo=0)                   0.000     0.000    clkgen_ddr3ctrl_instance/inst/clk_in1
    N15                  IBUF (Prop_ibuf_I_O)         1.440     1.440 r  clkgen_ddr3ctrl_instance/inst/clkin1_ibufg/O
                         net (fo=1, routed)           1.233     2.673    clkgen_ddr3ctrl_instance/inst/clk_in1_clk_wiz_1
    MMCME2_ADV_X0Y0      MMCME2_ADV (Prop_mmcme2_adv_CLKIN1_CLKOUT4)
                                                     -6.965    -4.291 r  clkgen_ddr3ctrl_instance/inst/mmcm_adv_inst/CLKOUT4
                         net (fo=1, routed)           1.666    -2.625    clkgen_ddr3ctrl_instance/inst/clk_out4_div_clk_wiz_1
    BUFGCTRL_X0Y0        BUFG (Prop_bufg_I_O)         0.096    -2.529 r  clkgen_ddr3ctrl_instance/inst/clkout5_buf/O
                         net (fo=1800, routed)        1.548    -0.981    w_clk_div
    SLICE_X36Y27         FDRE                                         r  r4_rx_byte_index_reg[0]/C
  -------------------------------------------------------------------    -------------------
    SLICE_X36Y27         FDRE (Prop_fdre_C_Q)         0.456    -0.525 f  r4_rx_byte_index_reg[0]/Q
                         net (fo=20, routed)          0.558     0.034    r4_rx_byte_index_reg[0]
    SLICE_X36Y27         LUT1 (Prop_lut1_I0_O)        0.150     0.184 r  RGBLED1_OBUF[1]_inst_i_1/O
                         net (fo=2, routed)           5.955     6.139    RGBLED1_OBUF[1]
    C10                  OBUF (Prop_obuf_I_O)         3.778     9.917 r  RGBLED1_OBUF[1]_inst/O
                         net (fo=0)                   0.000     9.917    RGBLED1[1]
    C10                                                               r  RGBLED1[1] (OUT)
  -------------------------------------------------------------------    -------------------

Slack:                    inf
  Source:                 rdcal_instance/r_rd_cal_err_reg/C
                            (rising edge-triggered cell FDRE clocked by clk_out4_div_clk_wiz_1  {rise@0.000ns fall@2.500ns period=5.000ns})
  Destination:            RGBLED0[0]
                            (output port)
  Path Group:             (none)
  Path Type:              Max at Slow Process Corner
  Data Path Delay:        9.726ns  (logic 4.008ns (41.203%)  route 5.719ns (58.797%))
  Logic Levels:           1  (OBUF=1)
  Clock Uncertainty:      0.182ns  ((TSJ^2 + DJ^2)^1/2) / 2 + PE
    Total System Jitter     (TSJ):    0.050ns
    Discrete Jitter          (DJ):    0.126ns
    Phase Error              (PE):    0.114ns

    Location             Delay type                Incr(ns)  Path(ns)    Netlist Resource(s)
  -------------------------------------------------------------------    -------------------
                         (clock clk_out4_div_clk_wiz_1 rise edge)
                                                      0.000     0.000 r  
    N15                                               0.000     0.000 r  DDR3_CLK100 (IN)
                         net (fo=0)                   0.000     0.000    clkgen_ddr3ctrl_instance/inst/clk_in1
    N15                  IBUF (Prop_ibuf_I_O)         1.440     1.440 r  clkgen_ddr3ctrl_instance/inst/clkin1_ibufg/O
                         net (fo=1, routed)           1.233     2.673    clkgen_ddr3ctrl_instance/inst/clk_in1_clk_wiz_1
    MMCME2_ADV_X0Y0      MMCME2_ADV (Prop_mmcme2_adv_CLKIN1_CLKOUT4)
                                                     -6.965    -4.291 r  clkgen_ddr3ctrl_instance/inst/mmcm_adv_inst/CLKOUT4
                         net (fo=1, routed)           1.666    -2.625    clkgen_ddr3ctrl_instance/inst/clk_out4_div_clk_wiz_1
    BUFGCTRL_X0Y0        BUFG (Prop_bufg_I_O)         0.096    -2.529 r  clkgen_ddr3ctrl_instance/inst/clkout5_buf/O
                         net (fo=1800, routed)        1.636    -0.893    rdcal_instance/clk_out4_div
    SLICE_X58Y42         FDRE                                         r  rdcal_instance/r_rd_cal_err_reg/C
  -------------------------------------------------------------------    -------------------
    SLICE_X58Y42         FDRE (Prop_fdre_C_Q)         0.456    -0.437 r  rdcal_instance/r_rd_cal_err_reg/Q
                         net (fo=1, routed)           5.719     5.282    RGBLED0_OBUF[0]
    C9                   OBUF (Prop_obuf_I_O)         3.552     8.834 r  RGBLED0_OBUF[0]_inst/O
                         net (fo=0)                   0.000     8.834    RGBLED0[0]
    C9                                                                r  RGBLED0[0] (OUT)
  -------------------------------------------------------------------    -------------------

Slack:                    inf
  Source:                 uart_tx_instance/r_tx_bit_reg/C
                            (rising edge-triggered cell FDSE clocked by clk_out4_div_clk_wiz_1  {rise@0.000ns fall@2.500ns period=5.000ns})
  Destination:            UART_RXD_OUT
                            (output port)
  Path Group:             (none)
  Path Type:              Max at Slow Process Corner
  Data Path Delay:        8.468ns  (logic 4.001ns (47.249%)  route 4.467ns (52.751%))
  Logic Levels:           1  (OBUF=1)
  Clock Uncertainty:      0.182ns  ((TSJ^2 + DJ^2)^1/2) / 2 + PE
    Total System Jitter     (TSJ):    0.050ns
    Discrete Jitter          (DJ):    0.126ns
    Phase Error              (PE):    0.114ns

    Location             Delay type                Incr(ns)  Path(ns)    Netlist Resource(s)
  -------------------------------------------------------------------    -------------------
                         (clock clk_out4_div_clk_wiz_1 rise edge)
                                                      0.000     0.000 r  
    N15                                               0.000     0.000 r  DDR3_CLK100 (IN)
                         net (fo=0)                   0.000     0.000    clkgen_ddr3ctrl_instance/inst/clk_in1
    N15                  IBUF (Prop_ibuf_I_O)         1.440     1.440 r  clkgen_ddr3ctrl_instance/inst/clkin1_ibufg/O
                         net (fo=1, routed)           1.233     2.673    clkgen_ddr3ctrl_instance/inst/clk_in1_clk_wiz_1
    MMCME2_ADV_X0Y0      MMCME2_ADV (Prop_mmcme2_adv_CLKIN1_CLKOUT4)
                                                     -6.965    -4.291 r  clkgen_ddr3ctrl_instance/inst/mmcm_adv_inst/CLKOUT4
                         net (fo=1, routed)           1.666    -2.625    clkgen_ddr3ctrl_instance/inst/clk_out4_div_clk_wiz_1
    BUFGCTRL_X0Y0        BUFG (Prop_bufg_I_O)         0.096    -2.529 r  clkgen_ddr3ctrl_instance/inst/clkout5_buf/O
                         net (fo=1800, routed)        1.557    -0.972    uart_tx_instance/clk_out4_div
    SLICE_X36Y33         FDSE                                         r  uart_tx_instance/r_tx_bit_reg/C
  -------------------------------------------------------------------    -------------------
    SLICE_X36Y33         FDSE (Prop_fdse_C_Q)         0.456    -0.516 r  uart_tx_instance/r_tx_bit_reg/Q
                         net (fo=1, routed)           4.467     3.951    UART_RXD_OUT_OBUF
    A16                  OBUF (Prop_obuf_I_O)         3.545     7.496 r  UART_RXD_OUT_OBUF_inst/O
                         net (fo=0)                   0.000     7.496    UART_RXD_OUT
    A16                                                               r  UART_RXD_OUT (OUT)
  -------------------------------------------------------------------    -------------------

Slack:                    inf
  Source:                 phy_instance/r_mem_init_done_reg/C
                            (rising edge-triggered cell FDRE clocked by clk_out4_div_clk_wiz_1  {rise@0.000ns fall@2.500ns period=5.000ns})
  Destination:            LED[0]
                            (output port)
  Path Group:             (none)
  Path Type:              Max at Slow Process Corner
  Data Path Delay:        8.454ns  (logic 3.975ns (47.023%)  route 4.479ns (52.977%))
  Logic Levels:           1  (OBUF=1)
  Clock Uncertainty:      0.182ns  ((TSJ^2 + DJ^2)^1/2) / 2 + PE
    Total System Jitter     (TSJ):    0.050ns
    Discrete Jitter          (DJ):    0.126ns
    Phase Error              (PE):    0.114ns

    Location             Delay type                Incr(ns)  Path(ns)    Netlist Resource(s)
  -------------------------------------------------------------------    -------------------
                         (clock clk_out4_div_clk_wiz_1 rise edge)
                                                      0.000     0.000 r  
    N15                                               0.000     0.000 r  DDR3_CLK100 (IN)
                         net (fo=0)                   0.000     0.000    clkgen_ddr3ctrl_instance/inst/clk_in1
    N15                  IBUF (Prop_ibuf_I_O)         1.440     1.440 r  clkgen_ddr3ctrl_instance/inst/clkin1_ibufg/O
                         net (fo=1, routed)           1.233     2.673    clkgen_ddr3ctrl_instance/inst/clk_in1_clk_wiz_1
    MMCME2_ADV_X0Y0      MMCME2_ADV (Prop_mmcme2_adv_CLKIN1_CLKOUT4)
                                                     -6.965    -4.291 r  clkgen_ddr3ctrl_instance/inst/mmcm_adv_inst/CLKOUT4
                         net (fo=1, routed)           1.666    -2.625    clkgen_ddr3ctrl_instance/inst/clk_out4_div_clk_wiz_1
    BUFGCTRL_X0Y0        BUFG (Prop_bufg_I_O)         0.096    -2.529 r  clkgen_ddr3ctrl_instance/inst/clkout5_buf/O
                         net (fo=1800, routed)        1.569    -0.960    phy_instance/clk_out4_div
    SLICE_X57Y40         FDRE                                         r  phy_instance/r_mem_init_done_reg/C
  -------------------------------------------------------------------    -------------------
    SLICE_X57Y40         FDRE (Prop_fdre_C_Q)         0.456    -0.504 r  phy_instance/r_mem_init_done_reg/Q
                         net (fo=25, routed)          4.479     3.975    LED_OBUF[0]
    C13                  OBUF (Prop_obuf_I_O)         3.519     7.494 r  LED_OBUF[0]_inst/O
                         net (fo=0)                   0.000     7.494    LED[0]
    C13                                                               r  LED[0] (OUT)
  -------------------------------------------------------------------    -------------------

Slack:                    inf
  Source:                 rdcal_instance/r_rd_cal_done_reg/C
                            (rising edge-triggered cell FDRE clocked by clk_out4_div_clk_wiz_1  {rise@0.000ns fall@2.500ns period=5.000ns})
  Destination:            LED[3]
                            (output port)
  Path Group:             (none)
  Path Type:              Max at Slow Process Corner
  Data Path Delay:        8.413ns  (logic 4.117ns (48.930%)  route 4.297ns (51.070%))
  Logic Levels:           1  (OBUF=1)
  Clock Uncertainty:      0.182ns  ((TSJ^2 + DJ^2)^1/2) / 2 + PE
    Total System Jitter     (TSJ):    0.050ns
    Discrete Jitter          (DJ):    0.126ns
    Phase Error              (PE):    0.114ns

    Location             Delay type                Incr(ns)  Path(ns)    Netlist Resource(s)
  -------------------------------------------------------------------    -------------------
                         (clock clk_out4_div_clk_wiz_1 rise edge)
                                                      0.000     0.000 r  
    N15                                               0.000     0.000 r  DDR3_CLK100 (IN)
                         net (fo=0)                   0.000     0.000    clkgen_ddr3ctrl_instance/inst/clk_in1
    N15                  IBUF (Prop_ibuf_I_O)         1.440     1.440 r  clkgen_ddr3ctrl_instance/inst/clkin1_ibufg/O
                         net (fo=1, routed)           1.233     2.673    clkgen_ddr3ctrl_instance/inst/clk_in1_clk_wiz_1
    MMCME2_ADV_X0Y0      MMCME2_ADV (Prop_mmcme2_adv_CLKIN1_CLKOUT4)
                                                     -6.965    -4.291 r  clkgen_ddr3ctrl_instance/inst/mmcm_adv_inst/CLKOUT4
                         net (fo=1, routed)           1.666    -2.625    clkgen_ddr3ctrl_instance/inst/clk_out4_div_clk_wiz_1
    BUFGCTRL_X0Y0        BUFG (Prop_bufg_I_O)         0.096    -2.529 r  clkgen_ddr3ctrl_instance/inst/clkout5_buf/O
                         net (fo=1800, routed)        1.569    -0.960    rdcal_instance/clk_out4_div
    SLICE_X57Y39         FDRE                                         r  rdcal_instance/r_rd_cal_done_reg/C
  -------------------------------------------------------------------    -------------------
    SLICE_X57Y39         FDRE (Prop_fdre_C_Q)         0.419    -0.541 r  rdcal_instance/r_rd_cal_done_reg/Q
                         net (fo=159, routed)         4.297     3.756    LED_OBUF[3]
    D15                  OBUF (Prop_obuf_I_O)         3.698     7.454 r  LED_OBUF[3]_inst/O
                         net (fo=0)                   0.000     7.454    LED[3]
    D15                                                               r  LED[3] (OUT)
  -------------------------------------------------------------------    -------------------

Slack:                    inf
  Source:                 phy_instance/r_ddr_cke_reg/C
                            (rising edge-triggered cell FDSE clocked by clk_out4_div_clk_wiz_1  {rise@0.000ns fall@2.500ns period=5.000ns})
  Destination:            ddr3_cke[0]
                            (output port)
  Path Group:             (none)
  Path Type:              Max at Slow Process Corner
  Data Path Delay:        4.250ns  (logic 1.972ns (46.396%)  route 2.278ns (53.604%))
  Logic Levels:           1  (OBUF=1)
  Clock Uncertainty:      0.182ns  ((TSJ^2 + DJ^2)^1/2) / 2 + PE
    Total System Jitter     (TSJ):    0.050ns
    Discrete Jitter          (DJ):    0.126ns
    Phase Error              (PE):    0.114ns

    Location             Delay type                Incr(ns)  Path(ns)    Netlist Resource(s)
  -------------------------------------------------------------------    -------------------
                         (clock clk_out4_div_clk_wiz_1 rise edge)
                                                      0.000     0.000 r  
    N15                                               0.000     0.000 r  DDR3_CLK100 (IN)
                         net (fo=0)                   0.000     0.000    clkgen_ddr3ctrl_instance/inst/clk_in1
    N15                  IBUF (Prop_ibuf_I_O)         1.440     1.440 r  clkgen_ddr3ctrl_instance/inst/clkin1_ibufg/O
                         net (fo=1, routed)           1.233     2.673    clkgen_ddr3ctrl_instance/inst/clk_in1_clk_wiz_1
    MMCME2_ADV_X0Y0      MMCME2_ADV (Prop_mmcme2_adv_CLKIN1_CLKOUT4)
                                                     -6.965    -4.291 r  clkgen_ddr3ctrl_instance/inst/mmcm_adv_inst/CLKOUT4
                         net (fo=1, routed)           1.666    -2.625    clkgen_ddr3ctrl_instance/inst/clk_out4_div_clk_wiz_1
    BUFGCTRL_X0Y0        BUFG (Prop_bufg_I_O)         0.096    -2.529 r  clkgen_ddr3ctrl_instance/inst/clkout5_buf/O
                         net (fo=1800, routed)        1.620    -0.909    phy_instance/clk_out4_div
    SLICE_X62Y23         FDSE                                         r  phy_instance/r_ddr_cke_reg/C
  -------------------------------------------------------------------    -------------------
    SLICE_X62Y23         FDSE (Prop_fdse_C_Q)         0.456    -0.453 r  phy_instance/r_ddr_cke_reg/Q
                         net (fo=1, routed)           2.278     1.826    ddr3_cke_OBUF[0]
    T5                   OBUF (Prop_obuf_I_O)         1.516     3.342 r  ddr3_cke_OBUF[0]_inst/O
                         net (fo=0)                   0.000     3.342    ddr3_cke[0]
    T5                                                                r  ddr3_cke[0] (OUT)
  -------------------------------------------------------------------    -------------------

Slack:                    inf
  Source:                 phy_instance/r_ddr_nrst_reg/C
                            (rising edge-triggered cell FDRE clocked by clk_out4_div_clk_wiz_1  {rise@0.000ns fall@2.500ns period=5.000ns})
  Destination:            ddr3_reset_n
                            (output port)
  Path Group:             (none)
  Path Type:              Max at Slow Process Corner
  Data Path Delay:        3.645ns  (logic 1.980ns (54.314%)  route 1.665ns (45.686%))
  Logic Levels:           1  (OBUF=1)
  Clock Uncertainty:      0.182ns  ((TSJ^2 + DJ^2)^1/2) / 2 + PE
    Total System Jitter     (TSJ):    0.050ns
    Discrete Jitter          (DJ):    0.126ns
    Phase Error              (PE):    0.114ns

    Location             Delay type                Incr(ns)  Path(ns)    Netlist Resource(s)
  -------------------------------------------------------------------    -------------------
                         (clock clk_out4_div_clk_wiz_1 rise edge)
                                                      0.000     0.000 r  
    N15                                               0.000     0.000 r  DDR3_CLK100 (IN)
                         net (fo=0)                   0.000     0.000    clkgen_ddr3ctrl_instance/inst/clk_in1
    N15                  IBUF (Prop_ibuf_I_O)         1.440     1.440 r  clkgen_ddr3ctrl_instance/inst/clkin1_ibufg/O
                         net (fo=1, routed)           1.233     2.673    clkgen_ddr3ctrl_instance/inst/clk_in1_clk_wiz_1
    MMCME2_ADV_X0Y0      MMCME2_ADV (Prop_mmcme2_adv_CLKIN1_CLKOUT4)
                                                     -6.965    -4.291 r  clkgen_ddr3ctrl_instance/inst/mmcm_adv_inst/CLKOUT4
                         net (fo=1, routed)           1.666    -2.625    clkgen_ddr3ctrl_instance/inst/clk_out4_div_clk_wiz_1
    BUFGCTRL_X0Y0        BUFG (Prop_bufg_I_O)         0.096    -2.529 r  clkgen_ddr3ctrl_instance/inst/clkout5_buf/O
                         net (fo=1800, routed)        1.634    -0.895    phy_instance/clk_out4_div
    SLICE_X65Y37         FDRE                                         r  phy_instance/r_ddr_nrst_reg/C
  -------------------------------------------------------------------    -------------------
    SLICE_X65Y37         FDRE (Prop_fdre_C_Q)         0.456    -0.439 r  phy_instance/r_ddr_nrst_reg/Q
                         net (fo=1, routed)           1.665     1.227    ddr3_reset_n_OBUF
    M5                   OBUF (Prop_obuf_I_O)         1.524     2.751 r  ddr3_reset_n_OBUF_inst/O
                         net (fo=0)                   0.000     2.751    ddr3_reset_n
    M5                                                                r  ddr3_reset_n (OUT)
  -------------------------------------------------------------------    -------------------





Min Delay Paths
--------------------------------------------------------------------------------------
Slack:                    inf
  Source:                 phy_instance/r_ddr_nrst_reg/C
                            (rising edge-triggered cell FDRE clocked by clk_out4_div_clk_wiz_1  {rise@0.000ns fall@2.500ns period=5.000ns})
  Destination:            ddr3_reset_n
                            (output port)
  Path Group:             (none)
  Path Type:              Min at Fast Process Corner
  Data Path Delay:        0.969ns  (logic 0.637ns (65.720%)  route 0.332ns (34.280%))
  Logic Levels:           1  (OBUF=1)
  Clock Uncertainty:      0.182ns  ((TSJ^2 + DJ^2)^1/2) / 2 + PE
    Total System Jitter     (TSJ):    0.050ns
    Discrete Jitter          (DJ):    0.126ns
    Phase Error              (PE):    0.114ns

    Location             Delay type                Incr(ns)  Path(ns)    Netlist Resource(s)
  -------------------------------------------------------------------    -------------------
                         (clock clk_out4_div_clk_wiz_1 rise edge)
                                                      0.000     0.000 r  
    N15                                               0.000     0.000 r  DDR3_CLK100 (IN)
                         net (fo=0)                   0.000     0.000    clkgen_ddr3ctrl_instance/inst/clk_in1
    N15                  IBUF (Prop_ibuf_I_O)         0.209     0.209 r  clkgen_ddr3ctrl_instance/inst/clkin1_ibufg/O
                         net (fo=1, routed)           0.440     0.649    clkgen_ddr3ctrl_instance/inst/clk_in1_clk_wiz_1
    MMCME2_ADV_X0Y0      MMCME2_ADV (Prop_mmcme2_adv_CLKIN1_CLKOUT4)
                                                     -2.362    -1.714 r  clkgen_ddr3ctrl_instance/inst/mmcm_adv_inst/CLKOUT4
                         net (fo=1, routed)           0.489    -1.225    clkgen_ddr3ctrl_instance/inst/clk_out4_div_clk_wiz_1
    BUFGCTRL_X0Y0        BUFG (Prop_bufg_I_O)         0.026    -1.199 r  clkgen_ddr3ctrl_instance/inst/clkout5_buf/O
                         net (fo=1800, routed)        0.592    -0.607    phy_instance/clk_out4_div
    SLICE_X65Y37         FDRE                                         r  phy_instance/r_ddr_nrst_reg/C
  -------------------------------------------------------------------    -------------------
    SLICE_X65Y37         FDRE (Prop_fdre_C_Q)         0.141    -0.466 r  phy_instance/r_ddr_nrst_reg/Q
                         net (fo=1, routed)           0.332    -0.134    ddr3_reset_n_OBUF
    M5                   OBUF (Prop_obuf_I_O)         0.496     0.362 r  ddr3_reset_n_OBUF_inst/O
                         net (fo=0)                   0.000     0.362    ddr3_reset_n
    M5                                                                r  ddr3_reset_n (OUT)
  -------------------------------------------------------------------    -------------------

Slack:                    inf
  Source:                 phy_instance/r_ddr_cke_reg/C
                            (rising edge-triggered cell FDSE clocked by clk_out4_div_clk_wiz_1  {rise@0.000ns fall@2.500ns period=5.000ns})
  Destination:            ddr3_cke[0]
                            (output port)
  Path Group:             (none)
  Path Type:              Min at Fast Process Corner
  Data Path Delay:        1.217ns  (logic 0.629ns (51.685%)  route 0.588ns (48.315%))
  Logic Levels:           1  (OBUF=1)
  Clock Uncertainty:      0.182ns  ((TSJ^2 + DJ^2)^1/2) / 2 + PE
    Total System Jitter     (TSJ):    0.050ns
    Discrete Jitter          (DJ):    0.126ns
    Phase Error              (PE):    0.114ns

    Location             Delay type                Incr(ns)  Path(ns)    Netlist Resource(s)
  -------------------------------------------------------------------    -------------------
                         (clock clk_out4_div_clk_wiz_1 rise edge)
                                                      0.000     0.000 r  
    N15                                               0.000     0.000 r  DDR3_CLK100 (IN)
                         net (fo=0)                   0.000     0.000    clkgen_ddr3ctrl_instance/inst/clk_in1
    N15                  IBUF (Prop_ibuf_I_O)         0.209     0.209 r  clkgen_ddr3ctrl_instance/inst/clkin1_ibufg/O
                         net (fo=1, routed)           0.440     0.649    clkgen_ddr3ctrl_instance/inst/clk_in1_clk_wiz_1
    MMCME2_ADV_X0Y0      MMCME2_ADV (Prop_mmcme2_adv_CLKIN1_CLKOUT4)
                                                     -2.362    -1.714 r  clkgen_ddr3ctrl_instance/inst/mmcm_adv_inst/CLKOUT4
                         net (fo=1, routed)           0.489    -1.225    clkgen_ddr3ctrl_instance/inst/clk_out4_div_clk_wiz_1
    BUFGCTRL_X0Y0        BUFG (Prop_bufg_I_O)         0.026    -1.199 r  clkgen_ddr3ctrl_instance/inst/clkout5_buf/O
                         net (fo=1800, routed)        0.583    -0.616    phy_instance/clk_out4_div
    SLICE_X62Y23         FDSE                                         r  phy_instance/r_ddr_cke_reg/C
  -------------------------------------------------------------------    -------------------
    SLICE_X62Y23         FDSE (Prop_fdse_C_Q)         0.141    -0.475 r  phy_instance/r_ddr_cke_reg/Q
                         net (fo=1, routed)           0.588     0.113    ddr3_cke_OBUF[0]
    T5                   OBUF (Prop_obuf_I_O)         0.488     0.601 r  ddr3_cke_OBUF[0]_inst/O
                         net (fo=0)                   0.000     0.601    ddr3_cke[0]
    T5                                                                r  ddr3_cke[0] (OUT)
  -------------------------------------------------------------------    -------------------

Slack:                    inf
  Source:                 rdcal_instance/r_rd_cal_done_reg/C
                            (rising edge-triggered cell FDRE clocked by clk_out4_div_clk_wiz_1  {rise@0.000ns fall@2.500ns period=5.000ns})
  Destination:            LED[3]
                            (output port)
  Path Group:             (none)
  Path Type:              Min at Fast Process Corner
  Data Path Delay:        3.013ns  (logic 1.407ns (46.680%)  route 1.607ns (53.320%))
  Logic Levels:           1  (OBUF=1)
  Clock Uncertainty:      0.182ns  ((TSJ^2 + DJ^2)^1/2) / 2 + PE
    Total System Jitter     (TSJ):    0.050ns
    Discrete Jitter          (DJ):    0.126ns
    Phase Error              (PE):    0.114ns

    Location             Delay type                Incr(ns)  Path(ns)    Netlist Resource(s)
  -------------------------------------------------------------------    -------------------
                         (clock clk_out4_div_clk_wiz_1 rise edge)
                                                      0.000     0.000 r  
    N15                                               0.000     0.000 r  DDR3_CLK100 (IN)
                         net (fo=0)                   0.000     0.000    clkgen_ddr3ctrl_instance/inst/clk_in1
    N15                  IBUF (Prop_ibuf_I_O)         0.209     0.209 r  clkgen_ddr3ctrl_instance/inst/clkin1_ibufg/O
                         net (fo=1, routed)           0.440     0.649    clkgen_ddr3ctrl_instance/inst/clk_in1_clk_wiz_1
    MMCME2_ADV_X0Y0      MMCME2_ADV (Prop_mmcme2_adv_CLKIN1_CLKOUT4)
                                                     -2.362    -1.714 r  clkgen_ddr3ctrl_instance/inst/mmcm_adv_inst/CLKOUT4
                         net (fo=1, routed)           0.489    -1.225    clkgen_ddr3ctrl_instance/inst/clk_out4_div_clk_wiz_1
    BUFGCTRL_X0Y0        BUFG (Prop_bufg_I_O)         0.026    -1.199 r  clkgen_ddr3ctrl_instance/inst/clkout5_buf/O
                         net (fo=1800, routed)        0.566    -0.633    rdcal_instance/clk_out4_div
    SLICE_X57Y39         FDRE                                         r  rdcal_instance/r_rd_cal_done_reg/C
  -------------------------------------------------------------------    -------------------
    SLICE_X57Y39         FDRE (Prop_fdre_C_Q)         0.128    -0.505 r  rdcal_instance/r_rd_cal_done_reg/Q
                         net (fo=159, routed)         1.607     1.101    LED_OBUF[3]
    D15                  OBUF (Prop_obuf_I_O)         1.279     2.380 r  LED_OBUF[3]_inst/O
                         net (fo=0)                   0.000     2.380    LED[3]
    D15                                                               r  LED[3] (OUT)
  -------------------------------------------------------------------    -------------------

Slack:                    inf
  Source:                 phy_instance/r_mem_init_done_reg/C
                            (rising edge-triggered cell FDRE clocked by clk_out4_div_clk_wiz_1  {rise@0.000ns fall@2.500ns period=5.000ns})
  Destination:            LED[0]
                            (output port)
  Path Group:             (none)
  Path Type:              Min at Fast Process Corner
  Data Path Delay:        3.040ns  (logic 1.361ns (44.780%)  route 1.679ns (55.220%))
  Logic Levels:           1  (OBUF=1)
  Clock Uncertainty:      0.182ns  ((TSJ^2 + DJ^2)^1/2) / 2 + PE
    Total System Jitter     (TSJ):    0.050ns
    Discrete Jitter          (DJ):    0.126ns
    Phase Error              (PE):    0.114ns

    Location             Delay type                Incr(ns)  Path(ns)    Netlist Resource(s)
  -------------------------------------------------------------------    -------------------
                         (clock clk_out4_div_clk_wiz_1 rise edge)
                                                      0.000     0.000 r  
    N15                                               0.000     0.000 r  DDR3_CLK100 (IN)
                         net (fo=0)                   0.000     0.000    clkgen_ddr3ctrl_instance/inst/clk_in1
    N15                  IBUF (Prop_ibuf_I_O)         0.209     0.209 r  clkgen_ddr3ctrl_instance/inst/clkin1_ibufg/O
                         net (fo=1, routed)           0.440     0.649    clkgen_ddr3ctrl_instance/inst/clk_in1_clk_wiz_1
    MMCME2_ADV_X0Y0      MMCME2_ADV (Prop_mmcme2_adv_CLKIN1_CLKOUT4)
                                                     -2.362    -1.714 r  clkgen_ddr3ctrl_instance/inst/mmcm_adv_inst/CLKOUT4
                         net (fo=1, routed)           0.489    -1.225    clkgen_ddr3ctrl_instance/inst/clk_out4_div_clk_wiz_1
    BUFGCTRL_X0Y0        BUFG (Prop_bufg_I_O)         0.026    -1.199 r  clkgen_ddr3ctrl_instance/inst/clkout5_buf/O
                         net (fo=1800, routed)        0.567    -0.632    phy_instance/clk_out4_div
    SLICE_X57Y40         FDRE                                         r  phy_instance/r_mem_init_done_reg/C
  -------------------------------------------------------------------    -------------------
    SLICE_X57Y40         FDRE (Prop_fdre_C_Q)         0.141    -0.491 r  phy_instance/r_mem_init_done_reg/Q
                         net (fo=25, routed)          1.679     1.187    LED_OBUF[0]
    C13                  OBUF (Prop_obuf_I_O)         1.220     2.408 r  LED_OBUF[0]_inst/O
                         net (fo=0)                   0.000     2.408    LED[0]
    C13                                                               r  LED[0] (OUT)
  -------------------------------------------------------------------    -------------------

Slack:                    inf
  Source:                 uart_tx_instance/r_tx_bit_reg/C
                            (rising edge-triggered cell FDSE clocked by clk_out4_div_clk_wiz_1  {rise@0.000ns fall@2.500ns period=5.000ns})
  Destination:            UART_RXD_OUT
                            (output port)
  Path Group:             (none)
  Path Type:              Min at Fast Process Corner
  Data Path Delay:        3.051ns  (logic 1.387ns (45.457%)  route 1.664ns (54.543%))
  Logic Levels:           1  (OBUF=1)
  Clock Uncertainty:      0.182ns  ((TSJ^2 + DJ^2)^1/2) / 2 + PE
    Total System Jitter     (TSJ):    0.050ns
    Discrete Jitter          (DJ):    0.126ns
    Phase Error              (PE):    0.114ns

    Location             Delay type                Incr(ns)  Path(ns)    Netlist Resource(s)
  -------------------------------------------------------------------    -------------------
                         (clock clk_out4_div_clk_wiz_1 rise edge)
                                                      0.000     0.000 r  
    N15                                               0.000     0.000 r  DDR3_CLK100 (IN)
                         net (fo=0)                   0.000     0.000    clkgen_ddr3ctrl_instance/inst/clk_in1
    N15                  IBUF (Prop_ibuf_I_O)         0.209     0.209 r  clkgen_ddr3ctrl_instance/inst/clkin1_ibufg/O
                         net (fo=1, routed)           0.440     0.649    clkgen_ddr3ctrl_instance/inst/clk_in1_clk_wiz_1
    MMCME2_ADV_X0Y0      MMCME2_ADV (Prop_mmcme2_adv_CLKIN1_CLKOUT4)
                                                     -2.362    -1.714 r  clkgen_ddr3ctrl_instance/inst/mmcm_adv_inst/CLKOUT4
                         net (fo=1, routed)           0.489    -1.225    clkgen_ddr3ctrl_instance/inst/clk_out4_div_clk_wiz_1
    BUFGCTRL_X0Y0        BUFG (Prop_bufg_I_O)         0.026    -1.199 r  clkgen_ddr3ctrl_instance/inst/clkout5_buf/O
                         net (fo=1800, routed)        0.558    -0.641    uart_tx_instance/clk_out4_div
    SLICE_X36Y33         FDSE                                         r  uart_tx_instance/r_tx_bit_reg/C
  -------------------------------------------------------------------    -------------------
    SLICE_X36Y33         FDSE (Prop_fdse_C_Q)         0.141    -0.500 r  uart_tx_instance/r_tx_bit_reg/Q
                         net (fo=1, routed)           1.664     1.164    UART_RXD_OUT_OBUF
    A16                  OBUF (Prop_obuf_I_O)         1.246     2.409 r  UART_RXD_OUT_OBUF_inst/O
                         net (fo=0)                   0.000     2.409    UART_RXD_OUT
    A16                                                               r  UART_RXD_OUT (OUT)
  -------------------------------------------------------------------    -------------------

Slack:                    inf
  Source:                 rdcal_instance/r_rd_cal_err_reg/C
                            (rising edge-triggered cell FDRE clocked by clk_out4_div_clk_wiz_1  {rise@0.000ns fall@2.500ns period=5.000ns})
  Destination:            RGBLED0[0]
                            (output port)
  Path Group:             (none)
  Path Type:              Min at Fast Process Corner
  Data Path Delay:        3.630ns  (logic 1.393ns (38.381%)  route 2.237ns (61.619%))
  Logic Levels:           1  (OBUF=1)
  Clock Uncertainty:      0.182ns  ((TSJ^2 + DJ^2)^1/2) / 2 + PE
    Total System Jitter     (TSJ):    0.050ns
    Discrete Jitter          (DJ):    0.126ns
    Phase Error              (PE):    0.114ns

    Location             Delay type                Incr(ns)  Path(ns)    Netlist Resource(s)
  -------------------------------------------------------------------    -------------------
                         (clock clk_out4_div_clk_wiz_1 rise edge)
                                                      0.000     0.000 r  
    N15                                               0.000     0.000 r  DDR3_CLK100 (IN)
                         net (fo=0)                   0.000     0.000    clkgen_ddr3ctrl_instance/inst/clk_in1
    N15                  IBUF (Prop_ibuf_I_O)         0.209     0.209 r  clkgen_ddr3ctrl_instance/inst/clkin1_ibufg/O
                         net (fo=1, routed)           0.440     0.649    clkgen_ddr3ctrl_instance/inst/clk_in1_clk_wiz_1
    MMCME2_ADV_X0Y0      MMCME2_ADV (Prop_mmcme2_adv_CLKIN1_CLKOUT4)
                                                     -2.362    -1.714 r  clkgen_ddr3ctrl_instance/inst/mmcm_adv_inst/CLKOUT4
                         net (fo=1, routed)           0.489    -1.225    clkgen_ddr3ctrl_instance/inst/clk_out4_div_clk_wiz_1
    BUFGCTRL_X0Y0        BUFG (Prop_bufg_I_O)         0.026    -1.199 r  clkgen_ddr3ctrl_instance/inst/clkout5_buf/O
                         net (fo=1800, routed)        0.593    -0.606    rdcal_instance/clk_out4_div
    SLICE_X58Y42         FDRE                                         r  rdcal_instance/r_rd_cal_err_reg/C
  -------------------------------------------------------------------    -------------------
    SLICE_X58Y42         FDRE (Prop_fdre_C_Q)         0.141    -0.465 r  rdcal_instance/r_rd_cal_err_reg/Q
                         net (fo=1, routed)           2.237     1.772    RGBLED0_OBUF[0]
    C9                   OBUF (Prop_obuf_I_O)         1.252     3.024 r  RGBLED0_OBUF[0]_inst/O
                         net (fo=0)                   0.000     3.024    RGBLED0[0]
    C9                                                                r  RGBLED0[0] (OUT)
  -------------------------------------------------------------------    -------------------

Slack:                    inf
  Source:                 r4_rx_byte_index_reg[0]/C
                            (rising edge-triggered cell FDRE clocked by clk_out4_div_clk_wiz_1  {rise@0.000ns fall@2.500ns period=5.000ns})
  Destination:            RGBLED1[1]
                            (output port)
  Path Group:             (none)
  Path Type:              Min at Fast Process Corner
  Data Path Delay:        4.040ns  (logic 1.496ns (37.038%)  route 2.544ns (62.962%))
  Logic Levels:           2  (LUT1=1 OBUF=1)
  Clock Uncertainty:      0.182ns  ((TSJ^2 + DJ^2)^1/2) / 2 + PE
    Total System Jitter     (TSJ):    0.050ns
    Discrete Jitter          (DJ):    0.126ns
    Phase Error              (PE):    0.114ns

    Location             Delay type                Incr(ns)  Path(ns)    Netlist Resource(s)
  -------------------------------------------------------------------    -------------------
                         (clock clk_out4_div_clk_wiz_1 rise edge)
                                                      0.000     0.000 r  
    N15                                               0.000     0.000 r  DDR3_CLK100 (IN)
                         net (fo=0)                   0.000     0.000    clkgen_ddr3ctrl_instance/inst/clk_in1
    N15                  IBUF (Prop_ibuf_I_O)         0.209     0.209 r  clkgen_ddr3ctrl_instance/inst/clkin1_ibufg/O
                         net (fo=1, routed)           0.440     0.649    clkgen_ddr3ctrl_instance/inst/clk_in1_clk_wiz_1
    MMCME2_ADV_X0Y0      MMCME2_ADV (Prop_mmcme2_adv_CLKIN1_CLKOUT4)
                                                     -2.362    -1.714 r  clkgen_ddr3ctrl_instance/inst/mmcm_adv_inst/CLKOUT4
                         net (fo=1, routed)           0.489    -1.225    clkgen_ddr3ctrl_instance/inst/clk_out4_div_clk_wiz_1
    BUFGCTRL_X0Y0        BUFG (Prop_bufg_I_O)         0.026    -1.199 r  clkgen_ddr3ctrl_instance/inst/clkout5_buf/O
                         net (fo=1800, routed)        0.553    -0.646    w_clk_div
    SLICE_X36Y27         FDRE                                         r  r4_rx_byte_index_reg[0]/C
  -------------------------------------------------------------------    -------------------
    SLICE_X36Y27         FDRE (Prop_fdre_C_Q)         0.141    -0.505 f  r4_rx_byte_index_reg[0]/Q
                         net (fo=20, routed)          0.221    -0.284    r4_rx_byte_index_reg[0]
    SLICE_X36Y27         LUT1 (Prop_lut1_I0_O)        0.042    -0.242 r  RGBLED1_OBUF[1]_inst_i_1/O
                         net (fo=2, routed)           2.322     2.081    RGBLED1_OBUF[1]
    C10                  OBUF (Prop_obuf_I_O)         1.313     3.394 r  RGBLED1_OBUF[1]_inst/O
                         net (fo=0)                   0.000     3.394    RGBLED1[1]
    C10                                                               r  RGBLED1[1] (OUT)
  -------------------------------------------------------------------    -------------------





--------------------------------------------------------------------------------------
Path Group:  (none)
From Clock:  clkfbout_clk_wiz_1
  To Clock:  

Max Delay             1 Endpoint
Min Delay             1 Endpoint
--------------------------------------------------------------------------------------


Max Delay Paths
--------------------------------------------------------------------------------------
Slack:                    inf
  Source:                 clkgen_ddr3ctrl_instance/inst/mmcm_adv_inst/CLKFBOUT
                            (clock source 'clkfbout_clk_wiz_1'  {rise@0.000ns fall@5.000ns period=10.000ns})
  Destination:            clkgen_ddr3ctrl_instance/inst/mmcm_adv_inst/CLKFBIN
  Path Group:             (none)
  Path Type:              Max at Fast Process Corner
  Data Path Delay:        1.378ns  (logic 0.029ns (2.104%)  route 1.349ns (97.896%))
  Logic Levels:           1  (BUFG=1)
  Clock Uncertainty:      0.169ns  ((TSJ^2 + DJ^2)^1/2) / 2 + PE
    Total System Jitter     (TSJ):    0.050ns
    Discrete Jitter          (DJ):    0.098ns
    Phase Error              (PE):    0.114ns

    Location             Delay type                Incr(ns)  Path(ns)    Netlist Resource(s)
  -------------------------------------------------------------------    -------------------
                         (clock clkfbout_clk_wiz_1 fall edge)
                                                      5.000     5.000 f  
    N15                                               0.000     5.000 f  DDR3_CLK100 (IN)
                         net (fo=0)                   0.000     5.000    clkgen_ddr3ctrl_instance/inst/clk_in1
    N15                  IBUF (Prop_ibuf_I_O)         0.396     5.396 f  clkgen_ddr3ctrl_instance/inst/clkin1_ibufg/O
                         net (fo=1, routed)           0.480     5.876    clkgen_ddr3ctrl_instance/inst/clk_in1_clk_wiz_1
  -------------------------------------------------------------------    -------------------
    MMCME2_ADV_X0Y0      MMCME2_ADV (Prop_mmcme2_adv_CLKIN1_CLKFBOUT)
                                                     -3.145     2.731 f  clkgen_ddr3ctrl_instance/inst/mmcm_adv_inst/CLKFBOUT
                         net (fo=1, routed)           0.534     3.265    clkgen_ddr3ctrl_instance/inst/clkfbout_clk_wiz_1
    BUFGCTRL_X0Y4        BUFG (Prop_bufg_I_O)         0.029     3.294 f  clkgen_ddr3ctrl_instance/inst/clkf_buf/O
                         net (fo=1, routed)           0.816     4.109    clkgen_ddr3ctrl_instance/inst/clkfbout_buf_clk_wiz_1
    MMCME2_ADV_X0Y0      MMCME2_ADV                                   f  clkgen_ddr3ctrl_instance/inst/mmcm_adv_inst/CLKFBIN
  -------------------------------------------------------------------    -------------------





Min Delay Paths
--------------------------------------------------------------------------------------
Slack:                    inf
  Source:                 clkgen_ddr3ctrl_instance/inst/mmcm_adv_inst/CLKFBOUT
                            (clock source 'clkfbout_clk_wiz_1'  {rise@0.000ns fall@5.000ns period=10.000ns})
  Destination:            clkgen_ddr3ctrl_instance/inst/mmcm_adv_inst/CLKFBIN
  Path Group:             (none)
  Path Type:              Min at Slow Process Corner
  Data Path Delay:        3.133ns  (logic 0.091ns (2.904%)  route 3.042ns (97.096%))
  Logic Levels:           1  (BUFG=1)
  Clock Uncertainty:      0.169ns  ((TSJ^2 + DJ^2)^1/2) / 2 + PE
    Total System Jitter     (TSJ):    0.050ns
    Discrete Jitter          (DJ):    0.098ns
    Phase Error              (PE):    0.114ns

    Location             Delay type                Incr(ns)  Path(ns)    Netlist Resource(s)
  -------------------------------------------------------------------    -------------------
                         (clock clkfbout_clk_wiz_1 rise edge)
                                                      0.000     0.000 r  
    N15                                               0.000     0.000 r  DDR3_CLK100 (IN)
                         net (fo=0)                   0.000     0.000    clkgen_ddr3ctrl_instance/inst/clk_in1
    N15                  IBUF (Prop_ibuf_I_O)         1.370     1.370 r  clkgen_ddr3ctrl_instance/inst/clkin1_ibufg/O
                         net (fo=1, routed)           1.162     2.532    clkgen_ddr3ctrl_instance/inst/clk_in1_clk_wiz_1
  -------------------------------------------------------------------    -------------------
    MMCME2_ADV_X0Y0      MMCME2_ADV (Prop_mmcme2_adv_CLKIN1_CLKFBOUT)
                                                     -7.221    -4.689 r  clkgen_ddr3ctrl_instance/inst/mmcm_adv_inst/CLKFBOUT
                         net (fo=1, routed)           1.587    -3.102    clkgen_ddr3ctrl_instance/inst/clkfbout_clk_wiz_1
    BUFGCTRL_X0Y4        BUFG (Prop_bufg_I_O)         0.091    -3.011 r  clkgen_ddr3ctrl_instance/inst/clkf_buf/O
                         net (fo=1, routed)           1.455    -1.556    clkgen_ddr3ctrl_instance/inst/clkfbout_buf_clk_wiz_1
    MMCME2_ADV_X0Y0      MMCME2_ADV                                   r  clkgen_ddr3ctrl_instance/inst/mmcm_adv_inst/CLKFBIN
  -------------------------------------------------------------------    -------------------





--------------------------------------------------------------------------------------
Path Group:  (none)
From Clock:  
  To Clock:  clk_out4_div_clk_wiz_1

Max Delay            37 Endpoints
Min Delay            37 Endpoints
--------------------------------------------------------------------------------------


Max Delay Paths
--------------------------------------------------------------------------------------
Slack:                    inf
  Source:                 UART_TXD_IN
                            (input port)
  Destination:            uart_rx_instance/FSM_sequential_r3_state_reg[0]/D
                            (rising edge-triggered cell FDRE clocked by clk_out4_div_clk_wiz_1  {rise@0.000ns fall@2.500ns period=5.000ns})
  Path Group:             (none)
  Path Type:              Setup (Max at Slow Process Corner)
  Data Path Delay:        6.590ns  (logic 1.742ns (26.427%)  route 4.849ns (73.573%))
  Logic Levels:           3  (IBUF=1 LUT3=1 LUT6=1)
  Clock Path Skew:        -1.578ns (DCD - SCD + CPR)
    Destination Clock Delay (DCD):    -1.578ns
    Source Clock Delay      (SCD):    0.000ns
    Clock Pessimism Removal (CPR):    0.000ns
  Clock Uncertainty:      0.182ns  ((TSJ^2 + DJ^2)^1/2) / 2 + PE
    Total System Jitter     (TSJ):    0.050ns
    Discrete Jitter          (DJ):    0.126ns
    Phase Error              (PE):    0.114ns

    Location             Delay type                Incr(ns)  Path(ns)    Netlist Resource(s)
  -------------------------------------------------------------------    -------------------
    B16                                               0.000     0.000 f  UART_TXD_IN (IN)
                         net (fo=0)                   0.000     0.000    UART_TXD_IN
    B16                  IBUF (Prop_ibuf_I_O)         1.494     1.494 f  UART_TXD_IN_IBUF_inst/O
                         net (fo=11, routed)          4.168     5.662    uart_rx_instance/UART_TXD_IN_IBUF
    SLICE_X45Y22         LUT6 (Prop_lut6_I1_O)        0.124     5.786 r  uart_rx_instance/FSM_sequential_r3_state[2]_i_2/O
                         net (fo=3, routed)           0.680     6.466    uart_rx_instance/FSM_sequential_r3_state[2]_i_2_n_0
    SLICE_X42Y22         LUT3 (Prop_lut3_I1_O)        0.124     6.590 r  uart_rx_instance/FSM_sequential_r3_state[0]_i_1/O
                         net (fo=1, routed)           0.000     6.590    uart_rx_instance/FSM_sequential_r3_state[0]_i_1_n_0
    SLICE_X42Y22         FDRE                                         r  uart_rx_instance/FSM_sequential_r3_state_reg[0]/D
  -------------------------------------------------------------------    -------------------

                         (clock clk_out4_div_clk_wiz_1 rise edge)
                                                      0.000     0.000 r  
    N15                                               0.000     0.000 r  DDR3_CLK100 (IN)
                         net (fo=0)                   0.000     0.000    clkgen_ddr3ctrl_instance/inst/clk_in1
    N15                  IBUF (Prop_ibuf_I_O)         1.370     1.370 r  clkgen_ddr3ctrl_instance/inst/clkin1_ibufg/O
                         net (fo=1, routed)           1.162     2.532    clkgen_ddr3ctrl_instance/inst/clk_in1_clk_wiz_1
    MMCME2_ADV_X0Y0      MMCME2_ADV (Prop_mmcme2_adv_CLKIN1_CLKOUT4)
                                                     -7.221    -4.689 r  clkgen_ddr3ctrl_instance/inst/mmcm_adv_inst/CLKOUT4
                         net (fo=1, routed)           1.587    -3.102    clkgen_ddr3ctrl_instance/inst/clk_out4_div_clk_wiz_1
    BUFGCTRL_X0Y0        BUFG (Prop_bufg_I_O)         0.091    -3.011 r  clkgen_ddr3ctrl_instance/inst/clkout5_buf/O
                         net (fo=1800, routed)        1.433    -1.578    uart_rx_instance/clk_out4_div
    SLICE_X42Y22         FDRE                                         r  uart_rx_instance/FSM_sequential_r3_state_reg[0]/C

Slack:                    inf
  Source:                 UART_TXD_IN
                            (input port)
  Destination:            uart_rx_instance/r8_rxdata_reg[4]/D
                            (rising edge-triggered cell FDRE clocked by clk_out4_div_clk_wiz_1  {rise@0.000ns fall@2.500ns period=5.000ns})
  Path Group:             (none)
  Path Type:              Setup (Max at Slow Process Corner)
  Data Path Delay:        6.522ns  (logic 1.494ns (22.900%)  route 5.029ns (77.100%))
  Logic Levels:           1  (IBUF=1)
  Clock Path Skew:        -1.573ns (DCD - SCD + CPR)
    Destination Clock Delay (DCD):    -1.573ns
    Source Clock Delay      (SCD):    0.000ns
    Clock Pessimism Removal (CPR):    0.000ns
  Clock Uncertainty:      0.182ns  ((TSJ^2 + DJ^2)^1/2) / 2 + PE
    Total System Jitter     (TSJ):    0.050ns
    Discrete Jitter          (DJ):    0.126ns
    Phase Error              (PE):    0.114ns

    Location             Delay type                Incr(ns)  Path(ns)    Netlist Resource(s)
  -------------------------------------------------------------------    -------------------
    B16                                               0.000     0.000 r  UART_TXD_IN (IN)
                         net (fo=0)                   0.000     0.000    UART_TXD_IN
    B16                  IBUF (Prop_ibuf_I_O)         1.494     1.494 r  UART_TXD_IN_IBUF_inst/O
                         net (fo=11, routed)          5.029     6.522    uart_rx_instance/UART_TXD_IN_IBUF
    SLICE_X51Y22         FDRE                                         r  uart_rx_instance/r8_rxdata_reg[4]/D
  -------------------------------------------------------------------    -------------------

                         (clock clk_out4_div_clk_wiz_1 rise edge)
                                                      0.000     0.000 r  
    N15                                               0.000     0.000 r  DDR3_CLK100 (IN)
                         net (fo=0)                   0.000     0.000    clkgen_ddr3ctrl_instance/inst/clk_in1
    N15                  IBUF (Prop_ibuf_I_O)         1.370     1.370 r  clkgen_ddr3ctrl_instance/inst/clkin1_ibufg/O
                         net (fo=1, routed)           1.162     2.532    clkgen_ddr3ctrl_instance/inst/clk_in1_clk_wiz_1
    MMCME2_ADV_X0Y0      MMCME2_ADV (Prop_mmcme2_adv_CLKIN1_CLKOUT4)
                                                     -7.221    -4.689 r  clkgen_ddr3ctrl_instance/inst/mmcm_adv_inst/CLKOUT4
                         net (fo=1, routed)           1.587    -3.102    clkgen_ddr3ctrl_instance/inst/clk_out4_div_clk_wiz_1
    BUFGCTRL_X0Y0        BUFG (Prop_bufg_I_O)         0.091    -3.011 r  clkgen_ddr3ctrl_instance/inst/clkout5_buf/O
                         net (fo=1800, routed)        1.438    -1.573    uart_rx_instance/clk_out4_div
    SLICE_X51Y22         FDRE                                         r  uart_rx_instance/r8_rxdata_reg[4]/C

Slack:                    inf
  Source:                 UART_TXD_IN
                            (input port)
  Destination:            uart_rx_instance/r8_rxdata_reg[5]/D
                            (rising edge-triggered cell FDRE clocked by clk_out4_div_clk_wiz_1  {rise@0.000ns fall@2.500ns period=5.000ns})
  Path Group:             (none)
  Path Type:              Setup (Max at Slow Process Corner)
  Data Path Delay:        6.441ns  (logic 1.494ns (23.190%)  route 4.947ns (76.810%))
  Logic Levels:           1  (IBUF=1)
  Clock Path Skew:        -1.574ns (DCD - SCD + CPR)
    Destination Clock Delay (DCD):    -1.574ns
    Source Clock Delay      (SCD):    0.000ns
    Clock Pessimism Removal (CPR):    0.000ns
  Clock Uncertainty:      0.182ns  ((TSJ^2 + DJ^2)^1/2) / 2 + PE
    Total System Jitter     (TSJ):    0.050ns
    Discrete Jitter          (DJ):    0.126ns
    Phase Error              (PE):    0.114ns

    Location             Delay type                Incr(ns)  Path(ns)    Netlist Resource(s)
  -------------------------------------------------------------------    -------------------
    B16                                               0.000     0.000 r  UART_TXD_IN (IN)
                         net (fo=0)                   0.000     0.000    UART_TXD_IN
    B16                  IBUF (Prop_ibuf_I_O)         1.494     1.494 r  UART_TXD_IN_IBUF_inst/O
                         net (fo=11, routed)          4.947     6.441    uart_rx_instance/UART_TXD_IN_IBUF
    SLICE_X48Y22         FDRE                                         r  uart_rx_instance/r8_rxdata_reg[5]/D
  -------------------------------------------------------------------    -------------------

                         (clock clk_out4_div_clk_wiz_1 rise edge)
                                                      0.000     0.000 r  
    N15                                               0.000     0.000 r  DDR3_CLK100 (IN)
                         net (fo=0)                   0.000     0.000    clkgen_ddr3ctrl_instance/inst/clk_in1
    N15                  IBUF (Prop_ibuf_I_O)         1.370     1.370 r  clkgen_ddr3ctrl_instance/inst/clkin1_ibufg/O
                         net (fo=1, routed)           1.162     2.532    clkgen_ddr3ctrl_instance/inst/clk_in1_clk_wiz_1
    MMCME2_ADV_X0Y0      MMCME2_ADV (Prop_mmcme2_adv_CLKIN1_CLKOUT4)
                                                     -7.221    -4.689 r  clkgen_ddr3ctrl_instance/inst/mmcm_adv_inst/CLKOUT4
                         net (fo=1, routed)           1.587    -3.102    clkgen_ddr3ctrl_instance/inst/clk_out4_div_clk_wiz_1
    BUFGCTRL_X0Y0        BUFG (Prop_bufg_I_O)         0.091    -3.011 r  clkgen_ddr3ctrl_instance/inst/clkout5_buf/O
                         net (fo=1800, routed)        1.437    -1.574    uart_rx_instance/clk_out4_div
    SLICE_X48Y22         FDRE                                         r  uart_rx_instance/r8_rxdata_reg[5]/C

Slack:                    inf
  Source:                 UART_TXD_IN
                            (input port)
  Destination:            uart_rx_instance/r8_rxdata_reg[2]/D
                            (rising edge-triggered cell FDRE clocked by clk_out4_div_clk_wiz_1  {rise@0.000ns fall@2.500ns period=5.000ns})
  Path Group:             (none)
  Path Type:              Setup (Max at Slow Process Corner)
  Data Path Delay:        6.409ns  (logic 1.494ns (23.307%)  route 4.915ns (76.693%))
  Logic Levels:           1  (IBUF=1)
  Clock Path Skew:        -1.571ns (DCD - SCD + CPR)
    Destination Clock Delay (DCD):    -1.571ns
    Source Clock Delay      (SCD):    0.000ns
    Clock Pessimism Removal (CPR):    0.000ns
  Clock Uncertainty:      0.182ns  ((TSJ^2 + DJ^2)^1/2) / 2 + PE
    Total System Jitter     (TSJ):    0.050ns
    Discrete Jitter          (DJ):    0.126ns
    Phase Error              (PE):    0.114ns

    Location             Delay type                Incr(ns)  Path(ns)    Netlist Resource(s)
  -------------------------------------------------------------------    -------------------
    B16                                               0.000     0.000 r  UART_TXD_IN (IN)
                         net (fo=0)                   0.000     0.000    UART_TXD_IN
    B16                  IBUF (Prop_ibuf_I_O)         1.494     1.494 r  UART_TXD_IN_IBUF_inst/O
                         net (fo=11, routed)          4.915     6.409    uart_rx_instance/UART_TXD_IN_IBUF
    SLICE_X51Y21         FDRE                                         r  uart_rx_instance/r8_rxdata_reg[2]/D
  -------------------------------------------------------------------    -------------------

                         (clock clk_out4_div_clk_wiz_1 rise edge)
                                                      0.000     0.000 r  
    N15                                               0.000     0.000 r  DDR3_CLK100 (IN)
                         net (fo=0)                   0.000     0.000    clkgen_ddr3ctrl_instance/inst/clk_in1
    N15                  IBUF (Prop_ibuf_I_O)         1.370     1.370 r  clkgen_ddr3ctrl_instance/inst/clkin1_ibufg/O
                         net (fo=1, routed)           1.162     2.532    clkgen_ddr3ctrl_instance/inst/clk_in1_clk_wiz_1
    MMCME2_ADV_X0Y0      MMCME2_ADV (Prop_mmcme2_adv_CLKIN1_CLKOUT4)
                                                     -7.221    -4.689 r  clkgen_ddr3ctrl_instance/inst/mmcm_adv_inst/CLKOUT4
                         net (fo=1, routed)           1.587    -3.102    clkgen_ddr3ctrl_instance/inst/clk_out4_div_clk_wiz_1
    BUFGCTRL_X0Y0        BUFG (Prop_bufg_I_O)         0.091    -3.011 r  clkgen_ddr3ctrl_instance/inst/clkout5_buf/O
                         net (fo=1800, routed)        1.440    -1.571    uart_rx_instance/clk_out4_div
    SLICE_X51Y21         FDRE                                         r  uart_rx_instance/r8_rxdata_reg[2]/C

Slack:                    inf
  Source:                 UART_TXD_IN
                            (input port)
  Destination:            uart_rx_instance/FSM_sequential_r3_state_reg[2]/D
                            (rising edge-triggered cell FDRE clocked by clk_out4_div_clk_wiz_1  {rise@0.000ns fall@2.500ns period=5.000ns})
  Path Group:             (none)
  Path Type:              Setup (Max at Slow Process Corner)
  Data Path Delay:        6.381ns  (logic 1.768ns (27.702%)  route 4.613ns (72.298%))
  Logic Levels:           3  (IBUF=1 LUT4=1 LUT6=1)
  Clock Path Skew:        -1.577ns (DCD - SCD + CPR)
    Destination Clock Delay (DCD):    -1.577ns
    Source Clock Delay      (SCD):    0.000ns
    Clock Pessimism Removal (CPR):    0.000ns
  Clock Uncertainty:      0.182ns  ((TSJ^2 + DJ^2)^1/2) / 2 + PE
    Total System Jitter     (TSJ):    0.050ns
    Discrete Jitter          (DJ):    0.126ns
    Phase Error              (PE):    0.114ns

    Location             Delay type                Incr(ns)  Path(ns)    Netlist Resource(s)
  -------------------------------------------------------------------    -------------------
    B16                                               0.000     0.000 f  UART_TXD_IN (IN)
                         net (fo=0)                   0.000     0.000    UART_TXD_IN
    B16                  IBUF (Prop_ibuf_I_O)         1.494     1.494 f  UART_TXD_IN_IBUF_inst/O
                         net (fo=11, routed)          4.168     5.662    uart_rx_instance/UART_TXD_IN_IBUF
    SLICE_X45Y22         LUT6 (Prop_lut6_I1_O)        0.124     5.786 r  uart_rx_instance/FSM_sequential_r3_state[2]_i_2/O
                         net (fo=3, routed)           0.445     6.231    uart_rx_instance/FSM_sequential_r3_state[2]_i_2_n_0
    SLICE_X45Y22         LUT4 (Prop_lut4_I2_O)        0.150     6.381 r  uart_rx_instance/FSM_sequential_r3_state[2]_i_1/O
                         net (fo=1, routed)           0.000     6.381    uart_rx_instance/FSM_sequential_r3_state[2]_i_1_n_0
    SLICE_X45Y22         FDRE                                         r  uart_rx_instance/FSM_sequential_r3_state_reg[2]/D
  -------------------------------------------------------------------    -------------------

                         (clock clk_out4_div_clk_wiz_1 rise edge)
                                                      0.000     0.000 r  
    N15                                               0.000     0.000 r  DDR3_CLK100 (IN)
                         net (fo=0)                   0.000     0.000    clkgen_ddr3ctrl_instance/inst/clk_in1
    N15                  IBUF (Prop_ibuf_I_O)         1.370     1.370 r  clkgen_ddr3ctrl_instance/inst/clkin1_ibufg/O
                         net (fo=1, routed)           1.162     2.532    clkgen_ddr3ctrl_instance/inst/clk_in1_clk_wiz_1
    MMCME2_ADV_X0Y0      MMCME2_ADV (Prop_mmcme2_adv_CLKIN1_CLKOUT4)
                                                     -7.221    -4.689 r  clkgen_ddr3ctrl_instance/inst/mmcm_adv_inst/CLKOUT4
                         net (fo=1, routed)           1.587    -3.102    clkgen_ddr3ctrl_instance/inst/clk_out4_div_clk_wiz_1
    BUFGCTRL_X0Y0        BUFG (Prop_bufg_I_O)         0.091    -3.011 r  clkgen_ddr3ctrl_instance/inst/clkout5_buf/O
                         net (fo=1800, routed)        1.434    -1.577    uart_rx_instance/clk_out4_div
    SLICE_X45Y22         FDRE                                         r  uart_rx_instance/FSM_sequential_r3_state_reg[2]/C

Slack:                    inf
  Source:                 UART_TXD_IN
                            (input port)
  Destination:            uart_rx_instance/FSM_sequential_r3_state_reg[1]/D
                            (rising edge-triggered cell FDRE clocked by clk_out4_div_clk_wiz_1  {rise@0.000ns fall@2.500ns period=5.000ns})
  Path Group:             (none)
  Path Type:              Setup (Max at Slow Process Corner)
  Data Path Delay:        6.355ns  (logic 1.742ns (27.406%)  route 4.613ns (72.594%))
  Logic Levels:           3  (IBUF=1 LUT5=1 LUT6=1)
  Clock Path Skew:        -1.577ns (DCD - SCD + CPR)
    Destination Clock Delay (DCD):    -1.577ns
    Source Clock Delay      (SCD):    0.000ns
    Clock Pessimism Removal (CPR):    0.000ns
  Clock Uncertainty:      0.182ns  ((TSJ^2 + DJ^2)^1/2) / 2 + PE
    Total System Jitter     (TSJ):    0.050ns
    Discrete Jitter          (DJ):    0.126ns
    Phase Error              (PE):    0.114ns

    Location             Delay type                Incr(ns)  Path(ns)    Netlist Resource(s)
  -------------------------------------------------------------------    -------------------
    B16                                               0.000     0.000 f  UART_TXD_IN (IN)
                         net (fo=0)                   0.000     0.000    UART_TXD_IN
    B16                  IBUF (Prop_ibuf_I_O)         1.494     1.494 f  UART_TXD_IN_IBUF_inst/O
                         net (fo=11, routed)          4.168     5.662    uart_rx_instance/UART_TXD_IN_IBUF
    SLICE_X45Y22         LUT6 (Prop_lut6_I1_O)        0.124     5.786 r  uart_rx_instance/FSM_sequential_r3_state[2]_i_2/O
                         net (fo=3, routed)           0.445     6.231    uart_rx_instance/FSM_sequential_r3_state[2]_i_2_n_0
    SLICE_X45Y22         LUT5 (Prop_lut5_I3_O)        0.124     6.355 r  uart_rx_instance/FSM_sequential_r3_state[1]_i_1/O
                         net (fo=1, routed)           0.000     6.355    uart_rx_instance/FSM_sequential_r3_state[1]_i_1_n_0
    SLICE_X45Y22         FDRE                                         r  uart_rx_instance/FSM_sequential_r3_state_reg[1]/D
  -------------------------------------------------------------------    -------------------

                         (clock clk_out4_div_clk_wiz_1 rise edge)
                                                      0.000     0.000 r  
    N15                                               0.000     0.000 r  DDR3_CLK100 (IN)
                         net (fo=0)                   0.000     0.000    clkgen_ddr3ctrl_instance/inst/clk_in1
    N15                  IBUF (Prop_ibuf_I_O)         1.370     1.370 r  clkgen_ddr3ctrl_instance/inst/clkin1_ibufg/O
                         net (fo=1, routed)           1.162     2.532    clkgen_ddr3ctrl_instance/inst/clk_in1_clk_wiz_1
    MMCME2_ADV_X0Y0      MMCME2_ADV (Prop_mmcme2_adv_CLKIN1_CLKOUT4)
                                                     -7.221    -4.689 r  clkgen_ddr3ctrl_instance/inst/mmcm_adv_inst/CLKOUT4
                         net (fo=1, routed)           1.587    -3.102    clkgen_ddr3ctrl_instance/inst/clk_out4_div_clk_wiz_1
    BUFGCTRL_X0Y0        BUFG (Prop_bufg_I_O)         0.091    -3.011 r  clkgen_ddr3ctrl_instance/inst/clkout5_buf/O
                         net (fo=1800, routed)        1.434    -1.577    uart_rx_instance/clk_out4_div
    SLICE_X45Y22         FDRE                                         r  uart_rx_instance/FSM_sequential_r3_state_reg[1]/C

Slack:                    inf
  Source:                 UART_TXD_IN
                            (input port)
  Destination:            uart_rx_instance/rn_bit_tmr_reg[4]/CE
                            (rising edge-triggered cell FDRE clocked by clk_out4_div_clk_wiz_1  {rise@0.000ns fall@2.500ns period=5.000ns})
  Path Group:             (none)
  Path Type:              Setup (Max at Slow Process Corner)
  Data Path Delay:        6.344ns  (logic 1.618ns (25.500%)  route 4.726ns (74.500%))
  Logic Levels:           2  (IBUF=1 LUT6=1)
  Clock Path Skew:        -1.576ns (DCD - SCD + CPR)
    Destination Clock Delay (DCD):    -1.576ns
    Source Clock Delay      (SCD):    0.000ns
    Clock Pessimism Removal (CPR):    0.000ns
  Clock Uncertainty:      0.182ns  ((TSJ^2 + DJ^2)^1/2) / 2 + PE
    Total System Jitter     (TSJ):    0.050ns
    Discrete Jitter          (DJ):    0.126ns
    Phase Error              (PE):    0.114ns

    Location             Delay type                Incr(ns)  Path(ns)    Netlist Resource(s)
  -------------------------------------------------------------------    -------------------
    B16                                               0.000     0.000 f  UART_TXD_IN (IN)
                         net (fo=0)                   0.000     0.000    UART_TXD_IN
    B16                  IBUF (Prop_ibuf_I_O)         1.494     1.494 f  UART_TXD_IN_IBUF_inst/O
                         net (fo=11, routed)          4.175     5.669    uart_rx_instance/UART_TXD_IN_IBUF
    SLICE_X42Y22         LUT6 (Prop_lut6_I5_O)        0.124     5.793 r  uart_rx_instance/rn_bit_tmr[6]_i_2/O
                         net (fo=7, routed)           0.551     6.344    uart_rx_instance/rn_bit_tmr
    SLICE_X42Y21         FDRE                                         r  uart_rx_instance/rn_bit_tmr_reg[4]/CE
  -------------------------------------------------------------------    -------------------

                         (clock clk_out4_div_clk_wiz_1 rise edge)
                                                      0.000     0.000 r  
    N15                                               0.000     0.000 r  DDR3_CLK100 (IN)
                         net (fo=0)                   0.000     0.000    clkgen_ddr3ctrl_instance/inst/clk_in1
    N15                  IBUF (Prop_ibuf_I_O)         1.370     1.370 r  clkgen_ddr3ctrl_instance/inst/clkin1_ibufg/O
                         net (fo=1, routed)           1.162     2.532    clkgen_ddr3ctrl_instance/inst/clk_in1_clk_wiz_1
    MMCME2_ADV_X0Y0      MMCME2_ADV (Prop_mmcme2_adv_CLKIN1_CLKOUT4)
                                                     -7.221    -4.689 r  clkgen_ddr3ctrl_instance/inst/mmcm_adv_inst/CLKOUT4
                         net (fo=1, routed)           1.587    -3.102    clkgen_ddr3ctrl_instance/inst/clk_out4_div_clk_wiz_1
    BUFGCTRL_X0Y0        BUFG (Prop_bufg_I_O)         0.091    -3.011 r  clkgen_ddr3ctrl_instance/inst/clkout5_buf/O
                         net (fo=1800, routed)        1.435    -1.576    uart_rx_instance/clk_out4_div
    SLICE_X42Y21         FDRE                                         r  uart_rx_instance/rn_bit_tmr_reg[4]/C

Slack:                    inf
  Source:                 UART_TXD_IN
                            (input port)
  Destination:            uart_rx_instance/rn_bit_tmr_reg[5]/CE
                            (rising edge-triggered cell FDRE clocked by clk_out4_div_clk_wiz_1  {rise@0.000ns fall@2.500ns period=5.000ns})
  Path Group:             (none)
  Path Type:              Setup (Max at Slow Process Corner)
  Data Path Delay:        6.344ns  (logic 1.618ns (25.500%)  route 4.726ns (74.500%))
  Logic Levels:           2  (IBUF=1 LUT6=1)
  Clock Path Skew:        -1.576ns (DCD - SCD + CPR)
    Destination Clock Delay (DCD):    -1.576ns
    Source Clock Delay      (SCD):    0.000ns
    Clock Pessimism Removal (CPR):    0.000ns
  Clock Uncertainty:      0.182ns  ((TSJ^2 + DJ^2)^1/2) / 2 + PE
    Total System Jitter     (TSJ):    0.050ns
    Discrete Jitter          (DJ):    0.126ns
    Phase Error              (PE):    0.114ns

    Location             Delay type                Incr(ns)  Path(ns)    Netlist Resource(s)
  -------------------------------------------------------------------    -------------------
    B16                                               0.000     0.000 f  UART_TXD_IN (IN)
                         net (fo=0)                   0.000     0.000    UART_TXD_IN
    B16                  IBUF (Prop_ibuf_I_O)         1.494     1.494 f  UART_TXD_IN_IBUF_inst/O
                         net (fo=11, routed)          4.175     5.669    uart_rx_instance/UART_TXD_IN_IBUF
    SLICE_X42Y22         LUT6 (Prop_lut6_I5_O)        0.124     5.793 r  uart_rx_instance/rn_bit_tmr[6]_i_2/O
                         net (fo=7, routed)           0.551     6.344    uart_rx_instance/rn_bit_tmr
    SLICE_X42Y21         FDRE                                         r  uart_rx_instance/rn_bit_tmr_reg[5]/CE
  -------------------------------------------------------------------    -------------------

                         (clock clk_out4_div_clk_wiz_1 rise edge)
                                                      0.000     0.000 r  
    N15                                               0.000     0.000 r  DDR3_CLK100 (IN)
                         net (fo=0)                   0.000     0.000    clkgen_ddr3ctrl_instance/inst/clk_in1
    N15                  IBUF (Prop_ibuf_I_O)         1.370     1.370 r  clkgen_ddr3ctrl_instance/inst/clkin1_ibufg/O
                         net (fo=1, routed)           1.162     2.532    clkgen_ddr3ctrl_instance/inst/clk_in1_clk_wiz_1
    MMCME2_ADV_X0Y0      MMCME2_ADV (Prop_mmcme2_adv_CLKIN1_CLKOUT4)
                                                     -7.221    -4.689 r  clkgen_ddr3ctrl_instance/inst/mmcm_adv_inst/CLKOUT4
                         net (fo=1, routed)           1.587    -3.102    clkgen_ddr3ctrl_instance/inst/clk_out4_div_clk_wiz_1
    BUFGCTRL_X0Y0        BUFG (Prop_bufg_I_O)         0.091    -3.011 r  clkgen_ddr3ctrl_instance/inst/clkout5_buf/O
                         net (fo=1800, routed)        1.435    -1.576    uart_rx_instance/clk_out4_div
    SLICE_X42Y21         FDRE                                         r  uart_rx_instance/rn_bit_tmr_reg[5]/C

Slack:                    inf
  Source:                 UART_TXD_IN
                            (input port)
  Destination:            uart_rx_instance/rn_bit_tmr_reg[6]/CE
                            (rising edge-triggered cell FDRE clocked by clk_out4_div_clk_wiz_1  {rise@0.000ns fall@2.500ns period=5.000ns})
  Path Group:             (none)
  Path Type:              Setup (Max at Slow Process Corner)
  Data Path Delay:        6.344ns  (logic 1.618ns (25.500%)  route 4.726ns (74.500%))
  Logic Levels:           2  (IBUF=1 LUT6=1)
  Clock Path Skew:        -1.576ns (DCD - SCD + CPR)
    Destination Clock Delay (DCD):    -1.576ns
    Source Clock Delay      (SCD):    0.000ns
    Clock Pessimism Removal (CPR):    0.000ns
  Clock Uncertainty:      0.182ns  ((TSJ^2 + DJ^2)^1/2) / 2 + PE
    Total System Jitter     (TSJ):    0.050ns
    Discrete Jitter          (DJ):    0.126ns
    Phase Error              (PE):    0.114ns

    Location             Delay type                Incr(ns)  Path(ns)    Netlist Resource(s)
  -------------------------------------------------------------------    -------------------
    B16                                               0.000     0.000 f  UART_TXD_IN (IN)
                         net (fo=0)                   0.000     0.000    UART_TXD_IN
    B16                  IBUF (Prop_ibuf_I_O)         1.494     1.494 f  UART_TXD_IN_IBUF_inst/O
                         net (fo=11, routed)          4.175     5.669    uart_rx_instance/UART_TXD_IN_IBUF
    SLICE_X42Y22         LUT6 (Prop_lut6_I5_O)        0.124     5.793 r  uart_rx_instance/rn_bit_tmr[6]_i_2/O
                         net (fo=7, routed)           0.551     6.344    uart_rx_instance/rn_bit_tmr
    SLICE_X42Y21         FDRE                                         r  uart_rx_instance/rn_bit_tmr_reg[6]/CE
  -------------------------------------------------------------------    -------------------

                         (clock clk_out4_div_clk_wiz_1 rise edge)
                                                      0.000     0.000 r  
    N15                                               0.000     0.000 r  DDR3_CLK100 (IN)
                         net (fo=0)                   0.000     0.000    clkgen_ddr3ctrl_instance/inst/clk_in1
    N15                  IBUF (Prop_ibuf_I_O)         1.370     1.370 r  clkgen_ddr3ctrl_instance/inst/clkin1_ibufg/O
                         net (fo=1, routed)           1.162     2.532    clkgen_ddr3ctrl_instance/inst/clk_in1_clk_wiz_1
    MMCME2_ADV_X0Y0      MMCME2_ADV (Prop_mmcme2_adv_CLKIN1_CLKOUT4)
                                                     -7.221    -4.689 r  clkgen_ddr3ctrl_instance/inst/mmcm_adv_inst/CLKOUT4
                         net (fo=1, routed)           1.587    -3.102    clkgen_ddr3ctrl_instance/inst/clk_out4_div_clk_wiz_1
    BUFGCTRL_X0Y0        BUFG (Prop_bufg_I_O)         0.091    -3.011 r  clkgen_ddr3ctrl_instance/inst/clkout5_buf/O
                         net (fo=1800, routed)        1.435    -1.576    uart_rx_instance/clk_out4_div
    SLICE_X42Y21         FDRE                                         r  uart_rx_instance/rn_bit_tmr_reg[6]/C

Slack:                    inf
  Source:                 UART_TXD_IN
                            (input port)
  Destination:            uart_rx_instance/r8_rxdata_reg[6]/D
                            (rising edge-triggered cell FDRE clocked by clk_out4_div_clk_wiz_1  {rise@0.000ns fall@2.500ns period=5.000ns})
  Path Group:             (none)
  Path Type:              Setup (Max at Slow Process Corner)
  Data Path Delay:        6.333ns  (logic 1.494ns (23.585%)  route 4.839ns (76.415%))
  Logic Levels:           1  (IBUF=1)
  Clock Path Skew:        -1.573ns (DCD - SCD + CPR)
    Destination Clock Delay (DCD):    -1.573ns
    Source Clock Delay      (SCD):    0.000ns
    Clock Pessimism Removal (CPR):    0.000ns
  Clock Uncertainty:      0.182ns  ((TSJ^2 + DJ^2)^1/2) / 2 + PE
    Total System Jitter     (TSJ):    0.050ns
    Discrete Jitter          (DJ):    0.126ns
    Phase Error              (PE):    0.114ns

    Location             Delay type                Incr(ns)  Path(ns)    Netlist Resource(s)
  -------------------------------------------------------------------    -------------------
    B16                                               0.000     0.000 r  UART_TXD_IN (IN)
                         net (fo=0)                   0.000     0.000    UART_TXD_IN
    B16                  IBUF (Prop_ibuf_I_O)         1.494     1.494 r  UART_TXD_IN_IBUF_inst/O
                         net (fo=11, routed)          4.839     6.333    uart_rx_instance/UART_TXD_IN_IBUF
    SLICE_X50Y22         FDRE                                         r  uart_rx_instance/r8_rxdata_reg[6]/D
  -------------------------------------------------------------------    -------------------

                         (clock clk_out4_div_clk_wiz_1 rise edge)
                                                      0.000     0.000 r  
    N15                                               0.000     0.000 r  DDR3_CLK100 (IN)
                         net (fo=0)                   0.000     0.000    clkgen_ddr3ctrl_instance/inst/clk_in1
    N15                  IBUF (Prop_ibuf_I_O)         1.370     1.370 r  clkgen_ddr3ctrl_instance/inst/clkin1_ibufg/O
                         net (fo=1, routed)           1.162     2.532    clkgen_ddr3ctrl_instance/inst/clk_in1_clk_wiz_1
    MMCME2_ADV_X0Y0      MMCME2_ADV (Prop_mmcme2_adv_CLKIN1_CLKOUT4)
                                                     -7.221    -4.689 r  clkgen_ddr3ctrl_instance/inst/mmcm_adv_inst/CLKOUT4
                         net (fo=1, routed)           1.587    -3.102    clkgen_ddr3ctrl_instance/inst/clk_out4_div_clk_wiz_1
    BUFGCTRL_X0Y0        BUFG (Prop_bufg_I_O)         0.091    -3.011 r  clkgen_ddr3ctrl_instance/inst/clkout5_buf/O
                         net (fo=1800, routed)        1.438    -1.573    uart_rx_instance/clk_out4_div
    SLICE_X50Y22         FDRE                                         r  uart_rx_instance/r8_rxdata_reg[6]/C





Min Delay Paths
--------------------------------------------------------------------------------------
Slack:                    inf
  Source:                 BTN[0]
                            (input port)
  Destination:            btn0_prev_reg/D
                            (rising edge-triggered cell FDRE clocked by clk_out4_div_clk_wiz_1  {rise@0.000ns fall@2.500ns period=5.000ns})
  Path Group:             (none)
  Path Type:              Hold (Min at Fast Process Corner)
  Data Path Delay:        0.907ns  (logic 0.225ns (24.752%)  route 0.683ns (75.248%))
  Logic Levels:           1  (IBUF=1)
  Clock Path Skew:        -0.872ns (DCD - SCD - CPR)
    Destination Clock Delay (DCD):    -0.872ns
    Source Clock Delay      (SCD):    0.000ns
    Clock Pessimism Removal (CPR):    -0.000ns

    Location             Delay type                Incr(ns)  Path(ns)    Netlist Resource(s)
  -------------------------------------------------------------------    -------------------
    J2                                                0.000     0.000 r  BTN[0] (IN)
                         net (fo=0)                   0.000     0.000    BTN[0]
    J2                   IBUF (Prop_ibuf_I_O)         0.225     0.225 r  BTN_IBUF[0]_inst/O
                         net (fo=2, routed)           0.683     0.907    BTN_IBUF[0]
    SLICE_X56Y39         FDRE                                         r  btn0_prev_reg/D
  -------------------------------------------------------------------    -------------------

                         (clock clk_out4_div_clk_wiz_1 rise edge)
                                                      0.000     0.000 r  
    N15                                               0.000     0.000 r  DDR3_CLK100 (IN)
                         net (fo=0)                   0.000     0.000    clkgen_ddr3ctrl_instance/inst/clk_in1
    N15                  IBUF (Prop_ibuf_I_O)         0.396     0.396 r  clkgen_ddr3ctrl_instance/inst/clkin1_ibufg/O
                         net (fo=1, routed)           0.480     0.876    clkgen_ddr3ctrl_instance/inst/clk_in1_clk_wiz_1
    MMCME2_ADV_X0Y0      MMCME2_ADV (Prop_mmcme2_adv_CLKIN1_CLKOUT4)
                                                     -3.145    -2.269 r  clkgen_ddr3ctrl_instance/inst/mmcm_adv_inst/CLKOUT4
                         net (fo=1, routed)           0.534    -1.735    clkgen_ddr3ctrl_instance/inst/clk_out4_div_clk_wiz_1
    BUFGCTRL_X0Y0        BUFG (Prop_bufg_I_O)         0.029    -1.706 r  clkgen_ddr3ctrl_instance/inst/clkout5_buf/O
                         net (fo=1800, routed)        0.835    -0.872    w_clk_div
    SLICE_X56Y39         FDRE                                         r  btn0_prev_reg/C

Slack:                    inf
  Source:                 SW[3]
                            (input port)
  Destination:            r_phy_rst_reg/D
                            (rising edge-triggered cell FDRE clocked by clk_out4_div_clk_wiz_1  {rise@0.000ns fall@2.500ns period=5.000ns})
  Path Group:             (none)
  Path Type:              Hold (Min at Fast Process Corner)
  Data Path Delay:        1.295ns  (logic 0.303ns (23.399%)  route 0.992ns (76.601%))
  Logic Levels:           2  (IBUF=1 LUT4=1)
  Clock Path Skew:        -0.886ns (DCD - SCD - CPR)
    Destination Clock Delay (DCD):    -0.886ns
    Source Clock Delay      (SCD):    0.000ns
    Clock Pessimism Removal (CPR):    -0.000ns

    Location             Delay type                Incr(ns)  Path(ns)    Netlist Resource(s)
  -------------------------------------------------------------------    -------------------
    E2                                                0.000     0.000 r  SW[3] (IN)
                         net (fo=0)                   0.000     0.000    SW[3]
    E2                   IBUF (Prop_ibuf_I_O)         0.258     0.258 r  SW_IBUF[3]_inst/O
                         net (fo=2, routed)           0.992     1.250    SW_IBUF[3]
    SLICE_X54Y25         LUT4 (Prop_lut4_I3_O)        0.045     1.295 r  r_phy_rst_i_1/O
                         net (fo=1, routed)           0.000     1.295    r_phy_rst_i_1_n_0
    SLICE_X54Y25         FDRE                                         r  r_phy_rst_reg/D
  -------------------------------------------------------------------    -------------------

                         (clock clk_out4_div_clk_wiz_1 rise edge)
                                                      0.000     0.000 r  
    N15                                               0.000     0.000 r  DDR3_CLK100 (IN)
                         net (fo=0)                   0.000     0.000    clkgen_ddr3ctrl_instance/inst/clk_in1
    N15                  IBUF (Prop_ibuf_I_O)         0.396     0.396 r  clkgen_ddr3ctrl_instance/inst/clkin1_ibufg/O
                         net (fo=1, routed)           0.480     0.876    clkgen_ddr3ctrl_instance/inst/clk_in1_clk_wiz_1
    MMCME2_ADV_X0Y0      MMCME2_ADV (Prop_mmcme2_adv_CLKIN1_CLKOUT4)
                                                     -3.145    -2.269 r  clkgen_ddr3ctrl_instance/inst/mmcm_adv_inst/CLKOUT4
                         net (fo=1, routed)           0.534    -1.735    clkgen_ddr3ctrl_instance/inst/clk_out4_div_clk_wiz_1
    BUFGCTRL_X0Y0        BUFG (Prop_bufg_I_O)         0.029    -1.706 r  clkgen_ddr3ctrl_instance/inst/clkout5_buf/O
                         net (fo=1800, routed)        0.821    -0.886    w_clk_div
    SLICE_X54Y25         FDRE                                         r  r_phy_rst_reg/C

Slack:                    inf
  Source:                 BTN[0]
                            (input port)
  Destination:            r_rdcal_start_reg/D
                            (rising edge-triggered cell FDRE clocked by clk_out4_div_clk_wiz_1  {rise@0.000ns fall@2.500ns period=5.000ns})
  Path Group:             (none)
  Path Type:              Hold (Min at Fast Process Corner)
  Data Path Delay:        1.323ns  (logic 0.269ns (20.304%)  route 1.054ns (79.696%))
  Logic Levels:           2  (IBUF=1 LUT3=1)
  Clock Path Skew:        -0.872ns (DCD - SCD - CPR)
    Destination Clock Delay (DCD):    -0.872ns
    Source Clock Delay      (SCD):    0.000ns
    Clock Pessimism Removal (CPR):    -0.000ns

    Location             Delay type                Incr(ns)  Path(ns)    Netlist Resource(s)
  -------------------------------------------------------------------    -------------------
    J2                                                0.000     0.000 r  BTN[0] (IN)
                         net (fo=0)                   0.000     0.000    BTN[0]
    J2                   IBUF (Prop_ibuf_I_O)         0.225     0.225 r  BTN_IBUF[0]_inst/O
                         net (fo=2, routed)           0.850     1.074    rdcal_instance/BTN_IBUF[0]
    SLICE_X56Y39         LUT3 (Prop_lut3_I1_O)        0.044     1.118 r  rdcal_instance/r_rdcal_start_i_1/O
                         net (fo=1, routed)           0.204     1.323    r_rdcal_start0
    SLICE_X56Y39         FDRE                                         r  r_rdcal_start_reg/D
  -------------------------------------------------------------------    -------------------

                         (clock clk_out4_div_clk_wiz_1 rise edge)
                                                      0.000     0.000 r  
    N15                                               0.000     0.000 r  DDR3_CLK100 (IN)
                         net (fo=0)                   0.000     0.000    clkgen_ddr3ctrl_instance/inst/clk_in1
    N15                  IBUF (Prop_ibuf_I_O)         0.396     0.396 r  clkgen_ddr3ctrl_instance/inst/clkin1_ibufg/O
                         net (fo=1, routed)           0.480     0.876    clkgen_ddr3ctrl_instance/inst/clk_in1_clk_wiz_1
    MMCME2_ADV_X0Y0      MMCME2_ADV (Prop_mmcme2_adv_CLKIN1_CLKOUT4)
                                                     -3.145    -2.269 r  clkgen_ddr3ctrl_instance/inst/mmcm_adv_inst/CLKOUT4
                         net (fo=1, routed)           0.534    -1.735    clkgen_ddr3ctrl_instance/inst/clk_out4_div_clk_wiz_1
    BUFGCTRL_X0Y0        BUFG (Prop_bufg_I_O)         0.029    -1.706 r  clkgen_ddr3ctrl_instance/inst/clkout5_buf/O
                         net (fo=1800, routed)        0.835    -0.872    w_clk_div
    SLICE_X56Y39         FDRE                                         r  r_rdcal_start_reg/C

Slack:                    inf
  Source:                 SW[3]
                            (input port)
  Destination:            rn_rst_ctr_reg[12]/R
                            (rising edge-triggered cell FDRE clocked by clk_out4_div_clk_wiz_1  {rise@0.000ns fall@2.500ns period=5.000ns})
  Path Group:             (none)
  Path Type:              Hold (Min at Fast Process Corner)
  Data Path Delay:        1.722ns  (logic 0.303ns (17.599%)  route 1.419ns (82.401%))
  Logic Levels:           2  (IBUF=1 LUT2=1)
  Clock Path Skew:        -0.883ns (DCD - SCD - CPR)
    Destination Clock Delay (DCD):    -0.883ns
    Source Clock Delay      (SCD):    0.000ns
    Clock Pessimism Removal (CPR):    -0.000ns

    Location             Delay type                Incr(ns)  Path(ns)    Netlist Resource(s)
  -------------------------------------------------------------------    -------------------
    E2                                                0.000     0.000 r  SW[3] (IN)
                         net (fo=0)                   0.000     0.000    SW[3]
    E2                   IBUF (Prop_ibuf_I_O)         0.258     0.258 r  SW_IBUF[3]_inst/O
                         net (fo=2, routed)           1.099     1.357    SW_IBUF[3]
    SLICE_X54Y25         LUT2 (Prop_lut2_I0_O)        0.045     1.402 r  rn_rst_ctr[0]_i_1/O
                         net (fo=16, routed)          0.320     1.722    rn_rst_ctr0
    SLICE_X52Y22         FDRE                                         r  rn_rst_ctr_reg[12]/R
  -------------------------------------------------------------------    -------------------

                         (clock clk_out4_div_clk_wiz_1 rise edge)
                                                      0.000     0.000 r  
    N15                                               0.000     0.000 r  DDR3_CLK100 (IN)
                         net (fo=0)                   0.000     0.000    clkgen_ddr3ctrl_instance/inst/clk_in1
    N15                  IBUF (Prop_ibuf_I_O)         0.396     0.396 r  clkgen_ddr3ctrl_instance/inst/clkin1_ibufg/O
                         net (fo=1, routed)           0.480     0.876    clkgen_ddr3ctrl_instance/inst/clk_in1_clk_wiz_1
    MMCME2_ADV_X0Y0      MMCME2_ADV (Prop_mmcme2_adv_CLKIN1_CLKOUT4)
                                                     -3.145    -2.269 r  clkgen_ddr3ctrl_instance/inst/mmcm_adv_inst/CLKOUT4
                         net (fo=1, routed)           0.534    -1.735    clkgen_ddr3ctrl_instance/inst/clk_out4_div_clk_wiz_1
    BUFGCTRL_X0Y0        BUFG (Prop_bufg_I_O)         0.029    -1.706 r  clkgen_ddr3ctrl_instance/inst/clkout5_buf/O
                         net (fo=1800, routed)        0.824    -0.883    w_clk_div
    SLICE_X52Y22         FDRE                                         r  rn_rst_ctr_reg[12]/C

Slack:                    inf
  Source:                 SW[3]
                            (input port)
  Destination:            rn_rst_ctr_reg[13]/R
                            (rising edge-triggered cell FDRE clocked by clk_out4_div_clk_wiz_1  {rise@0.000ns fall@2.500ns period=5.000ns})
  Path Group:             (none)
  Path Type:              Hold (Min at Fast Process Corner)
  Data Path Delay:        1.722ns  (logic 0.303ns (17.599%)  route 1.419ns (82.401%))
  Logic Levels:           2  (IBUF=1 LUT2=1)
  Clock Path Skew:        -0.883ns (DCD - SCD - CPR)
    Destination Clock Delay (DCD):    -0.883ns
    Source Clock Delay      (SCD):    0.000ns
    Clock Pessimism Removal (CPR):    -0.000ns

    Location             Delay type                Incr(ns)  Path(ns)    Netlist Resource(s)
  -------------------------------------------------------------------    -------------------
    E2                                                0.000     0.000 r  SW[3] (IN)
                         net (fo=0)                   0.000     0.000    SW[3]
    E2                   IBUF (Prop_ibuf_I_O)         0.258     0.258 r  SW_IBUF[3]_inst/O
                         net (fo=2, routed)           1.099     1.357    SW_IBUF[3]
    SLICE_X54Y25         LUT2 (Prop_lut2_I0_O)        0.045     1.402 r  rn_rst_ctr[0]_i_1/O
                         net (fo=16, routed)          0.320     1.722    rn_rst_ctr0
    SLICE_X52Y22         FDRE                                         r  rn_rst_ctr_reg[13]/R
  -------------------------------------------------------------------    -------------------

                         (clock clk_out4_div_clk_wiz_1 rise edge)
                                                      0.000     0.000 r  
    N15                                               0.000     0.000 r  DDR3_CLK100 (IN)
                         net (fo=0)                   0.000     0.000    clkgen_ddr3ctrl_instance/inst/clk_in1
    N15                  IBUF (Prop_ibuf_I_O)         0.396     0.396 r  clkgen_ddr3ctrl_instance/inst/clkin1_ibufg/O
                         net (fo=1, routed)           0.480     0.876    clkgen_ddr3ctrl_instance/inst/clk_in1_clk_wiz_1
    MMCME2_ADV_X0Y0      MMCME2_ADV (Prop_mmcme2_adv_CLKIN1_CLKOUT4)
                                                     -3.145    -2.269 r  clkgen_ddr3ctrl_instance/inst/mmcm_adv_inst/CLKOUT4
                         net (fo=1, routed)           0.534    -1.735    clkgen_ddr3ctrl_instance/inst/clk_out4_div_clk_wiz_1
    BUFGCTRL_X0Y0        BUFG (Prop_bufg_I_O)         0.029    -1.706 r  clkgen_ddr3ctrl_instance/inst/clkout5_buf/O
                         net (fo=1800, routed)        0.824    -0.883    w_clk_div
    SLICE_X52Y22         FDRE                                         r  rn_rst_ctr_reg[13]/C

Slack:                    inf
  Source:                 SW[3]
                            (input port)
  Destination:            rn_rst_ctr_reg[14]/S
                            (rising edge-triggered cell FDSE clocked by clk_out4_div_clk_wiz_1  {rise@0.000ns fall@2.500ns period=5.000ns})
  Path Group:             (none)
  Path Type:              Hold (Min at Fast Process Corner)
  Data Path Delay:        1.722ns  (logic 0.303ns (17.599%)  route 1.419ns (82.401%))
  Logic Levels:           2  (IBUF=1 LUT2=1)
  Clock Path Skew:        -0.883ns (DCD - SCD - CPR)
    Destination Clock Delay (DCD):    -0.883ns
    Source Clock Delay      (SCD):    0.000ns
    Clock Pessimism Removal (CPR):    -0.000ns

    Location             Delay type                Incr(ns)  Path(ns)    Netlist Resource(s)
  -------------------------------------------------------------------    -------------------
    E2                                                0.000     0.000 r  SW[3] (IN)
                         net (fo=0)                   0.000     0.000    SW[3]
    E2                   IBUF (Prop_ibuf_I_O)         0.258     0.258 r  SW_IBUF[3]_inst/O
                         net (fo=2, routed)           1.099     1.357    SW_IBUF[3]
    SLICE_X54Y25         LUT2 (Prop_lut2_I0_O)        0.045     1.402 r  rn_rst_ctr[0]_i_1/O
                         net (fo=16, routed)          0.320     1.722    rn_rst_ctr0
    SLICE_X52Y22         FDSE                                         r  rn_rst_ctr_reg[14]/S
  -------------------------------------------------------------------    -------------------

                         (clock clk_out4_div_clk_wiz_1 rise edge)
                                                      0.000     0.000 r  
    N15                                               0.000     0.000 r  DDR3_CLK100 (IN)
                         net (fo=0)                   0.000     0.000    clkgen_ddr3ctrl_instance/inst/clk_in1
    N15                  IBUF (Prop_ibuf_I_O)         0.396     0.396 r  clkgen_ddr3ctrl_instance/inst/clkin1_ibufg/O
                         net (fo=1, routed)           0.480     0.876    clkgen_ddr3ctrl_instance/inst/clk_in1_clk_wiz_1
    MMCME2_ADV_X0Y0      MMCME2_ADV (Prop_mmcme2_adv_CLKIN1_CLKOUT4)
                                                     -3.145    -2.269 r  clkgen_ddr3ctrl_instance/inst/mmcm_adv_inst/CLKOUT4
                         net (fo=1, routed)           0.534    -1.735    clkgen_ddr3ctrl_instance/inst/clk_out4_div_clk_wiz_1
    BUFGCTRL_X0Y0        BUFG (Prop_bufg_I_O)         0.029    -1.706 r  clkgen_ddr3ctrl_instance/inst/clkout5_buf/O
                         net (fo=1800, routed)        0.824    -0.883    w_clk_div
    SLICE_X52Y22         FDSE                                         r  rn_rst_ctr_reg[14]/C

Slack:                    inf
  Source:                 SW[3]
                            (input port)
  Destination:            rn_rst_ctr_reg[15]/S
                            (rising edge-triggered cell FDSE clocked by clk_out4_div_clk_wiz_1  {rise@0.000ns fall@2.500ns period=5.000ns})
  Path Group:             (none)
  Path Type:              Hold (Min at Fast Process Corner)
  Data Path Delay:        1.722ns  (logic 0.303ns (17.599%)  route 1.419ns (82.401%))
  Logic Levels:           2  (IBUF=1 LUT2=1)
  Clock Path Skew:        -0.883ns (DCD - SCD - CPR)
    Destination Clock Delay (DCD):    -0.883ns
    Source Clock Delay      (SCD):    0.000ns
    Clock Pessimism Removal (CPR):    -0.000ns

    Location             Delay type                Incr(ns)  Path(ns)    Netlist Resource(s)
  -------------------------------------------------------------------    -------------------
    E2                                                0.000     0.000 r  SW[3] (IN)
                         net (fo=0)                   0.000     0.000    SW[3]
    E2                   IBUF (Prop_ibuf_I_O)         0.258     0.258 r  SW_IBUF[3]_inst/O
                         net (fo=2, routed)           1.099     1.357    SW_IBUF[3]
    SLICE_X54Y25         LUT2 (Prop_lut2_I0_O)        0.045     1.402 r  rn_rst_ctr[0]_i_1/O
                         net (fo=16, routed)          0.320     1.722    rn_rst_ctr0
    SLICE_X52Y22         FDSE                                         r  rn_rst_ctr_reg[15]/S
  -------------------------------------------------------------------    -------------------

                         (clock clk_out4_div_clk_wiz_1 rise edge)
                                                      0.000     0.000 r  
    N15                                               0.000     0.000 r  DDR3_CLK100 (IN)
                         net (fo=0)                   0.000     0.000    clkgen_ddr3ctrl_instance/inst/clk_in1
    N15                  IBUF (Prop_ibuf_I_O)         0.396     0.396 r  clkgen_ddr3ctrl_instance/inst/clkin1_ibufg/O
                         net (fo=1, routed)           0.480     0.876    clkgen_ddr3ctrl_instance/inst/clk_in1_clk_wiz_1
    MMCME2_ADV_X0Y0      MMCME2_ADV (Prop_mmcme2_adv_CLKIN1_CLKOUT4)
                                                     -3.145    -2.269 r  clkgen_ddr3ctrl_instance/inst/mmcm_adv_inst/CLKOUT4
                         net (fo=1, routed)           0.534    -1.735    clkgen_ddr3ctrl_instance/inst/clk_out4_div_clk_wiz_1
    BUFGCTRL_X0Y0        BUFG (Prop_bufg_I_O)         0.029    -1.706 r  clkgen_ddr3ctrl_instance/inst/clkout5_buf/O
                         net (fo=1800, routed)        0.824    -0.883    w_clk_div
    SLICE_X52Y22         FDSE                                         r  rn_rst_ctr_reg[15]/C

Slack:                    inf
  Source:                 SW[3]
                            (input port)
  Destination:            rn_rst_ctr_reg[0]/R
                            (rising edge-triggered cell FDRE clocked by clk_out4_div_clk_wiz_1  {rise@0.000ns fall@2.500ns period=5.000ns})
  Path Group:             (none)
  Path Type:              Hold (Min at Fast Process Corner)
  Data Path Delay:        1.797ns  (logic 0.303ns (16.860%)  route 1.494ns (83.140%))
  Logic Levels:           2  (IBUF=1 LUT2=1)
  Clock Path Skew:        -0.880ns (DCD - SCD - CPR)
    Destination Clock Delay (DCD):    -0.880ns
    Source Clock Delay      (SCD):    0.000ns
    Clock Pessimism Removal (CPR):    -0.000ns

    Location             Delay type                Incr(ns)  Path(ns)    Netlist Resource(s)
  -------------------------------------------------------------------    -------------------
    E2                                                0.000     0.000 r  SW[3] (IN)
                         net (fo=0)                   0.000     0.000    SW[3]
    E2                   IBUF (Prop_ibuf_I_O)         0.258     0.258 r  SW_IBUF[3]_inst/O
                         net (fo=2, routed)           1.099     1.357    SW_IBUF[3]
    SLICE_X54Y25         LUT2 (Prop_lut2_I0_O)        0.045     1.402 r  rn_rst_ctr[0]_i_1/O
                         net (fo=16, routed)          0.395     1.797    rn_rst_ctr0
    SLICE_X52Y19         FDRE                                         r  rn_rst_ctr_reg[0]/R
  -------------------------------------------------------------------    -------------------

                         (clock clk_out4_div_clk_wiz_1 rise edge)
                                                      0.000     0.000 r  
    N15                                               0.000     0.000 r  DDR3_CLK100 (IN)
                         net (fo=0)                   0.000     0.000    clkgen_ddr3ctrl_instance/inst/clk_in1
    N15                  IBUF (Prop_ibuf_I_O)         0.396     0.396 r  clkgen_ddr3ctrl_instance/inst/clkin1_ibufg/O
                         net (fo=1, routed)           0.480     0.876    clkgen_ddr3ctrl_instance/inst/clk_in1_clk_wiz_1
    MMCME2_ADV_X0Y0      MMCME2_ADV (Prop_mmcme2_adv_CLKIN1_CLKOUT4)
                                                     -3.145    -2.269 r  clkgen_ddr3ctrl_instance/inst/mmcm_adv_inst/CLKOUT4
                         net (fo=1, routed)           0.534    -1.735    clkgen_ddr3ctrl_instance/inst/clk_out4_div_clk_wiz_1
    BUFGCTRL_X0Y0        BUFG (Prop_bufg_I_O)         0.029    -1.706 r  clkgen_ddr3ctrl_instance/inst/clkout5_buf/O
                         net (fo=1800, routed)        0.827    -0.880    w_clk_div
    SLICE_X52Y19         FDRE                                         r  rn_rst_ctr_reg[0]/C

Slack:                    inf
  Source:                 SW[3]
                            (input port)
  Destination:            rn_rst_ctr_reg[1]/R
                            (rising edge-triggered cell FDRE clocked by clk_out4_div_clk_wiz_1  {rise@0.000ns fall@2.500ns period=5.000ns})
  Path Group:             (none)
  Path Type:              Hold (Min at Fast Process Corner)
  Data Path Delay:        1.797ns  (logic 0.303ns (16.860%)  route 1.494ns (83.140%))
  Logic Levels:           2  (IBUF=1 LUT2=1)
  Clock Path Skew:        -0.880ns (DCD - SCD - CPR)
    Destination Clock Delay (DCD):    -0.880ns
    Source Clock Delay      (SCD):    0.000ns
    Clock Pessimism Removal (CPR):    -0.000ns

    Location             Delay type                Incr(ns)  Path(ns)    Netlist Resource(s)
  -------------------------------------------------------------------    -------------------
    E2                                                0.000     0.000 r  SW[3] (IN)
                         net (fo=0)                   0.000     0.000    SW[3]
    E2                   IBUF (Prop_ibuf_I_O)         0.258     0.258 r  SW_IBUF[3]_inst/O
                         net (fo=2, routed)           1.099     1.357    SW_IBUF[3]
    SLICE_X54Y25         LUT2 (Prop_lut2_I0_O)        0.045     1.402 r  rn_rst_ctr[0]_i_1/O
                         net (fo=16, routed)          0.395     1.797    rn_rst_ctr0
    SLICE_X52Y19         FDRE                                         r  rn_rst_ctr_reg[1]/R
  -------------------------------------------------------------------    -------------------

                         (clock clk_out4_div_clk_wiz_1 rise edge)
                                                      0.000     0.000 r  
    N15                                               0.000     0.000 r  DDR3_CLK100 (IN)
                         net (fo=0)                   0.000     0.000    clkgen_ddr3ctrl_instance/inst/clk_in1
    N15                  IBUF (Prop_ibuf_I_O)         0.396     0.396 r  clkgen_ddr3ctrl_instance/inst/clkin1_ibufg/O
                         net (fo=1, routed)           0.480     0.876    clkgen_ddr3ctrl_instance/inst/clk_in1_clk_wiz_1
    MMCME2_ADV_X0Y0      MMCME2_ADV (Prop_mmcme2_adv_CLKIN1_CLKOUT4)
                                                     -3.145    -2.269 r  clkgen_ddr3ctrl_instance/inst/mmcm_adv_inst/CLKOUT4
                         net (fo=1, routed)           0.534    -1.735    clkgen_ddr3ctrl_instance/inst/clk_out4_div_clk_wiz_1
    BUFGCTRL_X0Y0        BUFG (Prop_bufg_I_O)         0.029    -1.706 r  clkgen_ddr3ctrl_instance/inst/clkout5_buf/O
                         net (fo=1800, routed)        0.827    -0.880    w_clk_div
    SLICE_X52Y19         FDRE                                         r  rn_rst_ctr_reg[1]/C

Slack:                    inf
  Source:                 SW[3]
                            (input port)
  Destination:            rn_rst_ctr_reg[2]/R
                            (rising edge-triggered cell FDRE clocked by clk_out4_div_clk_wiz_1  {rise@0.000ns fall@2.500ns period=5.000ns})
  Path Group:             (none)
  Path Type:              Hold (Min at Fast Process Corner)
  Data Path Delay:        1.797ns  (logic 0.303ns (16.860%)  route 1.494ns (83.140%))
  Logic Levels:           2  (IBUF=1 LUT2=1)
  Clock Path Skew:        -0.880ns (DCD - SCD - CPR)
    Destination Clock Delay (DCD):    -0.880ns
    Source Clock Delay      (SCD):    0.000ns
    Clock Pessimism Removal (CPR):    -0.000ns

    Location             Delay type                Incr(ns)  Path(ns)    Netlist Resource(s)
  -------------------------------------------------------------------    -------------------
    E2                                                0.000     0.000 r  SW[3] (IN)
                         net (fo=0)                   0.000     0.000    SW[3]
    E2                   IBUF (Prop_ibuf_I_O)         0.258     0.258 r  SW_IBUF[3]_inst/O
                         net (fo=2, routed)           1.099     1.357    SW_IBUF[3]
    SLICE_X54Y25         LUT2 (Prop_lut2_I0_O)        0.045     1.402 r  rn_rst_ctr[0]_i_1/O
                         net (fo=16, routed)          0.395     1.797    rn_rst_ctr0
    SLICE_X52Y19         FDRE                                         r  rn_rst_ctr_reg[2]/R
  -------------------------------------------------------------------    -------------------

                         (clock clk_out4_div_clk_wiz_1 rise edge)
                                                      0.000     0.000 r  
    N15                                               0.000     0.000 r  DDR3_CLK100 (IN)
                         net (fo=0)                   0.000     0.000    clkgen_ddr3ctrl_instance/inst/clk_in1
    N15                  IBUF (Prop_ibuf_I_O)         0.396     0.396 r  clkgen_ddr3ctrl_instance/inst/clkin1_ibufg/O
                         net (fo=1, routed)           0.480     0.876    clkgen_ddr3ctrl_instance/inst/clk_in1_clk_wiz_1
    MMCME2_ADV_X0Y0      MMCME2_ADV (Prop_mmcme2_adv_CLKIN1_CLKOUT4)
                                                     -3.145    -2.269 r  clkgen_ddr3ctrl_instance/inst/mmcm_adv_inst/CLKOUT4
                         net (fo=1, routed)           0.534    -1.735    clkgen_ddr3ctrl_instance/inst/clk_out4_div_clk_wiz_1
    BUFGCTRL_X0Y0        BUFG (Prop_bufg_I_O)         0.029    -1.706 r  clkgen_ddr3ctrl_instance/inst/clkout5_buf/O
                         net (fo=1800, routed)        0.827    -0.880    w_clk_div
    SLICE_X52Y19         FDRE                                         r  rn_rst_ctr_reg[2]/C





